Island,Month,Year,Arrival_Type,Arrivals
HAWAI'I ISLAND,4,1990,Domestic,71662.94584469666
HAWAI'I ISLAND,4,1990,International,16898.8540826457
HAWAI'I ISLAND,4,1990,Total,88561.79992734236
HAWAI'I ISLAND,8,1990,Domestic,79558.55514726302
HAWAI'I ISLAND,8,1990,International,23867.40349533805
HAWAI'I ISLAND,8,1990,Total,103425.95864260106
HAWAI'I ISLAND,12,1990,Domestic,67746.96774301745
HAWAI'I ISLAND,12,1990,International,21666.45358211477
HAWAI'I ISLAND,12,1990,Total,89413.42132513222
HAWAI'I ISLAND,2,1990,Domestic,78890.97179753454
HAWAI'I ISLAND,2,1990,International,18075.927319627273
HAWAI'I ISLAND,2,1990,Total,96966.89911716181
HAWAI'I ISLAND,1,1990,Domestic,81830.39910341565
HAWAI'I ISLAND,1,1990,International,20547.826613875844
HAWAI'I ISLAND,1,1990,Total,102378.2257172915
HAWAI'I ISLAND,7,1990,Domestic,81775.57471203266
HAWAI'I ISLAND,7,1990,International,20503.725651729594
HAWAI'I ISLAND,7,1990,Total,102279.30036376225
HAWAI'I ISLAND,6,1990,Domestic,81125.55657183062
HAWAI'I ISLAND,6,1990,International,20587.941290842162
HAWAI'I ISLAND,6,1990,Total,101713.49786267278
HAWAI'I ISLAND,3,1990,Domestic,77904.07829315933
HAWAI'I ISLAND,3,1990,International,16085.435776000744
HAWAI'I ISLAND,3,1990,Total,93989.51406916007
HAWAI'I ISLAND,5,1990,Domestic,71705.87870727837
HAWAI'I ISLAND,5,1990,International,14158.8806063755
HAWAI'I ISLAND,5,1990,Total,85864.75931365388
HAWAI'I ISLAND,11,1990,Domestic,71311.83164933896
HAWAI'I ISLAND,11,1990,International,17986.18311399408
HAWAI'I ISLAND,11,1990,Total,89298.01476333303
HAWAI'I ISLAND,10,1990,Domestic,78826.4541281048
HAWAI'I ISLAND,10,1990,International,17037.82102309802
HAWAI'I ISLAND,10,1990,Total,95864.27515120282
HAWAI'I ISLAND,9,1990,Domestic,64871.06803457908
HAWAI'I ISLAND,9,1990,International,12746.45733987456
HAWAI'I ISLAND,9,1990,Total,77617.52537445365
HAWAI'I ISLAND,4,1991,Domestic,78078.00358064822
HAWAI'I ISLAND,4,1991,International,17771.19886547181
HAWAI'I ISLAND,4,1991,Total,95849.20244612003
HAWAI'I ISLAND,8,1991,Domestic,76550.50812206753
HAWAI'I ISLAND,8,1991,International,24864.58468475722
HAWAI'I ISLAND,8,1991,Total,101415.09280682476
HAWAI'I ISLAND,12,1991,Domestic,62793.558675654596
HAWAI'I ISLAND,12,1991,International,25606.594512301268
HAWAI'I ISLAND,12,1991,Total,88400.15318795586
HAWAI'I ISLAND,2,1991,Domestic,66472.92826021175
HAWAI'I ISLAND,2,1991,International,14099.899795454514
HAWAI'I ISLAND,2,1991,Total,80572.82805566626
HAWAI'I ISLAND,1,1991,Domestic,75574.5792245282
HAWAI'I ISLAND,1,1991,International,23787.552047874728
HAWAI'I ISLAND,1,1991,Total,99362.13127240294
HAWAI'I ISLAND,7,1991,Domestic,90427.41338516332
HAWAI'I ISLAND,7,1991,International,24585.33834539554
HAWAI'I ISLAND,7,1991,Total,115012.75173055887
HAWAI'I ISLAND,6,1991,Domestic,77034.86480781209
HAWAI'I ISLAND,6,1991,International,15016.69687291677
HAWAI'I ISLAND,6,1991,Total,92051.56168072886
HAWAI'I ISLAND,3,1991,Domestic,79349.82170412308
HAWAI'I ISLAND,3,1991,International,17625.23935222298
HAWAI'I ISLAND,3,1991,Total,96975.06105634607
HAWAI'I ISLAND,5,1991,Domestic,74376.85465613849
HAWAI'I ISLAND,5,1991,International,18335.402859513728
HAWAI'I ISLAND,5,1991,Total,92712.25751565222
HAWAI'I ISLAND,11,1991,Domestic,65987.42236682023
HAWAI'I ISLAND,11,1991,International,21001.807404092935
HAWAI'I ISLAND,11,1991,Total,86989.22977091317
HAWAI'I ISLAND,10,1991,Domestic,66932.88656975843
HAWAI'I ISLAND,10,1991,International,21479.421094390145
HAWAI'I ISLAND,10,1991,Total,88412.30766414857
HAWAI'I ISLAND,9,1991,Domestic,54816.339261462395
HAWAI'I ISLAND,9,1991,International,18466.04883171661
HAWAI'I ISLAND,9,1991,Total,73282.388093179
HAWAI'I ISLAND,4,1992,Domestic,70183.04165842016
HAWAI'I ISLAND,4,1992,International,18672.08249692529
HAWAI'I ISLAND,4,1992,Total,88855.12415534545
HAWAI'I ISLAND,8,1992,Domestic,70850.43595479341
HAWAI'I ISLAND,8,1992,International,19482.203592273145
HAWAI'I ISLAND,8,1992,Total,90332.63954706656
HAWAI'I ISLAND,12,1992,Domestic,74862.73048723093
HAWAI'I ISLAND,12,1992,International,29765.42568044522
HAWAI'I ISLAND,12,1992,Total,104628.15616767615
HAWAI'I ISLAND,2,1992,Domestic,59034.00302790512
HAWAI'I ISLAND,2,1992,International,20288.529761104495
HAWAI'I ISLAND,2,1992,Total,79322.53278900962
HAWAI'I ISLAND,1,1992,Domestic,71291.61657497569
HAWAI'I ISLAND,1,1992,International,22841.116053203932
HAWAI'I ISLAND,1,1992,Total,94132.73262817963
HAWAI'I ISLAND,7,1992,Domestic,74329.90231852066
HAWAI'I ISLAND,7,1992,International,23878.266130913365
HAWAI'I ISLAND,7,1992,Total,98208.16844943403
HAWAI'I ISLAND,6,1992,Domestic,71261.47291764738
HAWAI'I ISLAND,6,1992,International,26873.62714269949
HAWAI'I ISLAND,6,1992,Total,98135.10006034687
HAWAI'I ISLAND,3,1992,Domestic,70952.43458296239
HAWAI'I ISLAND,3,1992,International,18846.488988695626
HAWAI'I ISLAND,3,1992,Total,89798.92357165802
HAWAI'I ISLAND,5,1992,Domestic,62486.659033590244
HAWAI'I ISLAND,5,1992,International,23943.977445176417
HAWAI'I ISLAND,5,1992,Total,86430.63647876665
HAWAI'I ISLAND,11,1992,Domestic,87481.04485963969
HAWAI'I ISLAND,11,1992,International,21484.321594620254
HAWAI'I ISLAND,11,1992,Total,108965.36645425994
HAWAI'I ISLAND,10,1992,Domestic,94004.92775417103
HAWAI'I ISLAND,10,1992,International,21364.455793686986
HAWAI'I ISLAND,10,1992,Total,115369.38354785801
HAWAI'I ISLAND,9,1992,Domestic,67977.9329381694
HAWAI'I ISLAND,9,1992,International,17821.626362036888
HAWAI'I ISLAND,9,1992,Total,85799.55930020628
HAWAI'I ISLAND,4,1993,Domestic,70160.45841554369
HAWAI'I ISLAND,4,1993,International,22000.58626291046
HAWAI'I ISLAND,4,1993,Total,92161.04467845414
HAWAI'I ISLAND,8,1993,Domestic,73542.695480331
HAWAI'I ISLAND,8,1993,International,21754.669427689274
HAWAI'I ISLAND,8,1993,Total,95297.36490802027
HAWAI'I ISLAND,12,1993,Domestic,60625.583895767326
HAWAI'I ISLAND,12,1993,International,18782.091086383876
HAWAI'I ISLAND,12,1993,Total,79407.6749821512
HAWAI'I ISLAND,2,1993,Domestic,73013.69765424906
HAWAI'I ISLAND,2,1993,International,22246.42985624865
HAWAI'I ISLAND,2,1993,Total,95260.12751049771
HAWAI'I ISLAND,1,1993,Domestic,74534.85681076716
HAWAI'I ISLAND,1,1993,International,37316.04359417593
HAWAI'I ISLAND,1,1993,Total,111850.9004049431
HAWAI'I ISLAND,7,1993,Domestic,76869.32166395895
HAWAI'I ISLAND,7,1993,International,19421.034191645187
HAWAI'I ISLAND,7,1993,Total,96290.35585560414
HAWAI'I ISLAND,6,1993,Domestic,66979.85231331897
HAWAI'I ISLAND,6,1993,International,22777.226551902677
HAWAI'I ISLAND,6,1993,Total,89757.07886522164
HAWAI'I ISLAND,3,1993,Domestic,76033.89404857342
HAWAI'I ISLAND,3,1993,International,26021.305904887016
HAWAI'I ISLAND,3,1993,Total,102055.19995346044
HAWAI'I ISLAND,5,1993,Domestic,61601.8921931559
HAWAI'I ISLAND,5,1993,International,23711.658096279076
HAWAI'I ISLAND,5,1993,Total,85313.55028943498
HAWAI'I ISLAND,11,1993,Domestic,66803.62638015219
HAWAI'I ISLAND,11,1993,International,17933.86440027006
HAWAI'I ISLAND,11,1993,Total,84737.49078042225
HAWAI'I ISLAND,10,1993,Domestic,75076.29953671696
HAWAI'I ISLAND,10,1993,International,22380.401342728004
HAWAI'I ISLAND,10,1993,Total,97456.70087944496
HAWAI'I ISLAND,9,1993,Domestic,60224.3831288041
HAWAI'I ISLAND,9,1993,International,27844.02930864289
HAWAI'I ISLAND,9,1993,Total,88068.41243744698
HAWAI'I ISLAND,4,1994,Domestic,71697.02517004934
HAWAI'I ISLAND,4,1994,International,17593.853146319576
HAWAI'I ISLAND,4,1994,Total,89290.87831636891
HAWAI'I ISLAND,8,1994,Domestic,66381.14558115318
HAWAI'I ISLAND,8,1994,International,19697.69073172483
HAWAI'I ISLAND,8,1994,Total,86078.836312878
HAWAI'I ISLAND,12,1994,Domestic,66721.98836144879
HAWAI'I ISLAND,12,1994,International,20453.265705890884
HAWAI'I ISLAND,12,1994,Total,87175.25406733967
HAWAI'I ISLAND,2,1994,Domestic,70847.86569590148
HAWAI'I ISLAND,2,1994,International,28501.34510158968
HAWAI'I ISLAND,2,1994,Total,99349.21079749116
HAWAI'I ISLAND,1,1994,Domestic,63551.77293454808
HAWAI'I ISLAND,1,1994,International,23520.415355450867
HAWAI'I ISLAND,1,1994,Total,87072.18828999894
HAWAI'I ISLAND,7,1994,Domestic,75407.93872107318
HAWAI'I ISLAND,7,1994,International,22218.15107083031
HAWAI'I ISLAND,7,1994,Total,97626.08979190349
HAWAI'I ISLAND,6,1994,Domestic,73030.22485500676
HAWAI'I ISLAND,6,1994,International,18399.61828864851
HAWAI'I ISLAND,6,1994,Total,91429.84314365528
HAWAI'I ISLAND,3,1994,Domestic,83200.52572998495
HAWAI'I ISLAND,3,1994,International,21701.80938433471
HAWAI'I ISLAND,3,1994,Total,104902.33511431966
HAWAI'I ISLAND,5,1994,Domestic,59300.34330923469
HAWAI'I ISLAND,5,1994,International,25357.68695861688
HAWAI'I ISLAND,5,1994,Total,84658.03026785157
HAWAI'I ISLAND,11,1994,Domestic,73250.24768724441
HAWAI'I ISLAND,11,1994,International,14081.717749854144
HAWAI'I ISLAND,11,1994,Total,87331.96543709855
HAWAI'I ISLAND,10,1994,Domestic,69198.2830241115
HAWAI'I ISLAND,10,1994,International,24257.17561776642
HAWAI'I ISLAND,10,1994,Total,93455.45864187792
HAWAI'I ISLAND,9,1994,Domestic,54304.858904056295
HAWAI'I ISLAND,9,1994,International,16860.018053716598
HAWAI'I ISLAND,9,1994,Total,71164.8769577729
HAWAI'I ISLAND,4,1995,Domestic,68199.65639378641
HAWAI'I ISLAND,4,1995,International,13101.614828560672
HAWAI'I ISLAND,4,1995,Total,81301.27122234709
HAWAI'I ISLAND,8,1995,Domestic,64761.11596814521
HAWAI'I ISLAND,8,1995,International,24656.339256268155
HAWAI'I ISLAND,8,1995,Total,89417.45522441337
HAWAI'I ISLAND,12,1995,Domestic,63855.14550021602
HAWAI'I ISLAND,12,1995,International,25530.353490773632
HAWAI'I ISLAND,12,1995,Total,89385.49899098965
HAWAI'I ISLAND,2,1995,Domestic,75532.0145042173
HAWAI'I ISLAND,2,1995,International,16148.2815983038
HAWAI'I ISLAND,2,1995,Total,91680.2961025211
HAWAI'I ISLAND,1,1995,Domestic,71338.89895166068
HAWAI'I ISLAND,1,1995,International,20703.914158725547
HAWAI'I ISLAND,1,1995,Total,92042.81311038623
HAWAI'I ISLAND,7,1995,Domestic,74794.85536728539
HAWAI'I ISLAND,7,1995,International,40182.37628305295
HAWAI'I ISLAND,7,1995,Total,114977.23165033833
HAWAI'I ISLAND,6,1995,Domestic,70380.58790524244
HAWAI'I ISLAND,6,1995,International,24479.964560194498
HAWAI'I ISLAND,6,1995,Total,94860.55246543694
HAWAI'I ISLAND,3,1995,Domestic,75499.66633074621
HAWAI'I ISLAND,3,1995,International,24065.626677204633
HAWAI'I ISLAND,3,1995,Total,99565.29300795085
HAWAI'I ISLAND,5,1995,Domestic,58368.26074516477
HAWAI'I ISLAND,5,1995,International,23562.970018844935
HAWAI'I ISLAND,5,1995,Total,81931.2307640097
HAWAI'I ISLAND,11,1995,Domestic,64013.398842951276
HAWAI'I ISLAND,11,1995,International,18847.47073409927
HAWAI'I ISLAND,11,1995,Total,82860.86957705054
HAWAI'I ISLAND,10,1995,Domestic,71131.97423875568
HAWAI'I ISLAND,10,1995,International,21944.75471155558
HAWAI'I ISLAND,10,1995,Total,93076.72895031126
HAWAI'I ISLAND,9,1995,Domestic,53320.9994320064
HAWAI'I ISLAND,9,1995,International,16626.900366805276
HAWAI'I ISLAND,9,1995,Total,69947.89979881168
HAWAI'I ISLAND,4,1996,Domestic,66433.55705304915
HAWAI'I ISLAND,4,1996,International,9973.18303365566
HAWAI'I ISLAND,4,1996,Total,76406.74008670481
HAWAI'I ISLAND,8,1996,Domestic,73494.9489220736
HAWAI'I ISLAND,8,1996,International,38403.85253986139
HAWAI'I ISLAND,8,1996,Total,111898.80146193499
HAWAI'I ISLAND,12,1996,Domestic,67478.77976918148
HAWAI'I ISLAND,12,1996,International,35529.40181690179
HAWAI'I ISLAND,12,1996,Total,103008.18158608326
HAWAI'I ISLAND,2,1996,Domestic,75946.69803901583
HAWAI'I ISLAND,2,1996,International,16190.288878195273
HAWAI'I ISLAND,2,1996,Total,92136.9869172111
HAWAI'I ISLAND,1,1996,Domestic,67931.78927328739
HAWAI'I ISLAND,1,1996,International,18303.197208697995
HAWAI'I ISLAND,1,1996,Total,86234.98648198538
HAWAI'I ISLAND,7,1996,Domestic,75829.06146625425
HAWAI'I ISLAND,7,1996,International,36040.70016933272
HAWAI'I ISLAND,7,1996,Total,111869.76163558697
HAWAI'I ISLAND,6,1996,Domestic,77387.65465140162
HAWAI'I ISLAND,6,1996,International,37711.22736829836
HAWAI'I ISLAND,6,1996,Total,115098.88201969999
HAWAI'I ISLAND,3,1996,Domestic,73529.99396670761
HAWAI'I ISLAND,3,1996,International,19442.43037753901
HAWAI'I ISLAND,3,1996,Total,92972.42434424662
HAWAI'I ISLAND,5,1996,Domestic,65650.07166428216
HAWAI'I ISLAND,5,1996,International,27195.044095634676
HAWAI'I ISLAND,5,1996,Total,92845.11575991684
HAWAI'I ISLAND,11,1996,Domestic,65561.7020449478
HAWAI'I ISLAND,11,1996,International,30284.880176245504
HAWAI'I ISLAND,11,1996,Total,95846.5822211933
HAWAI'I ISLAND,10,1996,Domestic,70913.86030354221
HAWAI'I ISLAND,10,1996,International,28222.594619359636
HAWAI'I ISLAND,10,1996,Total,99136.45492290184
HAWAI'I ISLAND,9,1996,Domestic,58533.552719599415
HAWAI'I ISLAND,9,1996,International,27711.33543626544
HAWAI'I ISLAND,9,1996,Total,86244.88815586486
HAWAI'I ISLAND,4,1997,Domestic,73581.92364271356
HAWAI'I ISLAND,4,1997,International,24409.22721162475
HAWAI'I ISLAND,4,1997,Total,97991.15085433831
HAWAI'I ISLAND,8,1997,Domestic,76303.28460544039
HAWAI'I ISLAND,8,1997,International,43797.07661997807
HAWAI'I ISLAND,8,1997,Total,120100.36122541846
HAWAI'I ISLAND,12,1997,Domestic,71771.76067877449
HAWAI'I ISLAND,12,1997,International,30332.388400360283
HAWAI'I ISLAND,12,1997,Total,102104.14907913478
HAWAI'I ISLAND,2,1997,Domestic,76117.84124015301
HAWAI'I ISLAND,2,1997,International,34401.32862014106
HAWAI'I ISLAND,2,1997,Total,110519.16986029406
HAWAI'I ISLAND,1,1997,Domestic,71264.46782034215
HAWAI'I ISLAND,1,1997,International,30972.364654335943
HAWAI'I ISLAND,1,1997,Total,102236.83247467809
HAWAI'I ISLAND,7,1997,Domestic,78024.02021556387
HAWAI'I ISLAND,7,1997,International,33993.208875842836
HAWAI'I ISLAND,7,1997,Total,112017.22909140671
HAWAI'I ISLAND,6,1997,Domestic,73620.72918496831
HAWAI'I ISLAND,6,1997,International,18729.370581724626
HAWAI'I ISLAND,6,1997,Total,92350.09976669293
HAWAI'I ISLAND,3,1997,Domestic,83306.50130454922
HAWAI'I ISLAND,3,1997,International,32500.90179516486
HAWAI'I ISLAND,3,1997,Total,115807.40309971408
HAWAI'I ISLAND,5,1997,Domestic,64616.1862254245
HAWAI'I ISLAND,5,1997,International,23660.77435897333
HAWAI'I ISLAND,5,1997,Total,88276.96058439784
HAWAI'I ISLAND,11,1997,Domestic,72083.25056043413
HAWAI'I ISLAND,11,1997,International,20369.25079867491
HAWAI'I ISLAND,11,1997,Total,92452.50135910904
HAWAI'I ISLAND,10,1997,Domestic,71798.66104572256
HAWAI'I ISLAND,10,1997,International,25872.447547266394
HAWAI'I ISLAND,10,1997,Total,97671.10859298895
HAWAI'I ISLAND,9,1997,Domestic,59891.86671511452
HAWAI'I ISLAND,9,1997,International,13662.152320297093
HAWAI'I ISLAND,9,1997,Total,73554.01903541162
HAWAI'I ISLAND,4,1998,Domestic,77432.60047766623
HAWAI'I ISLAND,4,1998,International,27099.506968639267
HAWAI'I ISLAND,4,1998,Total,104532.1074463055
HAWAI'I ISLAND,8,1998,Domestic,74963.22425325082
HAWAI'I ISLAND,8,1998,International,42998.66278580774
HAWAI'I ISLAND,8,1998,Total,117961.88703905857
HAWAI'I ISLAND,12,1998,Domestic,76353.59681308214
HAWAI'I ISLAND,12,1998,International,39563.62026309783
HAWAI'I ISLAND,12,1998,Total,115917.21707617998
HAWAI'I ISLAND,2,1998,Domestic,80025.69374932692
HAWAI'I ISLAND,2,1998,International,45110.519506416524
HAWAI'I ISLAND,2,1998,Total,125136.21325574344
HAWAI'I ISLAND,1,1998,Domestic,75495.71883615475
HAWAI'I ISLAND,1,1998,International,36890.897943870994
HAWAI'I ISLAND,1,1998,Total,112386.61678002574
HAWAI'I ISLAND,7,1998,Domestic,82372.54035001558
HAWAI'I ISLAND,7,1998,International,36193.45156213535
HAWAI'I ISLAND,7,1998,Total,118565.99191215093
HAWAI'I ISLAND,6,1998,Domestic,76831.02060462037
HAWAI'I ISLAND,6,1998,International,30212.343823708987
HAWAI'I ISLAND,6,1998,Total,107043.36442832935
HAWAI'I ISLAND,3,1998,Domestic,83792.95734908254
HAWAI'I ISLAND,3,1998,International,35373.200018509495
HAWAI'I ISLAND,3,1998,Total,119166.15736759204
HAWAI'I ISLAND,5,1998,Domestic,77219.1103673397
HAWAI'I ISLAND,5,1998,International,29652.72800727219
HAWAI'I ISLAND,5,1998,Total,106871.83837461189
HAWAI'I ISLAND,11,1998,Domestic,71393.34628221045
HAWAI'I ISLAND,11,1998,International,32628.181416561903
HAWAI'I ISLAND,11,1998,Total,104021.52769877235
HAWAI'I ISLAND,10,1998,Domestic,82358.33695593779
HAWAI'I ISLAND,10,1998,International,26145.4780722535
HAWAI'I ISLAND,10,1998,Total,108503.81502819128
HAWAI'I ISLAND,9,1998,Domestic,68798.69544323531
HAWAI'I ISLAND,9,1998,International,31862.059220444084
HAWAI'I ISLAND,9,1998,Total,100660.7546636794
HAWAI'I ISLAND,4,1999,Domestic,77727.85964201258
HAWAI'I ISLAND,4,1999,International,27255.48021815875
HAWAI'I ISLAND,4,1999,Total,104983.33986017134
HAWAI'I ISLAND,8,1999,Domestic,79439.9723995998
HAWAI'I ISLAND,8,1999,International,30221.714688249423
HAWAI'I ISLAND,8,1999,Total,109661.68708784923
HAWAI'I ISLAND,12,1999,Domestic,70643.85044193875
HAWAI'I ISLAND,12,1999,International,33118.57556203732
HAWAI'I ISLAND,12,1999,Total,103762.42600397606
HAWAI'I ISLAND,2,1999,Domestic,77832.21255321262
HAWAI'I ISLAND,2,1999,International,31848.065754683466
HAWAI'I ISLAND,2,1999,Total,109680.2783078961
HAWAI'I ISLAND,1,1999,Domestic,76951.48728461537
HAWAI'I ISLAND,1,1999,International,30446.78448302212
HAWAI'I ISLAND,1,1999,Total,107398.27176763749
HAWAI'I ISLAND,7,1999,Domestic,91215.55679657753
HAWAI'I ISLAND,7,1999,International,32702.31243192959
HAWAI'I ISLAND,7,1999,Total,123917.86922850712
HAWAI'I ISLAND,6,1999,Domestic,79550.47743787474
HAWAI'I ISLAND,6,1999,International,28203.175079732537
HAWAI'I ISLAND,6,1999,Total,107753.65251760728
HAWAI'I ISLAND,3,1999,Domestic,87863.88759465243
HAWAI'I ISLAND,3,1999,International,32827.57213847228
HAWAI'I ISLAND,3,1999,Total,120691.4597331247
HAWAI'I ISLAND,5,1999,Domestic,69623.13235856674
HAWAI'I ISLAND,5,1999,International,29652.0975841329
HAWAI'I ISLAND,5,1999,Total,99275.22994269963
HAWAI'I ISLAND,11,1999,Domestic,74146.66411193533
HAWAI'I ISLAND,11,1999,International,28029.48666983323
HAWAI'I ISLAND,11,1999,Total,102176.15078176856
HAWAI'I ISLAND,10,1999,Domestic,91645.46246901168
HAWAI'I ISLAND,10,1999,International,31995.719765648962
HAWAI'I ISLAND,10,1999,Total,123641.18223466064
HAWAI'I ISLAND,9,1999,Domestic,65718.57445097348
HAWAI'I ISLAND,9,1999,International,29059.663066435358
HAWAI'I ISLAND,9,1999,Total,94778.23751740884
HAWAI'I ISLAND,4,2000,Domestic,79895.48504910382
HAWAI'I ISLAND,4,2000,International,26969.771574896633
HAWAI'I ISLAND,4,2000,Total,106865.25662400045
HAWAI'I ISLAND,8,2000,Domestic,77356.0
HAWAI'I ISLAND,8,2000,International,34319.234937900444
HAWAI'I ISLAND,8,2000,Total,111675.23493790044
HAWAI'I ISLAND,12,2000,Domestic,70947.0
HAWAI'I ISLAND,12,2000,International,32789.283059186644
HAWAI'I ISLAND,12,2000,Total,103736.28305918665
HAWAI'I ISLAND,2,2000,Domestic,79038.98756269747
HAWAI'I ISLAND,2,2000,International,29467.448604634796
HAWAI'I ISLAND,2,2000,Total,108506.43616733226
HAWAI'I ISLAND,1,2000,Domestic,66671.0
HAWAI'I ISLAND,1,2000,International,32887.49255982919
HAWAI'I ISLAND,1,2000,Total,99558.49255982919
HAWAI'I ISLAND,7,2000,Domestic,92864.0
HAWAI'I ISLAND,7,2000,International,29981.21466979647
HAWAI'I ISLAND,7,2000,Total,122845.21466979646
HAWAI'I ISLAND,6,2000,Domestic,85769.80389217289
HAWAI'I ISLAND,6,2000,International,24529.603036072258
HAWAI'I ISLAND,6,2000,Total,110299.40692824515
HAWAI'I ISLAND,3,2000,Domestic,87514.35879542031
HAWAI'I ISLAND,3,2000,International,26728.550207453616
HAWAI'I ISLAND,3,2000,Total,114242.90900287393
HAWAI'I ISLAND,5,2000,Domestic,75007.17436129297
HAWAI'I ISLAND,5,2000,International,30083.44608842303
HAWAI'I ISLAND,5,2000,Total,105090.62044971599
HAWAI'I ISLAND,11,2000,Domestic,67109.0
HAWAI'I ISLAND,11,2000,International,23223.883087588503
HAWAI'I ISLAND,11,2000,Total,90332.8830875885
HAWAI'I ISLAND,10,2000,Domestic,80368.0
HAWAI'I ISLAND,10,2000,International,22910.0252441553
HAWAI'I ISLAND,10,2000,Total,103278.0252441553
HAWAI'I ISLAND,9,2000,Domestic,62815.0
HAWAI'I ISLAND,9,2000,International,28718.74929655676
HAWAI'I ISLAND,9,2000,Total,91533.74929655677
HAWAI'I ISLAND,4,2001,Domestic,68848.0
HAWAI'I ISLAND,4,2001,International,28358.286302093944
HAWAI'I ISLAND,4,2001,Total,97206.28630209394
HAWAI'I ISLAND,8,2001,Domestic,82174.0
HAWAI'I ISLAND,8,2001,International,35778.477999793446
HAWAI'I ISLAND,8,2001,Total,117952.47799979345
HAWAI'I ISLAND,12,2001,Domestic,70149.0
HAWAI'I ISLAND,12,2001,International,22402.26466418385
HAWAI'I ISLAND,12,2001,Total,92551.26466418385
HAWAI'I ISLAND,2,2001,Domestic,75251.0
HAWAI'I ISLAND,2,2001,International,28622.05932824966
HAWAI'I ISLAND,2,2001,Total,103873.05932824966
HAWAI'I ISLAND,1,2001,Domestic,71621.0
HAWAI'I ISLAND,1,2001,International,32245.935117649326
HAWAI'I ISLAND,1,2001,Total,103866.93511764932
HAWAI'I ISLAND,7,2001,Domestic,90607.8
HAWAI'I ISLAND,7,2001,International,32718.306936058474
HAWAI'I ISLAND,7,2001,Total,123326.10693605848
HAWAI'I ISLAND,6,2001,Domestic,85235.6
HAWAI'I ISLAND,6,2001,International,27042.858298712967
HAWAI'I ISLAND,6,2001,Total,112278.45829871297
HAWAI'I ISLAND,3,2001,Domestic,85294.0
HAWAI'I ISLAND,3,2001,International,27930.434478759573
HAWAI'I ISLAND,3,2001,Total,113224.43447875958
HAWAI'I ISLAND,5,2001,Domestic,67152.0
HAWAI'I ISLAND,5,2001,International,27784.024375648336
HAWAI'I ISLAND,5,2001,Total,94936.02437564834
HAWAI'I ISLAND,11,2001,Domestic,58446.0
HAWAI'I ISLAND,11,2001,International,19124.414460296775
HAWAI'I ISLAND,11,2001,Total,77570.41446029677
HAWAI'I ISLAND,10,2001,Domestic,65352.0
HAWAI'I ISLAND,10,2001,International,15229.366253782679
HAWAI'I ISLAND,10,2001,Total,80581.36625378267
HAWAI'I ISLAND,9,2001,Domestic,48484.0
HAWAI'I ISLAND,9,2001,International,15699.848194514043
HAWAI'I ISLAND,9,2001,Total,64183.848194514045
HAWAI'I ISLAND,4,2002,Domestic,73791.34038998312
HAWAI'I ISLAND,4,2002,International,20612.979022588628
HAWAI'I ISLAND,4,2002,Total,94404.31941257174
HAWAI'I ISLAND,8,2002,Domestic,82789.98186974996
HAWAI'I ISLAND,8,2002,International,34325.8359138233
HAWAI'I ISLAND,8,2002,Total,117115.81778357326
HAWAI'I ISLAND,12,2002,Domestic,79335.27541689816
HAWAI'I ISLAND,12,2002,International,31013.660808232704
HAWAI'I ISLAND,12,2002,Total,110348.93622513086
HAWAI'I ISLAND,2,2002,Domestic,76421.71665182317
HAWAI'I ISLAND,2,2002,International,27260.602805386196
HAWAI'I ISLAND,2,2002,Total,103682.31945720936
HAWAI'I ISLAND,1,2002,Domestic,71051.91306835938
HAWAI'I ISLAND,1,2002,International,24732.0
HAWAI'I ISLAND,1,2002,Total,95783.91306835938
HAWAI'I ISLAND,7,2002,Domestic,88080.39935789577
HAWAI'I ISLAND,7,2002,International,27102.172284687444
HAWAI'I ISLAND,7,2002,Total,115182.57164258322
HAWAI'I ISLAND,6,2002,Domestic,84779.49065413677
HAWAI'I ISLAND,6,2002,International,27133.639966501996
HAWAI'I ISLAND,6,2002,Total,111913.13062063877
HAWAI'I ISLAND,3,2002,Domestic,78918.00850760732
HAWAI'I ISLAND,3,2002,International,33499.45654818794
HAWAI'I ISLAND,3,2002,Total,112417.46505579526
HAWAI'I ISLAND,5,2002,Domestic,69916.50853656173
HAWAI'I ISLAND,5,2002,International,19086.790465861934
HAWAI'I ISLAND,5,2002,Total,89003.29900242366
HAWAI'I ISLAND,11,2002,Domestic,69512.614881279
HAWAI'I ISLAND,11,2002,International,27372.28666047854
HAWAI'I ISLAND,11,2002,Total,96884.90154175754
HAWAI'I ISLAND,10,2002,Domestic,83050.00108405377
HAWAI'I ISLAND,10,2002,International,27621.869471765283
HAWAI'I ISLAND,10,2002,Total,110671.87055581906
HAWAI'I ISLAND,9,2002,Domestic,61032.81351658343
HAWAI'I ISLAND,9,2002,International,24872.180545404823
HAWAI'I ISLAND,9,2002,Total,85904.99406198825
HAWAI'I ISLAND,4,2003,Domestic,80737.98136920549
HAWAI'I ISLAND,4,2003,International,14419.647683256671
HAWAI'I ISLAND,4,2003,Total,95157.62905246216
HAWAI'I ISLAND,8,2003,Domestic,85572.13753017299
HAWAI'I ISLAND,8,2003,International,29659.147048836967
HAWAI'I ISLAND,8,2003,Total,115231.28457900995
HAWAI'I ISLAND,12,2003,Domestic,79711.6766472918
HAWAI'I ISLAND,12,2003,International,25736.2362071418
HAWAI'I ISLAND,12,2003,Total,105447.9128544336
HAWAI'I ISLAND,2,2003,Domestic,71990.478797714
HAWAI'I ISLAND,2,2003,International,28481.39971524309
HAWAI'I ISLAND,2,2003,Total,100471.87851295708
HAWAI'I ISLAND,1,2003,Domestic,72587.6780478776
HAWAI'I ISLAND,1,2003,International,31441.578303082675
HAWAI'I ISLAND,1,2003,Total,104029.25635096028
HAWAI'I ISLAND,7,2003,Domestic,94550.10404065723
HAWAI'I ISLAND,7,2003,International,23335.492439755897
HAWAI'I ISLAND,7,2003,Total,117885.59648041312
HAWAI'I ISLAND,6,2003,Domestic,84893.84081321016
HAWAI'I ISLAND,6,2003,International,15666.348225457503
HAWAI'I ISLAND,6,2003,Total,100560.18903866767
HAWAI'I ISLAND,3,2003,Domestic,81547.90812534334
HAWAI'I ISLAND,3,2003,International,26914.463844253336
HAWAI'I ISLAND,3,2003,Total,108462.37196959667
HAWAI'I ISLAND,5,2003,Domestic,71833.14778634356
HAWAI'I ISLAND,5,2003,International,17112.997492599738
HAWAI'I ISLAND,5,2003,Total,88946.1452789433
HAWAI'I ISLAND,11,2003,Domestic,66430.54457701485
HAWAI'I ISLAND,11,2003,International,23321.572370190177
HAWAI'I ISLAND,11,2003,Total,89752.11694720502
HAWAI'I ISLAND,10,2003,Domestic,73258.59031393088
HAWAI'I ISLAND,10,2003,International,25284.41266120651
HAWAI'I ISLAND,10,2003,Total,98543.00297513738
HAWAI'I ISLAND,9,2003,Domestic,59103.3273826208
HAWAI'I ISLAND,9,2003,International,23573.19700689722
HAWAI'I ISLAND,9,2003,Total,82676.52438951802
HAWAI'I ISLAND,4,2004,Domestic,79722.50139160953
HAWAI'I ISLAND,4,2004,International,22612.803075173742
HAWAI'I ISLAND,4,2004,Total,102335.30446678327
HAWAI'I ISLAND,8,2004,Domestic,86821.14399486197
HAWAI'I ISLAND,8,2004,International,31414.46487115735
HAWAI'I ISLAND,8,2004,Total,118235.60886601932
HAWAI'I ISLAND,12,2004,Domestic,91569.14322700359
HAWAI'I ISLAND,12,2004,International,26907.096264210915
HAWAI'I ISLAND,12,2004,Total,118476.23949121451
HAWAI'I ISLAND,2,2004,Domestic,74624.24614947452
HAWAI'I ISLAND,2,2004,International,26278.719213197186
HAWAI'I ISLAND,2,2004,Total,100902.9653626717
HAWAI'I ISLAND,1,2004,Domestic,74788.74255900463
HAWAI'I ISLAND,1,2004,International,24202.549162489155
HAWAI'I ISLAND,1,2004,Total,98991.29172149379
HAWAI'I ISLAND,7,2004,Domestic,100614.44517597312
HAWAI'I ISLAND,7,2004,International,25635.173902964932
HAWAI'I ISLAND,7,2004,Total,126249.61907893805
HAWAI'I ISLAND,6,2004,Domestic,88679.41726839317
HAWAI'I ISLAND,6,2004,International,21550.469611574423
HAWAI'I ISLAND,6,2004,Total,110229.88687996758
HAWAI'I ISLAND,3,2004,Domestic,83585.30182765432
HAWAI'I ISLAND,3,2004,International,25459.96685360209
HAWAI'I ISLAND,3,2004,Total,109045.2686812564
HAWAI'I ISLAND,5,2004,Domestic,73195.7625653195
HAWAI'I ISLAND,5,2004,International,20128.78574183772
HAWAI'I ISLAND,5,2004,Total,93324.54830715722
HAWAI'I ISLAND,11,2004,Domestic,76676.28550008751
HAWAI'I ISLAND,11,2004,International,25225.780650997687
HAWAI'I ISLAND,11,2004,Total,101902.0661510852
HAWAI'I ISLAND,10,2004,Domestic,86300.12705625604
HAWAI'I ISLAND,10,2004,International,24543.123112624162
HAWAI'I ISLAND,10,2004,Total,110843.2501688802
HAWAI'I ISLAND,9,2004,Domestic,66127.22637733967
HAWAI'I ISLAND,9,2004,International,24493.21235216565
HAWAI'I ISLAND,9,2004,Total,90620.43872950532
HAWAI'I ISLAND,4,2005,Domestic,85024.43496513211
HAWAI'I ISLAND,4,2005,International,22226.23797377033
HAWAI'I ISLAND,4,2005,Total,107250.67293890244
HAWAI'I ISLAND,8,2005,Domestic,107167.35356678918
HAWAI'I ISLAND,8,2005,International,30650.267494521187
HAWAI'I ISLAND,8,2005,Total,137817.62106131038
HAWAI'I ISLAND,12,2005,Domestic,108541.453357295
HAWAI'I ISLAND,12,2005,International,33775.55245352649
HAWAI'I ISLAND,12,2005,Total,142317.0058108215
HAWAI'I ISLAND,2,2005,Domestic,92884.2157936029
HAWAI'I ISLAND,2,2005,International,27672.209614998745
HAWAI'I ISLAND,2,2005,Total,120556.42540860164
HAWAI'I ISLAND,1,2005,Domestic,93386.91732746875
HAWAI'I ISLAND,1,2005,International,31944.17112649433
HAWAI'I ISLAND,1,2005,Total,125331.08845396308
HAWAI'I ISLAND,7,2005,Domestic,125079.4603397208
HAWAI'I ISLAND,7,2005,International,29652.87717270155
HAWAI'I ISLAND,7,2005,Total,154732.33751242235
HAWAI'I ISLAND,6,2005,Domestic,105539.05550907331
HAWAI'I ISLAND,6,2005,International,24546.39175948258
HAWAI'I ISLAND,6,2005,Total,130085.44726855589
HAWAI'I ISLAND,3,2005,Domestic,104388.10552735074
HAWAI'I ISLAND,3,2005,International,29461.92784265319
HAWAI'I ISLAND,3,2005,Total,133850.03337000392
HAWAI'I ISLAND,5,2005,Domestic,84688.88063666724
HAWAI'I ISLAND,5,2005,International,28352.76372320055
HAWAI'I ISLAND,5,2005,Total,113041.64435986779
HAWAI'I ISLAND,11,2005,Domestic,88151.87785316976
HAWAI'I ISLAND,11,2005,International,30671.561696323388
HAWAI'I ISLAND,11,2005,Total,118823.43954949315
HAWAI'I ISLAND,10,2005,Domestic,97834.04672030252
HAWAI'I ISLAND,10,2005,International,29633.63179374278
HAWAI'I ISLAND,10,2005,Total,127467.6785140453
HAWAI'I ISLAND,9,2005,Domestic,80943.6653916888
HAWAI'I ISLAND,9,2005,International,29319.81600679128
HAWAI'I ISLAND,9,2005,Total,110263.48139848009
HAWAI'I ISLAND,4,2006,Domestic,100088.8893021672
HAWAI'I ISLAND,4,2006,International,19923.043143435625
HAWAI'I ISLAND,4,2006,Total,120011.93244560283
HAWAI'I ISLAND,8,2006,Domestic,118025.44584305407
HAWAI'I ISLAND,8,2006,International,30151.00737890875
HAWAI'I ISLAND,8,2006,Total,148176.45322196282
HAWAI'I ISLAND,12,2006,Domestic,118868.43331501707
HAWAI'I ISLAND,12,2006,International,28718.307375235745
HAWAI'I ISLAND,12,2006,Total,147586.7406902528
HAWAI'I ISLAND,2,2006,Domestic,101303.4718191308
HAWAI'I ISLAND,2,2006,International,30084.98617653257
HAWAI'I ISLAND,2,2006,Total,131388.45799566337
HAWAI'I ISLAND,1,2006,Domestic,99537.3089135573
HAWAI'I ISLAND,1,2006,International,34863.895919347015
HAWAI'I ISLAND,1,2006,Total,134401.2048329043
HAWAI'I ISLAND,7,2006,Domestic,137143.5045408676
HAWAI'I ISLAND,7,2006,International,25231.12941220755
HAWAI'I ISLAND,7,2006,Total,162374.63395307516
HAWAI'I ISLAND,6,2006,Domestic,122664.70134599158
HAWAI'I ISLAND,6,2006,International,24736.79931924605
HAWAI'I ISLAND,6,2006,Total,147401.50066523763
HAWAI'I ISLAND,3,2006,Domestic,104464.84169681059
HAWAI'I ISLAND,3,2006,International,27834.294169196717
HAWAI'I ISLAND,3,2006,Total,132299.1358660073
HAWAI'I ISLAND,5,2006,Domestic,88683.82454646257
HAWAI'I ISLAND,5,2006,International,18984.55170315067
HAWAI'I ISLAND,5,2006,Total,107668.37624961324
HAWAI'I ISLAND,11,2006,Domestic,95914.78378269388
HAWAI'I ISLAND,11,2006,International,26235.614935437454
HAWAI'I ISLAND,11,2006,Total,122150.39871813133
HAWAI'I ISLAND,10,2006,Domestic,104122.2299284789
HAWAI'I ISLAND,10,2006,International,31349.785667349985
HAWAI'I ISLAND,10,2006,Total,135472.01559582888
HAWAI'I ISLAND,9,2006,Domestic,97011.9868511548
HAWAI'I ISLAND,9,2006,International,28465.168846053537
HAWAI'I ISLAND,9,2006,Total,125477.15569720833
HAWAI'I ISLAND,4,2007,Domestic,105256.14490104285
HAWAI'I ISLAND,4,2007,International,24516.164104361305
HAWAI'I ISLAND,4,2007,Total,129772.30900540415
HAWAI'I ISLAND,8,2007,Domestic,125036.43248668319
HAWAI'I ISLAND,8,2007,International,30478.64759322201
HAWAI'I ISLAND,8,2007,Total,155515.0800799052
HAWAI'I ISLAND,12,2007,Domestic,114056.55494638695
HAWAI'I ISLAND,12,2007,International,30520.46244681732
HAWAI'I ISLAND,12,2007,Total,144577.01739320427
HAWAI'I ISLAND,2,2007,Domestic,103937.92014502187
HAWAI'I ISLAND,2,2007,International,27503.610972110655
HAWAI'I ISLAND,2,2007,Total,131441.53111713252
HAWAI'I ISLAND,1,2007,Domestic,103945.31514660358
HAWAI'I ISLAND,1,2007,International,30919.797837972208
HAWAI'I ISLAND,1,2007,Total,134865.1129845758
HAWAI'I ISLAND,7,2007,Domestic,126611.19388393736
HAWAI'I ISLAND,7,2007,International,27400.791729289907
HAWAI'I ISLAND,7,2007,Total,154011.98561322727
HAWAI'I ISLAND,6,2007,Domestic,124701.91071219418
HAWAI'I ISLAND,6,2007,International,23638.741334286606
HAWAI'I ISLAND,6,2007,Total,148340.6520464808
HAWAI'I ISLAND,3,2007,Domestic,124526.5163421051
HAWAI'I ISLAND,3,2007,International,28896.05804141737
HAWAI'I ISLAND,3,2007,Total,153422.57438352247
HAWAI'I ISLAND,5,2007,Domestic,97449.36488461071
HAWAI'I ISLAND,5,2007,International,21035.438419515103
HAWAI'I ISLAND,5,2007,Total,118484.80330412582
HAWAI'I ISLAND,11,2007,Domestic,93162.28414107865
HAWAI'I ISLAND,11,2007,International,23725.966237624863
HAWAI'I ISLAND,11,2007,Total,116888.25037870351
HAWAI'I ISLAND,10,2007,Domestic,96742.58575429267
HAWAI'I ISLAND,10,2007,International,23252.090292810437
HAWAI'I ISLAND,10,2007,Total,119994.6760471031
HAWAI'I ISLAND,9,2007,Domestic,89791.72814611715
HAWAI'I ISLAND,9,2007,International,25253.012516366227
HAWAI'I ISLAND,9,2007,Total,115044.74066248338
HAWAI'I ISLAND,4,2008,Domestic,81456.0
HAWAI'I ISLAND,4,2008,International,22755.0
HAWAI'I ISLAND,4,2008,Total,104211.0
HAWAI'I ISLAND,8,2008,Domestic,87577.0
HAWAI'I ISLAND,8,2008,International,30890.0
HAWAI'I ISLAND,8,2008,Total,118467.0
HAWAI'I ISLAND,12,2008,Domestic,80963.0
HAWAI'I ISLAND,12,2008,International,25025.0
HAWAI'I ISLAND,12,2008,Total,105988.0
HAWAI'I ISLAND,2,2008,Domestic,98337.0
HAWAI'I ISLAND,2,2008,International,26048.0
HAWAI'I ISLAND,2,2008,Total,124385.0
HAWAI'I ISLAND,1,2008,Domestic,104563.0
HAWAI'I ISLAND,1,2008,International,32882.0
HAWAI'I ISLAND,1,2008,Total,137445.0
HAWAI'I ISLAND,7,2008,Domestic,93904.0
HAWAI'I ISLAND,7,2008,International,21528.0
HAWAI'I ISLAND,7,2008,Total,115432.0
HAWAI'I ISLAND,6,2008,Domestic,89722.0
HAWAI'I ISLAND,6,2008,International,22042.0
HAWAI'I ISLAND,6,2008,Total,111764.0
HAWAI'I ISLAND,3,2008,Domestic,106474.0
HAWAI'I ISLAND,3,2008,International,26915.0
HAWAI'I ISLAND,3,2008,Total,133389.0
HAWAI'I ISLAND,5,2008,Domestic,81530.0
HAWAI'I ISLAND,5,2008,International,19421.0
HAWAI'I ISLAND,5,2008,Total,100951.0
HAWAI'I ISLAND,11,2008,Domestic,69304.0
HAWAI'I ISLAND,11,2008,International,24110.0
HAWAI'I ISLAND,11,2008,Total,93414.0
HAWAI'I ISLAND,10,2008,Domestic,74095.0
HAWAI'I ISLAND,10,2008,International,23125.0
HAWAI'I ISLAND,10,2008,Total,97220.0
HAWAI'I ISLAND,9,2008,Domestic,58121.0
HAWAI'I ISLAND,9,2008,International,20487.0
HAWAI'I ISLAND,9,2008,Total,78608.0
HAWAI'I ISLAND,4,2009,Domestic,81826.25773723073
HAWAI'I ISLAND,4,2009,International,24952.426998285107
HAWAI'I ISLAND,4,2009,Total,106778.68473551584
HAWAI'I ISLAND,8,2009,Domestic,86514.55243736818
HAWAI'I ISLAND,8,2009,International,21564.00208223453
HAWAI'I ISLAND,8,2009,Total,108078.55451960271
HAWAI'I ISLAND,12,2009,Domestic,84025.43976601711
HAWAI'I ISLAND,12,2009,International,25387.187751199188
HAWAI'I ISLAND,12,2009,Total,109412.6275172163
HAWAI'I ISLAND,2,2009,Domestic,79504.6115742047
HAWAI'I ISLAND,2,2009,International,23543.309238809823
HAWAI'I ISLAND,2,2009,Total,103047.92081301453
HAWAI'I ISLAND,1,2009,Domestic,78164.94675418761
HAWAI'I ISLAND,1,2009,International,23733.285702753343
HAWAI'I ISLAND,1,2009,Total,101898.23245694095
HAWAI'I ISLAND,7,2009,Domestic,96731.37933141425
HAWAI'I ISLAND,7,2009,International,21770.701928103434
HAWAI'I ISLAND,7,2009,Total,118502.08125951768
HAWAI'I ISLAND,6,2009,Domestic,88486.60459504572
HAWAI'I ISLAND,6,2009,International,18245.289281028705
HAWAI'I ISLAND,6,2009,Total,106731.89387607442
HAWAI'I ISLAND,3,2009,Domestic,79966.4271199966
HAWAI'I ISLAND,3,2009,International,26064.120318099103
HAWAI'I ISLAND,3,2009,Total,106030.5474380957
HAWAI'I ISLAND,5,2009,Domestic,74492.29803721562
HAWAI'I ISLAND,5,2009,International,16487.434219047947
HAWAI'I ISLAND,5,2009,Total,90979.73225626357
HAWAI'I ISLAND,11,2009,Domestic,66743.56681099482
HAWAI'I ISLAND,11,2009,International,20491.42769534128
HAWAI'I ISLAND,11,2009,Total,87234.9945063361
HAWAI'I ISLAND,10,2009,Domestic,71399.02812772623
HAWAI'I ISLAND,10,2009,International,20368.94808451304
HAWAI'I ISLAND,10,2009,Total,91767.97621223927
HAWAI'I ISLAND,9,2009,Domestic,62988.31990451397
HAWAI'I ISLAND,9,2009,International,21804.55781952886
HAWAI'I ISLAND,9,2009,Total,84792.87772404283
HAWAI'I ISLAND,4,2010,Domestic,81031.12108462282
HAWAI'I ISLAND,4,2010,International,22479.785475596385
HAWAI'I ISLAND,4,2010,Total,103510.90656021921
HAWAI'I ISLAND,8,2010,Domestic,88529.80892760624
HAWAI'I ISLAND,8,2010,International,28139.075245826738
HAWAI'I ISLAND,8,2010,Total,116668.88417343298
HAWAI'I ISLAND,12,2010,Domestic,87240.81903125519
HAWAI'I ISLAND,12,2010,International,27167.680466111266
HAWAI'I ISLAND,12,2010,Total,114408.49949736646
HAWAI'I ISLAND,2,2010,Domestic,75269.24371282228
HAWAI'I ISLAND,2,2010,International,26958.18622901975
HAWAI'I ISLAND,2,2010,Total,102227.42994184203
HAWAI'I ISLAND,1,2010,Domestic,77280.29336149986
HAWAI'I ISLAND,1,2010,International,27922.46365585236
HAWAI'I ISLAND,1,2010,Total,105202.75701735223
HAWAI'I ISLAND,7,2010,Domestic,101946.79141085457
HAWAI'I ISLAND,7,2010,International,25558.01751554221
HAWAI'I ISLAND,7,2010,Total,127504.80892639677
HAWAI'I ISLAND,6,2010,Domestic,90230.60018544583
HAWAI'I ISLAND,6,2010,International,23088.860767621096
HAWAI'I ISLAND,6,2010,Total,113319.46095306693
HAWAI'I ISLAND,3,2010,Domestic,81488.83880113723
HAWAI'I ISLAND,3,2010,International,25909.137216934596
HAWAI'I ISLAND,3,2010,Total,107397.97601807183
HAWAI'I ISLAND,5,2010,Domestic,74546.29138252947
HAWAI'I ISLAND,5,2010,International,20694.825189077736
HAWAI'I ISLAND,5,2010,Total,95241.1165716072
HAWAI'I ISLAND,11,2010,Domestic,73612.62207456371
HAWAI'I ISLAND,11,2010,International,24415.834453796848
HAWAI'I ISLAND,11,2010,Total,98028.45652836056
HAWAI'I ISLAND,10,2010,Domestic,79756.41735715406
HAWAI'I ISLAND,10,2010,International,25572.629980693335
HAWAI'I ISLAND,10,2010,Total,105329.0473378474
HAWAI'I ISLAND,9,2010,Domestic,65526.45047727635
HAWAI'I ISLAND,9,2010,International,26866.274197603478
HAWAI'I ISLAND,9,2010,Total,92392.72467487982
HAWAI'I ISLAND,4,2011,Domestic,84377.30704138809
HAWAI'I ISLAND,4,2011,International,20173.451442546255
HAWAI'I ISLAND,4,2011,Total,104550.75848393435
HAWAI'I ISLAND,8,2011,Domestic,86156.8462678154
HAWAI'I ISLAND,8,2011,International,27610.155317410587
HAWAI'I ISLAND,8,2011,Total,113767.00158522598
HAWAI'I ISLAND,12,2011,Domestic,95686.52859147543
HAWAI'I ISLAND,12,2011,International,28071.157928625293
HAWAI'I ISLAND,12,2011,Total,123757.68652010073
HAWAI'I ISLAND,2,2011,Domestic,87408.89389581102
HAWAI'I ISLAND,2,2011,International,29176.688663624278
HAWAI'I ISLAND,2,2011,Total,116585.58255943531
HAWAI'I ISLAND,1,2011,Domestic,88415.82505675273
HAWAI'I ISLAND,1,2011,International,26621.497073447314
HAWAI'I ISLAND,1,2011,Total,115037.32213020005
HAWAI'I ISLAND,7,2011,Domestic,99889.37557854879
HAWAI'I ISLAND,7,2011,International,24537.247683734877
HAWAI'I ISLAND,7,2011,Total,124426.62326228367
HAWAI'I ISLAND,6,2011,Domestic,89182.60527473738
HAWAI'I ISLAND,6,2011,International,20516.312888971508
HAWAI'I ISLAND,6,2011,Total,109698.91816370888
HAWAI'I ISLAND,3,2011,Domestic,93006.45573000507
HAWAI'I ISLAND,3,2011,International,25901.95062176745
HAWAI'I ISLAND,3,2011,Total,118908.40635177252
HAWAI'I ISLAND,5,2011,Domestic,74778.76166715742
HAWAI'I ISLAND,5,2011,International,21939.261115240057
HAWAI'I ISLAND,5,2011,Total,96718.02278239749
HAWAI'I ISLAND,11,2011,Domestic,75049.96207361779
HAWAI'I ISLAND,11,2011,International,21917.296743313356
HAWAI'I ISLAND,11,2011,Total,96967.25881693115
HAWAI'I ISLAND,10,2011,Domestic,77497.96685871852
HAWAI'I ISLAND,10,2011,International,21388.12703873063
HAWAI'I ISLAND,10,2011,Total,98886.09389744914
HAWAI'I ISLAND,9,2011,Domestic,70565.53372675406
HAWAI'I ISLAND,9,2011,International,28441.242951147742
HAWAI'I ISLAND,9,2011,Total,99006.7766779018
HAWAI'I ISLAND,4,2012,Domestic,85046.4924614014
HAWAI'I ISLAND,4,2012,International,27864.18705976835
HAWAI'I ISLAND,4,2012,Total,112910.67952116975
HAWAI'I ISLAND,8,2012,Domestic,95545.91151166592
HAWAI'I ISLAND,8,2012,International,33895.4929967401
HAWAI'I ISLAND,8,2012,Total,129441.40450840602
HAWAI'I ISLAND,12,2012,Domestic,101171.34768571006
HAWAI'I ISLAND,12,2012,International,34125.60593841339
HAWAI'I ISLAND,12,2012,Total,135296.95362412345
HAWAI'I ISLAND,2,2012,Domestic,89847.85560424897
HAWAI'I ISLAND,2,2012,International,29779.747004415825
HAWAI'I ISLAND,2,2012,Total,119627.60260866479
HAWAI'I ISLAND,1,2012,Domestic,91223.23203309908
HAWAI'I ISLAND,1,2012,International,34367.017485139266
HAWAI'I ISLAND,1,2012,Total,125590.24951823834
HAWAI'I ISLAND,7,2012,Domestic,100776.59007747498
HAWAI'I ISLAND,7,2012,International,32480.450150034805
HAWAI'I ISLAND,7,2012,Total,133257.04022750977
HAWAI'I ISLAND,6,2012,Domestic,95767.7456705566
HAWAI'I ISLAND,6,2012,International,22381.61334238289
HAWAI'I ISLAND,6,2012,Total,118149.35901293949
HAWAI'I ISLAND,3,2012,Domestic,98267.78512215904
HAWAI'I ISLAND,3,2012,International,33414.607142825625
HAWAI'I ISLAND,3,2012,Total,131682.39226498466
HAWAI'I ISLAND,5,2012,Domestic,81373.27985391434
HAWAI'I ISLAND,5,2012,International,23007.684927123017
HAWAI'I ISLAND,5,2012,Total,104380.96478103736
HAWAI'I ISLAND,11,2012,Domestic,82666.70095899113
HAWAI'I ISLAND,11,2012,International,30577.30061785425
HAWAI'I ISLAND,11,2012,Total,113244.00157684539
HAWAI'I ISLAND,10,2012,Domestic,83302.0977990518
HAWAI'I ISLAND,10,2012,International,30114.631920336524
HAWAI'I ISLAND,10,2012,Total,113416.72971938833
HAWAI'I ISLAND,9,2012,Domestic,67688.93638418689
HAWAI'I ISLAND,9,2012,International,28595.463760832907
HAWAI'I ISLAND,9,2012,Total,96284.4001450198
HAWAI'I ISLAND,4,2013,Domestic,80734.90179557858
HAWAI'I ISLAND,4,2013,International,27453.513996742044
HAWAI'I ISLAND,4,2013,Total,108188.41579232062
HAWAI'I ISLAND,8,2013,Domestic,91442.77519828109
HAWAI'I ISLAND,8,2013,International,36839.68627413512
HAWAI'I ISLAND,8,2013,Total,128282.46147241621
HAWAI'I ISLAND,12,2013,Domestic,94309.47522198046
HAWAI'I ISLAND,12,2013,International,30459.9424457274
HAWAI'I ISLAND,12,2013,Total,124769.41766770786
HAWAI'I ISLAND,2,2013,Domestic,92346.79182431207
HAWAI'I ISLAND,2,2013,International,35865.22006233485
HAWAI'I ISLAND,2,2013,Total,128212.01188664691
HAWAI'I ISLAND,1,2013,Domestic,94496.1740356025
HAWAI'I ISLAND,1,2013,International,36761.28665800668
HAWAI'I ISLAND,1,2013,Total,131257.46069360917
HAWAI'I ISLAND,7,2013,Domestic,101158.41374124878
HAWAI'I ISLAND,7,2013,International,33700.90075245309
HAWAI'I ISLAND,7,2013,Total,134859.31449370185
HAWAI'I ISLAND,6,2013,Domestic,96173.86549894603
HAWAI'I ISLAND,6,2013,International,34762.51893244153
HAWAI'I ISLAND,6,2013,Total,130936.38443138756
HAWAI'I ISLAND,3,2013,Domestic,100984.15740186922
HAWAI'I ISLAND,3,2013,International,31535.806654484255
HAWAI'I ISLAND,3,2013,Total,132519.96405635346
HAWAI'I ISLAND,5,2013,Domestic,83172.96167091347
HAWAI'I ISLAND,5,2013,International,25238.077535420467
HAWAI'I ISLAND,5,2013,Total,108411.03920633394
HAWAI'I ISLAND,11,2013,Domestic,76478.36777236141
HAWAI'I ISLAND,11,2013,International,25464.721319656473
HAWAI'I ISLAND,11,2013,Total,101943.08909201788
HAWAI'I ISLAND,10,2013,Domestic,76941.86763349324
HAWAI'I ISLAND,10,2013,International,26987.99505317326
HAWAI'I ISLAND,10,2013,Total,103929.8626866665
HAWAI'I ISLAND,9,2013,Domestic,67142.94473928772
HAWAI'I ISLAND,9,2013,International,34792.761102735356
HAWAI'I ISLAND,9,2013,Total,101935.70584202308
HAWAI'I ISLAND,4,2014,Domestic,82747.23274733945
HAWAI'I ISLAND,4,2014,International,26691.969762285993
HAWAI'I ISLAND,4,2014,Total,109439.20250962545
HAWAI'I ISLAND,8,2014,Domestic,94291.87669694396
HAWAI'I ISLAND,8,2014,International,33631.19432241769
HAWAI'I ISLAND,8,2014,Total,127923.07101936164
HAWAI'I ISLAND,12,2014,Domestic,103845.02689573582
HAWAI'I ISLAND,12,2014,International,36507.60325627544
HAWAI'I ISLAND,12,2014,Total,140352.63015201126
HAWAI'I ISLAND,2,2014,Domestic,89766.05908553713
HAWAI'I ISLAND,2,2014,International,31642.90933793852
HAWAI'I ISLAND,2,2014,Total,121408.96842347564
HAWAI'I ISLAND,1,2014,Domestic,93678.92992263119
HAWAI'I ISLAND,1,2014,International,37783.950648432605
HAWAI'I ISLAND,1,2014,Total,131462.88057106378
HAWAI'I ISLAND,7,2014,Domestic,107363.58572900921
HAWAI'I ISLAND,7,2014,International,32763.307611977652
HAWAI'I ISLAND,7,2014,Total,140126.89334098686
HAWAI'I ISLAND,6,2014,Domestic,98226.66706187846
HAWAI'I ISLAND,6,2014,International,27846.949599472537
HAWAI'I ISLAND,6,2014,Total,126073.616661351
HAWAI'I ISLAND,3,2014,Domestic,95405.97767527566
HAWAI'I ISLAND,3,2014,International,32276.06589400777
HAWAI'I ISLAND,3,2014,Total,127682.04356928343
HAWAI'I ISLAND,5,2014,Domestic,83720.06846891224
HAWAI'I ISLAND,5,2014,International,22880.857745470796
HAWAI'I ISLAND,5,2014,Total,106600.92621438304
HAWAI'I ISLAND,11,2014,Domestic,80806.41311452362
HAWAI'I ISLAND,11,2014,International,26633.00914554165
HAWAI'I ISLAND,11,2014,Total,107439.42226006527
HAWAI'I ISLAND,10,2014,Domestic,84782.13344870656
HAWAI'I ISLAND,10,2014,International,30806.376728301075
HAWAI'I ISLAND,10,2014,Total,115588.51017700764
HAWAI'I ISLAND,9,2014,Domestic,69808.57492310382
HAWAI'I ISLAND,9,2014,International,30777.264876916193
HAWAI'I ISLAND,9,2014,Total,100585.83980002001
HAWAI'I ISLAND,4,2015,Domestic,88557.0386195629
HAWAI'I ISLAND,4,2015,International,28585.074266028594
HAWAI'I ISLAND,4,2015,Total,117142.11288559149
HAWAI'I ISLAND,8,2015,Domestic,99390.60147940145
HAWAI'I ISLAND,8,2015,International,30959.98105307559
HAWAI'I ISLAND,8,2015,Total,130350.58253247704
HAWAI'I ISLAND,12,2015,Domestic,112071.88729368868
HAWAI'I ISLAND,12,2015,International,31598.449807122208
HAWAI'I ISLAND,12,2015,Total,143670.3371008109
HAWAI'I ISLAND,2,2015,Domestic,91101.97542280196
HAWAI'I ISLAND,2,2015,International,33756.160323866956
HAWAI'I ISLAND,2,2015,Total,124858.13574666891
HAWAI'I ISLAND,1,2015,Domestic,95742.66478235631
HAWAI'I ISLAND,1,2015,International,34902.86409795478
HAWAI'I ISLAND,1,2015,Total,130645.52888031109
HAWAI'I ISLAND,7,2015,Domestic,113850.83081219651
HAWAI'I ISLAND,7,2015,International,34723.41310931047
HAWAI'I ISLAND,7,2015,Total,148574.24392150698
HAWAI'I ISLAND,6,2015,Domestic,109850.8935983925
HAWAI'I ISLAND,6,2015,International,29175.622987275383
HAWAI'I ISLAND,6,2015,Total,139026.51658566788
HAWAI'I ISLAND,3,2015,Domestic,105159.7727912699
HAWAI'I ISLAND,3,2015,International,33125.67515182353
HAWAI'I ISLAND,3,2015,Total,138285.44794309343
HAWAI'I ISLAND,5,2015,Domestic,91542.03589611106
HAWAI'I ISLAND,5,2015,International,25046.718297203595
HAWAI'I ISLAND,5,2015,Total,116588.75419331466
HAWAI'I ISLAND,11,2015,Domestic,83823.79779556852
HAWAI'I ISLAND,11,2015,International,25354.537818120123
HAWAI'I ISLAND,11,2015,Total,109178.33561368864
HAWAI'I ISLAND,10,2015,Domestic,89166.8597775507
HAWAI'I ISLAND,10,2015,International,26062.060579071687
HAWAI'I ISLAND,10,2015,Total,115228.92035662237
HAWAI'I ISLAND,9,2015,Domestic,73943.03815634541
HAWAI'I ISLAND,9,2015,International,27481.31538692243
HAWAI'I ISLAND,9,2015,Total,101424.35354326785
HAWAI'I ISLAND,4,2016,Domestic,89412.07976025245
HAWAI'I ISLAND,4,2016,International,28045.407538973905
HAWAI'I ISLAND,4,2016,Total,117457.48729922636
HAWAI'I ISLAND,8,2016,Domestic,99176.22887991124
HAWAI'I ISLAND,8,2016,International,33707.43519147576
HAWAI'I ISLAND,8,2016,Total,132883.664071387
HAWAI'I ISLAND,12,2016,Domestic,121575.99596967762
HAWAI'I ISLAND,12,2016,International,33384.14908084591
HAWAI'I ISLAND,12,2016,Total,154960.14505052354
HAWAI'I ISLAND,2,2016,Domestic,90782.76329010614
HAWAI'I ISLAND,2,2016,International,33844.60795575633
HAWAI'I ISLAND,2,2016,Total,124627.37124586248
HAWAI'I ISLAND,1,2016,Domestic,99217.79640153011
HAWAI'I ISLAND,1,2016,International,36829.698415857114
HAWAI'I ISLAND,1,2016,Total,136047.49481738723
HAWAI'I ISLAND,7,2016,Domestic,120024.89092079036
HAWAI'I ISLAND,7,2016,International,28087.490567631274
HAWAI'I ISLAND,7,2016,Total,148112.38148842164
HAWAI'I ISLAND,6,2016,Domestic,112857.03656948234
HAWAI'I ISLAND,6,2016,International,28680.365803860488
HAWAI'I ISLAND,6,2016,Total,141537.40237334283
HAWAI'I ISLAND,3,2016,Domestic,101645.60974566126
HAWAI'I ISLAND,3,2016,International,32039.717049363167
HAWAI'I ISLAND,3,2016,Total,133685.32679502442
HAWAI'I ISLAND,5,2016,Domestic,90799.75902675572
HAWAI'I ISLAND,5,2016,International,23372.797415498455
HAWAI'I ISLAND,5,2016,Total,114172.55644225418
HAWAI'I ISLAND,11,2016,Domestic,88030.22104864776
HAWAI'I ISLAND,11,2016,International,25793.464048637088
HAWAI'I ISLAND,11,2016,Total,113823.68509728485
HAWAI'I ISLAND,10,2016,Domestic,93064.17684730364
HAWAI'I ISLAND,10,2016,International,28216.343085938646
HAWAI'I ISLAND,10,2016,Total,121280.51993324228
HAWAI'I ISLAND,9,2016,Domestic,81153.09383984182
HAWAI'I ISLAND,9,2016,International,30201.637309199206
HAWAI'I ISLAND,9,2016,Total,111354.73114904104
HAWAI'I ISLAND,4,2017,Domestic,99751.36533171267
HAWAI'I ISLAND,4,2017,International,40238.914706066214
HAWAI'I ISLAND,4,2017,Total,139990.2800377793
HAWAI'I ISLAND,8,2017,Domestic,106994.30157805349
HAWAI'I ISLAND,8,2017,International,45248.662755435216
HAWAI'I ISLAND,8,2017,Total,152242.96433355246
HAWAI'I ISLAND,12,2017,Domestic,129132.05900318285
HAWAI'I ISLAND,12,2017,International,45645.60768855331
HAWAI'I ISLAND,12,2017,Total,174777.666691675
HAWAI'I ISLAND,2,2017,Domestic,100651.43319115018
HAWAI'I ISLAND,2,2017,International,34551.21457248314
HAWAI'I ISLAND,2,2017,Total,135202.64776356335
HAWAI'I ISLAND,1,2017,Domestic,104987.73755616226
HAWAI'I ISLAND,1,2017,International,46590.537169357805
HAWAI'I ISLAND,1,2017,Total,151578.27472551347
HAWAI'I ISLAND,7,2017,Domestic,133058.60942959232
HAWAI'I ISLAND,7,2017,International,42803.66004439137
HAWAI'I ISLAND,7,2017,Total,175862.26947398405
HAWAI'I ISLAND,6,2017,Domestic,123396.34193816122
HAWAI'I ISLAND,6,2017,International,34092.876450442214
HAWAI'I ISLAND,6,2017,Total,157489.218388663
HAWAI'I ISLAND,3,2017,Domestic,113480.35351490542
HAWAI'I ISLAND,3,2017,International,38420.88753266664
HAWAI'I ISLAND,3,2017,Total,151901.24104757095
HAWAI'I ISLAND,5,2017,Domestic,104470.16585891973
HAWAI'I ISLAND,5,2017,International,29640.138891326755
HAWAI'I ISLAND,5,2017,Total,134110.30475029457
HAWAI'I ISLAND,11,2017,Domestic,95830.49106942241
HAWAI'I ISLAND,11,2017,International,41887.107410655335
HAWAI'I ISLAND,11,2017,Total,137717.59848002464
HAWAI'I ISLAND,10,2017,Domestic,96511.27820608906
HAWAI'I ISLAND,10,2017,International,38725.27096477194
HAWAI'I ISLAND,10,2017,Total,135236.54917085392
HAWAI'I ISLAND,9,2017,Domestic,84459.57060522717
HAWAI'I ISLAND,9,2017,International,36575.61094224757
HAWAI'I ISLAND,9,2017,Total,121035.18154744597
HAWAI'I ISLAND,4,2018,Domestic,108047.02654481363
HAWAI'I ISLAND,4,2018,International,44510.02164485616
HAWAI'I ISLAND,4,2018,Total,152557.04818963076
HAWAI'I ISLAND,8,2018,Domestic,100437.74836896147
HAWAI'I ISLAND,8,2018,International,33910.220556327346
HAWAI'I ISLAND,8,2018,Total,134347.96892528466
HAWAI'I ISLAND,12,2018,Domestic,122428.1136798336
HAWAI'I ISLAND,12,2018,International,32720.921717756195
HAWAI'I ISLAND,12,2018,Total,155149.03539760946
HAWAI'I ISLAND,2,2018,Domestic,112653.86852678949
HAWAI'I ISLAND,2,2018,International,49216.33416092408
HAWAI'I ISLAND,2,2018,Total,161870.2026877398
HAWAI'I ISLAND,1,2018,Domestic,112581.14669828916
HAWAI'I ISLAND,1,2018,International,44726.01811618587
HAWAI'I ISLAND,1,2018,Total,157307.16481453963
HAWAI'I ISLAND,7,2018,Domestic,125930.86991699877
HAWAI'I ISLAND,7,2018,International,26286.77484431856
HAWAI'I ISLAND,7,2018,Total,152217.6447612621
HAWAI'I ISLAND,6,2018,Domestic,116486.53539751437
HAWAI'I ISLAND,6,2018,International,33516.71527283231
HAWAI'I ISLAND,6,2018,Total,150003.25067034466
HAWAI'I ISLAND,3,2018,Domestic,128898.10897605422
HAWAI'I ISLAND,3,2018,International,43554.05113269961
HAWAI'I ISLAND,3,2018,Total,172452.16010878384
HAWAI'I ISLAND,5,2018,Domestic,104323.48217280839
HAWAI'I ISLAND,5,2018,International,26394.575566242725
HAWAI'I ISLAND,5,2018,Total,130718.05773902469
HAWAI'I ISLAND,11,2018,Domestic,94667.68808650291
HAWAI'I ISLAND,11,2018,International,28483.564280571107
HAWAI'I ISLAND,11,2018,Total,123151.25236706686
HAWAI'I ISLAND,10,2018,Domestic,88662.36316058917
HAWAI'I ISLAND,10,2018,International,26536.302651920018
HAWAI'I ISLAND,10,2018,Total,115198.66581250788
HAWAI'I ISLAND,9,2018,Domestic,75992.5088627426
HAWAI'I ISLAND,9,2018,International,25252.82051830628
HAWAI'I ISLAND,9,2018,Total,101245.32938103248
HAWAI'I ISLAND,4,2019,Domestic,104237.59827812549
HAWAI'I ISLAND,4,2019,International,25986.306885613067
HAWAI'I ISLAND,4,2019,Total,130223.90516376375
HAWAI'I ISLAND,8,2019,Domestic,121126.60549948625
HAWAI'I ISLAND,8,2019,International,36417.70243027465
HAWAI'I ISLAND,8,2019,Total,157544.30792971613
HAWAI'I ISLAND,12,2019,Domestic,137832.32404301246
HAWAI'I ISLAND,12,2019,International,40079.577866142754
HAWAI'I ISLAND,12,2019,Total,177911.90190907213
HAWAI'I ISLAND,2,2019,Domestic,101880.67676164312
HAWAI'I ISLAND,2,2019,International,36506.34978338421
HAWAI'I ISLAND,2,2019,Total,138387.02654503577
HAWAI'I ISLAND,1,2019,Domestic,105594.93434252893
HAWAI'I ISLAND,1,2019,International,41807.41438676184
HAWAI'I ISLAND,1,2019,Total,147402.34872926335
HAWAI'I ISLAND,7,2019,Domestic,139030.18257838496
HAWAI'I ISLAND,7,2019,International,34868.778542641834
HAWAI'I ISLAND,7,2019,Total,173898.961120941
HAWAI'I ISLAND,6,2019,Domestic,132106.25625175206
HAWAI'I ISLAND,6,2019,International,31458.08721813048
HAWAI'I ISLAND,6,2019,Total,163564.34346995232
HAWAI'I ISLAND,3,2019,Domestic,123932.4250648773
HAWAI'I ISLAND,3,2019,International,37155.065534593334
HAWAI'I ISLAND,3,2019,Total,161087.4905994608
HAWAI'I ISLAND,5,2019,Domestic,110874.55374707456
HAWAI'I ISLAND,5,2019,International,28821.735989309625
HAWAI'I ISLAND,5,2019,Total,139696.28973644806
HAWAI'I ISLAND,11,2019,Domestic,101649.67237940818
HAWAI'I ISLAND,11,2019,International,30063.03300026238
HAWAI'I ISLAND,11,2019,Total,131712.70537967826
HAWAI'I ISLAND,10,2019,Domestic,100767.79140055271
HAWAI'I ISLAND,10,2019,International,29568.46346240566
HAWAI'I ISLAND,10,2019,Total,130336.25486293889
HAWAI'I ISLAND,9,2019,Domestic,82118.11140308838
HAWAI'I ISLAND,9,2019,International,30020.376576409144
HAWAI'I ISLAND,9,2019,Total,112138.48797947454
HAWAI'I ISLAND,4,2020,Domestic,700.6018401605385
HAWAI'I ISLAND,4,2020,International,0.0
HAWAI'I ISLAND,4,2020,Total,700.6018401605385
HAWAI'I ISLAND,8,2020,Domestic,3683.0698739813106
HAWAI'I ISLAND,8,2020,International,0.0
HAWAI'I ISLAND,8,2020,Total,3683.0698739813106
HAWAI'I ISLAND,12,2020,Domestic,48097.31573068441
HAWAI'I ISLAND,12,2020,International,49.628578264234754
HAWAI'I ISLAND,12,2020,Total,48146.944308948616
HAWAI'I ISLAND,2,2020,Domestic,116576.46533004942
HAWAI'I ISLAND,2,2020,International,31627.534369537196
HAWAI'I ISLAND,2,2020,Total,148203.99969957615
HAWAI'I ISLAND,1,2020,Domestic,119181.42812072003
HAWAI'I ISLAND,1,2020,International,46115.750478840484
HAWAI'I ISLAND,1,2020,Total,165297.17859958037
HAWAI'I ISLAND,7,2020,Domestic,3608.481367884263
HAWAI'I ISLAND,7,2020,International,0.0
HAWAI'I ISLAND,7,2020,Total,3608.481367884263
HAWAI'I ISLAND,6,2020,Domestic,2605.4033081033763
HAWAI'I ISLAND,6,2020,International,0.0
HAWAI'I ISLAND,6,2020,Total,2605.4033081033763
HAWAI'I ISLAND,3,2020,Domestic,64486.00685479408
HAWAI'I ISLAND,3,2020,International,13446.873361722075
HAWAI'I ISLAND,3,2020,Total,77932.88021649333
HAWAI'I ISLAND,5,2020,Domestic,1299.6862856160985
HAWAI'I ISLAND,5,2020,International,0.0
HAWAI'I ISLAND,5,2020,Total,1299.6862856160985
HAWAI'I ISLAND,11,2020,Domestic,28009.592250188707
HAWAI'I ISLAND,11,2020,International,46.60254372019078
HAWAI'I ISLAND,11,2020,Total,28056.1947939089
HAWAI'I ISLAND,10,2020,Domestic,10640.884772660866
HAWAI'I ISLAND,10,2020,International,0.0
HAWAI'I ISLAND,10,2020,Total,10640.884772660866
HAWAI'I ISLAND,9,2020,Domestic,3640.696347655661
HAWAI'I ISLAND,9,2020,International,1.0
HAWAI'I ISLAND,9,2020,Total,3641.696347655661
HAWAI'I ISLAND,4,2021,Domestic,81934.46606913971
HAWAI'I ISLAND,4,2021,International,27.0474880224406
HAWAI'I ISLAND,4,2021,Total,81961.51355716212
HAWAI'I ISLAND,8,2021,Domestic,119863.86503249318
HAWAI'I ISLAND,8,2021,International,116.99749401225762
HAWAI'I ISLAND,8,2021,Total,119980.86252650555
HAWAI'I ISLAND,12,2021,Domestic,137914.23327734828
HAWAI'I ISLAND,12,2021,International,5954.734652023231
HAWAI'I ISLAND,12,2021,Total,143868.9679293771
HAWAI'I ISLAND,2,2021,Domestic,46522.79543129341
HAWAI'I ISLAND,2,2021,International,36.311153969784634
HAWAI'I ISLAND,2,2021,Total,46559.106585263195
HAWAI'I ISLAND,1,2021,Domestic,33936.74692818744
HAWAI'I ISLAND,1,2021,International,341.6239361756477
HAWAI'I ISLAND,1,2021,Total,34278.370864363096
HAWAI'I ISLAND,7,2021,Domestic,149248.1988102705
HAWAI'I ISLAND,7,2021,International,101.1509470863051
HAWAI'I ISLAND,7,2021,Total,149349.3497573567
HAWAI'I ISLAND,6,2021,Domestic,136667.97700772868
HAWAI'I ISLAND,6,2021,International,81.75335406104938
HAWAI'I ISLAND,6,2021,Total,136749.73036178964
HAWAI'I ISLAND,3,2021,Domestic,82650.22996119468
HAWAI'I ISLAND,3,2021,International,32.05347985347985
HAWAI'I ISLAND,3,2021,Total,82682.28344104819
HAWAI'I ISLAND,5,2021,Domestic,102802.16254017878
HAWAI'I ISLAND,5,2021,International,36.68585283927849
HAWAI'I ISLAND,5,2021,Total,102838.84839301802
HAWAI'I ISLAND,11,2021,Domestic,107214.34570358276
HAWAI'I ISLAND,11,2021,International,3487.96382130398
HAWAI'I ISLAND,11,2021,Total,110702.30952488435
HAWAI'I ISLAND,10,2021,Domestic,93782.76057227598
HAWAI'I ISLAND,10,2021,International,390.8465549795976
HAWAI'I ISLAND,10,2021,Total,94173.60712725575
HAWAI'I ISLAND,9,2021,Domestic,80191.32370836427
HAWAI'I ISLAND,9,2021,International,121.7245805801104
HAWAI'I ISLAND,9,2021,Total,80313.04828894408
HAWAI'I ISLAND,4,2022,Domestic,132592.32128100708
HAWAI'I ISLAND,4,2022,International,7971.099883611322
HAWAI'I ISLAND,4,2022,Total,140563.4211646095
HAWAI'I ISLAND,8,2022,Domestic,136799.83774276116
HAWAI'I ISLAND,8,2022,International,10173.264433760289
HAWAI'I ISLAND,8,2022,Total,146973.1021765275
HAWAI'I ISLAND,12,2022,Domestic,139385.49466014057
HAWAI'I ISLAND,12,2022,International,19470.84965224409
HAWAI'I ISLAND,12,2022,Total,158856.34431238676
HAWAI'I ISLAND,2,2022,Domestic,107598.92567006695
HAWAI'I ISLAND,2,2022,International,4619.580541214584
HAWAI'I ISLAND,2,2022,Total,112218.50621128324
HAWAI'I ISLAND,1,2022,Domestic,106050.18471108051
HAWAI'I ISLAND,1,2022,International,4615.006581911238
HAWAI'I ISLAND,1,2022,Total,110665.19129299873
HAWAI'I ISLAND,7,2022,Domestic,161778.76246797558
HAWAI'I ISLAND,7,2022,International,8725.696187761692
HAWAI'I ISLAND,7,2022,Total,170504.4586557328
HAWAI'I ISLAND,6,2022,Domestic,149869.61781702127
HAWAI'I ISLAND,6,2022,International,7583.859224478444
HAWAI'I ISLAND,6,2022,Total,157453.47704150056
HAWAI'I ISLAND,3,2022,Domestic,132241.7216742609
HAWAI'I ISLAND,3,2022,International,9875.114964618588
HAWAI'I ISLAND,3,2022,Total,142116.8366388763
HAWAI'I ISLAND,5,2022,Domestic,133693.39876070456
HAWAI'I ISLAND,5,2022,International,6292.1078887286485
HAWAI'I ISLAND,5,2022,Total,139985.50664942028
HAWAI'I ISLAND,11,2022,Domestic,113144.03896239208
HAWAI'I ISLAND,11,2022,International,14453.2428100274
HAWAI'I ISLAND,11,2022,Total,127597.28177239627
HAWAI'I ISLAND,10,2022,Domestic,131999.81382685225
HAWAI'I ISLAND,10,2022,International,9537.664536111646
HAWAI'I ISLAND,10,2022,Total,141537.47836294526
HAWAI'I ISLAND,9,2022,Domestic,111468.93350561893
HAWAI'I ISLAND,9,2022,International,7692.223496200951
HAWAI'I ISLAND,9,2022,Total,119161.15700180642
HILO,4,1990,Domestic,
HILO,4,1990,International,
HILO,4,1990,Total,
HILO,8,1990,Domestic,
HILO,8,1990,International,
HILO,8,1990,Total,
HILO,12,1990,Domestic,
HILO,12,1990,International,
HILO,12,1990,Total,
HILO,2,1990,Domestic,
HILO,2,1990,International,
HILO,2,1990,Total,
HILO,1,1990,Domestic,
HILO,1,1990,International,
HILO,1,1990,Total,
HILO,7,1990,Domestic,
HILO,7,1990,International,
HILO,7,1990,Total,
HILO,6,1990,Domestic,
HILO,6,1990,International,
HILO,6,1990,Total,
HILO,3,1990,Domestic,
HILO,3,1990,International,
HILO,3,1990,Total,
HILO,5,1990,Domestic,
HILO,5,1990,International,
HILO,5,1990,Total,
HILO,11,1990,Domestic,
HILO,11,1990,International,
HILO,11,1990,Total,
HILO,10,1990,Domestic,
HILO,10,1990,International,
HILO,10,1990,Total,
HILO,9,1990,Domestic,
HILO,9,1990,International,
HILO,9,1990,Total,
HILO,4,1991,Domestic,23568.79078931692
HILO,4,1991,International,5391.839299934408
HILO,4,1991,Total,28960.630089251328
HILO,8,1991,Domestic,22109.390093191163
HILO,8,1991,International,10418.617735771964
HILO,8,1991,Total,32528.007828963127
HILO,12,1991,Domestic,18684.06178222129
HILO,12,1991,International,13222.985466988595
HILO,12,1991,Total,31907.047249209885
HILO,2,1991,Domestic,20455.281299025835
HILO,2,1991,International,5385.978550741633
HILO,2,1991,Total,25841.25984976747
HILO,1,1991,Domestic,22692.751883650082
HILO,1,1991,International,9367.22464782155
HILO,1,1991,Total,32059.97653147163
HILO,7,1991,Domestic,26908.16441960772
HILO,7,1991,International,9159.10296239098
HILO,7,1991,Total,36067.2673819987
HILO,6,1991,Domestic,24170.78598387271
HILO,6,1991,International,5591.717182728042
HILO,6,1991,Total,29762.50316660075
HILO,3,1991,Domestic,25374.218080173076
HILO,3,1991,International,7901.028287275363
HILO,3,1991,Total,33275.24636744844
HILO,5,1991,Domestic,25317.019369071666
HILO,5,1991,International,6719.026038288607
HILO,5,1991,Total,32036.045407360274
HILO,11,1991,Domestic,21223.225964387922
HILO,11,1991,International,8501.949065465518
HILO,11,1991,Total,29725.17502985344
HILO,10,1991,Domestic,20098.27018854428
HILO,10,1991,International,8179.57925036673
HILO,10,1991,Total,28277.84943891101
HILO,9,1991,Domestic,15438.140220124711
HILO,9,1991,International,5866.2408588126855
HILO,9,1991,Total,21304.381078937397
HILO,4,1992,Domestic,22364.197533709226
HILO,4,1992,International,8042.612653461157
HILO,4,1992,Total,30406.810187170384
HILO,8,1992,Domestic,25786.1596139539
HILO,8,1992,International,7920.273332439692
HILO,8,1992,Total,33706.432946393594
HILO,12,1992,Domestic,24695.076534745385
HILO,12,1992,International,12886.221136469649
HILO,12,1992,Total,37581.297671215034
HILO,2,1992,Domestic,20404.345053739828
HILO,2,1992,International,7103.184261426185
HILO,2,1992,Total,27507.52931516601
HILO,1,1992,Domestic,25439.16924711348
HILO,1,1992,International,7208.703752007092
HILO,1,1992,Total,32647.872999120573
HILO,7,1992,Domestic,27785.782158357124
HILO,7,1992,International,9064.561566594362
HILO,7,1992,Total,36850.34372495148
HILO,6,1992,Domestic,25837.858738801136
HILO,6,1992,International,11465.290817008698
HILO,6,1992,Total,37303.14955580983
HILO,3,1992,Domestic,28670.249730061263
HILO,3,1992,International,6815.115913701284
HILO,3,1992,Total,35485.36564376255
HILO,5,1992,Domestic,21339.445013601813
HILO,5,1992,International,7693.219900184823
HILO,5,1992,Total,29032.664913786637
HILO,11,1992,Domestic,27145.494456990367
HILO,11,1992,International,7967.54911406261
HILO,11,1992,Total,35113.04357105298
HILO,10,1992,Domestic,28745.410304782796
HILO,10,1992,International,7579.515354680515
HILO,10,1992,Total,36324.92565946331
HILO,9,1992,Domestic,22671.2168965126
HILO,9,1992,International,8489.070034402073
HILO,9,1992,Total,31160.286930914674
HILO,4,1993,Domestic,22651.497722570577
HILO,4,1993,International,6763.083855252316
HILO,4,1993,Total,29414.581577822893
HILO,8,1993,Domestic,23249.966348507434
HILO,8,1993,International,3184.772221236679
HILO,8,1993,Total,26434.738569744113
HILO,12,1993,Domestic,19716.191490319652
HILO,12,1993,International,6082.084106181365
HILO,12,1993,Total,25798.27559650102
HILO,2,1993,Domestic,21520.949505928344
HILO,2,1993,International,6751.116579533264
HILO,2,1993,Total,28272.066085461607
HILO,1,1993,Domestic,21257.97096397654
HILO,1,1993,International,12605.478306618576
HILO,1,1993,Total,33863.44927059511
HILO,7,1993,Domestic,25300.162290274297
HILO,7,1993,International,4719.573630130904
HILO,7,1993,Total,30019.7359204052
HILO,6,1993,Domestic,22803.9976767433
HILO,6,1993,International,8510.055817402776
HILO,6,1993,Total,31314.053494146076
HILO,3,1993,Domestic,25662.403986298967
HILO,3,1993,International,9657.94931070789
HILO,3,1993,Total,35320.353297006855
HILO,5,1993,Domestic,20142.960934715382
HILO,5,1993,International,9102.495029446423
HILO,5,1993,Total,29245.455964161803
HILO,11,1993,Domestic,21186.426759179936
HILO,11,1993,International,3468.578558170207
HILO,11,1993,Total,24655.005317350144
HILO,10,1993,Domestic,23173.59319281063
HILO,10,1993,International,6432.387181233179
HILO,10,1993,Total,29605.980374043807
HILO,9,1993,Domestic,19992.31319376544
HILO,9,1993,International,8564.863532121117
HILO,9,1993,Total,28557.17672588656
HILO,4,1994,Domestic,22249.111542364633
HILO,4,1994,International,6390.923957442919
HILO,4,1994,Total,28640.035499807553
HILO,8,1994,Domestic,20722.621985679245
HILO,8,1994,International,5619.526020077978
HILO,8,1994,Total,26342.148005757223
HILO,12,1994,Domestic,21954.593138641358
HILO,12,1994,International,7882.204749289644
HILO,12,1994,Total,29836.797887931003
HILO,2,1994,Domestic,22282.58183788113
HILO,2,1994,International,9743.089496415216
HILO,2,1994,Total,32025.67133429635
HILO,1,1994,Domestic,20932.01736473553
HILO,1,1994,International,8368.159975102782
HILO,1,1994,Total,29300.177339838312
HILO,7,1994,Domestic,24866.47733408737
HILO,7,1994,International,6376.259904179526
HILO,7,1994,Total,31242.737238266895
HILO,6,1994,Domestic,26131.66419757278
HILO,6,1994,International,5991.43501509211
HILO,6,1994,Total,32123.09921266489
HILO,3,1994,Domestic,24382.36939037573
HILO,3,1994,International,7381.697097255004
HILO,3,1994,Total,31764.066487630735
HILO,5,1994,Domestic,20308.314717245943
HILO,5,1994,International,5808.276388626241
HILO,5,1994,Total,26116.591105872183
HILO,11,1994,Domestic,22852.0581252702
HILO,11,1994,International,4439.566421113143
HILO,11,1994,Total,27291.624546383344
HILO,10,1994,Domestic,20541.051673184953
HILO,10,1994,International,5249.645247986152
HILO,10,1994,Total,25790.696921171104
HILO,9,1994,Domestic,17160.82872986148
HILO,9,1994,International,4505.230509591805
HILO,9,1994,Total,21666.059239453287
HILO,4,1995,Domestic,23103.26419647468
HILO,4,1995,International,5333.632426951949
HILO,4,1995,Total,28436.89662342663
HILO,8,1995,Domestic,21272.604467380304
HILO,8,1995,International,9993.983774419603
HILO,8,1995,Total,31266.58824179991
HILO,12,1995,Domestic,21557.66787587596
HILO,12,1995,International,10658.024620176739
HILO,12,1995,Total,32215.692496052696
HILO,2,1995,Domestic,22822.772869776436
HILO,2,1995,International,7796.654611829691
HILO,2,1995,Total,30619.427481606126
HILO,1,1995,Domestic,23272.835206148502
HILO,1,1995,International,8489.753859834644
HILO,1,1995,Total,31762.589065983146
HILO,7,1995,Domestic,24591.452141018573
HILO,7,1995,International,10881.59393395724
HILO,7,1995,Total,35473.04607497581
HILO,6,1995,Domestic,23954.033404399586
HILO,6,1995,International,7727.86425607965
HILO,6,1995,Total,31681.897660479237
HILO,3,1995,Domestic,22921.41488568108
HILO,3,1995,International,10359.63849715869
HILO,3,1995,Total,33281.05338283977
HILO,5,1995,Domestic,18820.04621939091
HILO,5,1995,International,5236.612123143036
HILO,5,1995,Total,24056.65834253395
HILO,11,1995,Domestic,19771.961787138105
HILO,11,1995,International,6391.270826448661
HILO,11,1995,Total,26163.232613586766
HILO,10,1995,Domestic,22376.76822971491
HILO,10,1995,International,9156.3013916457
HILO,10,1995,Total,31533.069621360613
HILO,9,1995,Domestic,18457.426309345225
HILO,9,1995,International,7679.145408779188
HILO,9,1995,Total,26136.57171812441
HILO,4,1996,Domestic,20304.01053419442
HILO,4,1996,International,3329.3196853557693
HILO,4,1996,Total,23633.33021955019
HILO,8,1996,Domestic,21574.228990103555
HILO,8,1996,International,15037.2593447095
HILO,8,1996,Total,36611.48833481305
HILO,12,1996,Domestic,21430.794326846648
HILO,12,1996,International,10644.076369354045
HILO,12,1996,Total,32074.87069620069
HILO,2,1996,Domestic,22909.237721743368
HILO,2,1996,International,6000.6538558298225
HILO,2,1996,Total,28909.89157757319
HILO,1,1996,Domestic,20284.64056170699
HILO,1,1996,International,8814.150881347416
HILO,1,1996,Total,29098.791443054404
HILO,7,1996,Domestic,25292.38399454837
HILO,7,1996,International,15058.659578630492
HILO,7,1996,Total,40351.04357317886
HILO,6,1996,Domestic,24544.63828168039
HILO,6,1996,International,5588.211472998145
HILO,6,1996,Total,30132.849754678533
HILO,3,1996,Domestic,22352.05239281381
HILO,3,1996,International,5979.502537014677
HILO,3,1996,Total,28331.554929828486
HILO,5,1996,Domestic,22887.048903645093
HILO,5,1996,International,13741.072819132825
HILO,5,1996,Total,36628.12172277792
HILO,11,1996,Domestic,20587.677203963056
HILO,11,1996,International,6656.974645268618
HILO,11,1996,Total,27244.651849231675
HILO,10,1996,Domestic,21956.015605922945
HILO,10,1996,International,8408.87484620982
HILO,10,1996,Total,30364.890452132764
HILO,9,1996,Domestic,19235.921856118166
HILO,9,1996,International,12428.078784064153
HILO,9,1996,Total,31664.00064018232
HILO,4,1997,Domestic,24261.819898910566
HILO,4,1997,International,8941.11465346432
HILO,4,1997,Total,33202.934552374885
HILO,8,1997,Domestic,23271.132691869
HILO,8,1997,International,12686.52111903992
HILO,8,1997,Total,35957.653810908916
HILO,12,1997,Domestic,21298.873538453307
HILO,12,1997,International,7302.77055897498
HILO,12,1997,Total,28601.64409742829
HILO,2,1997,Domestic,23677.785416020553
HILO,2,1997,International,8966.296102815986
HILO,2,1997,Total,32644.081518836538
HILO,1,1997,Domestic,21652.39908201477
HILO,1,1997,International,8303.208896424885
HILO,1,1997,Total,29955.607978439657
HILO,7,1997,Domestic,26160.034486558165
HILO,7,1997,International,5979.136224648109
HILO,7,1997,Total,32139.170711206272
HILO,6,1997,Domestic,22716.426781119742
HILO,6,1997,International,3829.0321636857047
HILO,6,1997,Total,26545.458944805447
HILO,3,1997,Domestic,27143.29345618137
HILO,3,1997,International,11582.702198280027
HILO,3,1997,Total,38725.995654461396
HILO,5,1997,Domestic,20751.157908381472
HILO,5,1997,International,13493.561429331085
HILO,5,1997,Total,34244.71933771256
HILO,11,1997,Domestic,21788.25299937611
HILO,11,1997,International,5840.549504307557
HILO,11,1997,Total,27628.802503683666
HILO,10,1997,Domestic,23877.678114479717
HILO,10,1997,International,10735.677284674437
HILO,10,1997,Total,34613.355399154156
HILO,9,1997,Domestic,18872.362490741194
HILO,9,1997,International,5945.365404018434
HILO,9,1997,Total,24817.727894759628
HILO,4,1998,Domestic,22679.35049382935
HILO,4,1998,International,9716.338877643342
HILO,4,1998,Total,32395.689371472694
HILO,8,1998,Domestic,22358.71094384839
HILO,8,1998,International,8802.564891896021
HILO,8,1998,Total,31161.27583574441
HILO,12,1998,Domestic,26408.61289092302
HILO,12,1998,International,11255.254426803276
HILO,12,1998,Total,37663.8673177263
HILO,2,1998,Domestic,23220.109934177945
HILO,2,1998,International,14886.473767295634
HILO,2,1998,Total,38106.58370147358
HILO,1,1998,Domestic,21562.181269271696
HILO,1,1998,International,11408.517579907777
HILO,1,1998,Total,32970.69884917948
HILO,7,1998,Domestic,27544.078215712907
HILO,7,1998,International,8376.167213759269
HILO,7,1998,Total,35920.245429472176
HILO,6,1998,Domestic,25536.62881802845
HILO,6,1998,International,7674.7725613920475
HILO,6,1998,Total,33211.401379420495
HILO,3,1998,Domestic,25089.43178067633
HILO,3,1998,International,10638.396234821552
HILO,3,1998,Total,35727.82801549788
HILO,5,1998,Domestic,27153.347227933587
HILO,5,1998,International,8540.024068054383
HILO,5,1998,Total,35693.37129598797
HILO,11,1998,Domestic,22465.136487927255
HILO,11,1998,International,12020.067503550948
HILO,11,1998,Total,34485.20399147821
HILO,10,1998,Domestic,26709.928738383886
HILO,10,1998,International,8925.493406283762
HILO,10,1998,Total,35635.422144667646
HILO,9,1998,Domestic,22119.804416691135
HILO,9,1998,International,8843.198669178335
HILO,9,1998,Total,30963.00308586947
HILO,4,1999,Domestic,26039.170376113503
HILO,4,1999,International,10752.07531289008
HILO,4,1999,Total,36791.24568900358
HILO,8,1999,Domestic,23911.109398847602
HILO,8,1999,International,8871.62538648454
HILO,8,1999,Total,32782.73478533214
HILO,12,1999,Domestic,22079.329973028725
HILO,12,1999,International,15435.721883173592
HILO,12,1999,Total,37515.05185620232
HILO,2,1999,Domestic,23362.270598933574
HILO,2,1999,International,11227.034231530764
HILO,2,1999,Total,34589.30483046434
HILO,1,1999,Domestic,22570.07446990905
HILO,1,1999,International,10959.733568981797
HILO,1,1999,Total,33529.80803889085
HILO,7,1999,Domestic,28337.026405534296
HILO,7,1999,International,13662.92553322779
HILO,7,1999,Total,41999.95193876208
HILO,6,1999,Domestic,24864.054902861804
HILO,6,1999,International,9643.942385515382
HILO,6,1999,Total,34507.997288377184
HILO,3,1999,Domestic,27517.943251505898
HILO,3,1999,International,13619.500600269123
HILO,3,1999,Total,41137.443851775024
HILO,5,1999,Domestic,22184.911491204144
HILO,5,1999,International,12524.168845542341
HILO,5,1999,Total,34709.08033674648
HILO,11,1999,Domestic,23075.382791468626
HILO,11,1999,International,7690.355961395933
HILO,11,1999,Total,30765.73875286456
HILO,10,1999,Domestic,32840.892863241206
HILO,10,1999,International,8098.9160440077285
HILO,10,1999,Total,40939.80890724894
HILO,9,1999,Domestic,21312.093439888682
HILO,9,1999,International,9200.483715183274
HILO,9,1999,Total,30512.57715507196
HILO,4,2000,Domestic,23702.42222726738
HILO,4,2000,International,7815.957436642503
HILO,4,2000,Total,31518.379663909884
HILO,8,2000,Domestic,23181.0
HILO,8,2000,International,11261.057971617603
HILO,8,2000,Total,34442.0579716176
HILO,12,2000,Domestic,23981.0
HILO,12,2000,International,10497.319757799063
HILO,12,2000,Total,34478.319757799065
HILO,2,2000,Domestic,22139.772241072595
HILO,2,2000,International,7262.491241440465
HILO,2,2000,Total,29402.26348251306
HILO,1,2000,Domestic,17367.0
HILO,1,2000,International,8950.502951066039
HILO,1,2000,Total,26317.50295106604
HILO,7,2000,Domestic,27987.0
HILO,7,2000,International,8234.088142376071
HILO,7,2000,Total,36221.08814237607
HILO,6,2000,Domestic,25260.156690102358
HILO,6,2000,International,8704.882201277242
HILO,6,2000,Total,33965.0388913796
HILO,3,2000,Domestic,23120.754968082794
HILO,3,2000,International,7266.5700235296845
HILO,3,2000,Total,30387.324991612477
HILO,5,2000,Domestic,23304.70005926906
HILO,5,2000,International,9818.590827830401
HILO,5,2000,Total,33123.29088709946
HILO,11,2000,Domestic,17611.0
HILO,11,2000,International,5988.269800060777
HILO,11,2000,Total,23599.269800060778
HILO,10,2000,Domestic,25434.0
HILO,10,2000,International,5233.3160229851555
HILO,10,2000,Total,30667.316022985156
HILO,9,2000,Domestic,19877.0
HILO,9,2000,International,6196.3299529019505
HILO,9,2000,Total,26073.32995290195
HILO,4,2001,Domestic,22580.4
HILO,4,2001,International,8086.8095922603015
HILO,4,2001,Total,30667.209592260304
HILO,8,2001,Domestic,26404.4
HILO,8,2001,International,10616.32476121388
HILO,8,2001,Total,37020.72476121388
HILO,12,2001,Domestic,20248.4
HILO,12,2001,International,5039.856988163424
HILO,12,2001,Total,25288.256988163426
HILO,2,2001,Domestic,22854.4
HILO,2,2001,International,9360.41282809815
HILO,2,2001,Total,32214.81282809815
HILO,1,2001,Domestic,21681.4
HILO,1,2001,International,9680.482651743709
HILO,1,2001,Total,31361.882651743712
HILO,7,2001,Domestic,30691.4
HILO,7,2001,International,11468.197795647035
HILO,7,2001,Total,42159.59779564704
HILO,6,2001,Domestic,27930.4
HILO,6,2001,International,9466.500884622095
HILO,6,2001,Total,37396.9008846221
HILO,3,2001,Domestic,27467.4
HILO,3,2001,International,8560.019607371969
HILO,3,2001,Total,36027.41960737197
HILO,5,2001,Domestic,23620.4
HILO,5,2001,International,11477.024963344824
HILO,5,2001,Total,35097.42496334483
HILO,11,2001,Domestic,19582.4
HILO,11,2001,International,7692.083516676249
HILO,11,2001,Total,27274.48351667625
HILO,10,2001,Domestic,25405.4
HILO,10,2001,International,4822.926664324639
HILO,10,2001,Total,30228.32666432464
HILO,9,2001,Domestic,17695.4
HILO,9,2001,International,4915.1514610248005
HILO,9,2001,Total,22610.551461024803
HILO,4,2002,Domestic,24069.660266984098
HILO,4,2002,International,9355.338081903154
HILO,4,2002,Total,33424.99834888725
HILO,8,2002,Domestic,28886.37092349263
HILO,8,2002,International,11789.192166132025
HILO,8,2002,Total,40675.56308962465
HILO,12,2002,Domestic,30033.052814250976
HILO,12,2002,International,13322.334809791142
HILO,12,2002,Total,43355.387624042116
HILO,2,2002,Domestic,24760.352580078943
HILO,2,2002,International,10824.345905924647
HILO,2,2002,Total,35584.69848600359
HILO,1,2002,Domestic,18835.26323671626
HILO,1,2002,International,7663.0
HILO,1,2002,Total,26498.26323671626
HILO,7,2002,Domestic,31207.288267092586
HILO,7,2002,International,10631.562232282351
HILO,7,2002,Total,41838.85049937494
HILO,6,2002,Domestic,27046.35358745379
HILO,6,2002,International,12069.159664457538
HILO,6,2002,Total,39115.513251911325
HILO,3,2002,Domestic,23228.313566496407
HILO,3,2002,International,12671.651505496307
HILO,3,2002,Total,35899.965071992716
HILO,5,2002,Domestic,26112.580279044978
HILO,5,2002,International,6508.5734890538815
HILO,5,2002,Total,32621.15376809886
HILO,11,2002,Domestic,26367.022600392254
HILO,11,2002,International,12236.962376660033
HILO,11,2002,Total,38603.984977052285
HILO,10,2002,Domestic,32851.38315624587
HILO,10,2002,International,12969.189933826055
HILO,10,2002,Total,45820.57309007193
HILO,9,2002,Domestic,25024.107549595064
HILO,9,2002,International,9986.089677608152
HILO,9,2002,Total,35010.197227203214
HILO,4,2003,Domestic,29846.547388773033
HILO,4,2003,International,7461.003214751702
HILO,4,2003,Total,37307.55060352474
HILO,8,2003,Domestic,29080.73611212289
HILO,8,2003,International,10426.659480452096
HILO,8,2003,Total,39507.39559257498
HILO,12,2003,Domestic,28875.696627811925
HILO,12,2003,International,12598.106711250417
HILO,12,2003,Total,41473.803339062346
HILO,2,2003,Domestic,26311.654988169877
HILO,2,2003,International,12284.866745670632
HILO,2,2003,Total,38596.521733840505
HILO,1,2003,Domestic,27174.92952528544
HILO,1,2003,International,10720.812372662043
HILO,1,2003,Total,37895.74189794748
HILO,7,2003,Domestic,33047.60940797545
HILO,7,2003,International,10996.610195938376
HILO,7,2003,Total,44044.21960391382
HILO,6,2003,Domestic,29704.860560594087
HILO,6,2003,International,7277.138252212722
HILO,6,2003,Total,36981.99881280681
HILO,3,2003,Domestic,30327.657051080976
HILO,3,2003,International,13085.603170320224
HILO,3,2003,Total,43413.2602214012
HILO,5,2003,Domestic,28531.22956087862
HILO,5,2003,International,8071.945630840491
HILO,5,2003,Total,36603.17519171911
HILO,11,2003,Domestic,23391.335899057667
HILO,11,2003,International,9817.296170177702
HILO,11,2003,Total,33208.63206923537
HILO,10,2003,Domestic,27884.04731402385
HILO,10,2003,International,11304.695189789325
HILO,10,2003,Total,39188.74250381318
HILO,9,2003,Domestic,21106.203543108742
HILO,9,2003,International,10284.464699710741
HILO,9,2003,Total,31390.668242819484
HILO,4,2004,Domestic,26184.483651092494
HILO,4,2004,International,11886.404539294623
HILO,4,2004,Total,38070.888190387115
HILO,8,2004,Domestic,31025.93790305962
HILO,8,2004,International,13144.572883244624
HILO,8,2004,Total,44170.51078630424
HILO,12,2004,Domestic,32560.971576671618
HILO,12,2004,International,11357.273195939344
HILO,12,2004,Total,43918.24477261096
HILO,2,2004,Domestic,24401.408147334914
HILO,2,2004,International,12753.730101729077
HILO,2,2004,Total,37155.138249063995
HILO,1,2004,Domestic,25883.03276104995
HILO,1,2004,International,10975.354029951373
HILO,1,2004,Total,36858.38679100132
HILO,7,2004,Domestic,37492.0938876936
HILO,7,2004,International,9987.125496734203
HILO,7,2004,Total,47479.2193844278
HILO,6,2004,Domestic,28171.9834149541
HILO,6,2004,International,10813.055730492057
HILO,6,2004,Total,38985.03914544616
HILO,3,2004,Domestic,27937.47099423769
HILO,3,2004,International,10308.02819307315
HILO,3,2004,Total,38245.49918731084
HILO,5,2004,Domestic,24602.40396318882
HILO,5,2004,International,9975.04954081688
HILO,5,2004,Total,34577.4535040057
HILO,11,2004,Domestic,27715.404885088858
HILO,11,2004,International,13454.514426828142
HILO,11,2004,Total,41169.919311917
HILO,10,2004,Domestic,32691.970371959585
HILO,10,2004,International,11236.734977333803
HILO,10,2004,Total,43928.70534929339
HILO,9,2004,Domestic,26324.750441981494
HILO,9,2004,International,11023.016532227315
HILO,9,2004,Total,37347.76697420881
HILO,4,2005,Domestic,31059.899325667786
HILO,4,2005,International,11324.293914304139
HILO,4,2005,Total,42384.19323997192
HILO,8,2005,Domestic,42288.71518535434
HILO,8,2005,International,12063.083763628747
HILO,8,2005,Total,54351.79894898309
HILO,12,2005,Domestic,41954.938933349375
HILO,12,2005,International,14890.082442544288
HILO,12,2005,Total,56845.02137589366
HILO,2,2005,Domestic,31522.72664006599
HILO,2,2005,International,14172.373572663995
HILO,2,2005,Total,45695.10021272999
HILO,1,2005,Domestic,31565.304062570885
HILO,1,2005,International,16592.60219706893
HILO,1,2005,Total,48157.906259639814
HILO,7,2005,Domestic,45814.479506599426
HILO,7,2005,International,12907.163009466749
HILO,7,2005,Total,58721.642516066175
HILO,6,2005,Domestic,37048.718384121465
HILO,6,2005,International,10672.237853181907
HILO,6,2005,Total,47720.95623730337
HILO,3,2005,Domestic,35484.43238793717
HILO,3,2005,International,13054.262543785395
HILO,3,2005,Total,48538.694931722566
HILO,5,2005,Domestic,30670.756003470982
HILO,5,2005,International,13844.891318709033
HILO,5,2005,Total,44515.64732218001
HILO,11,2005,Domestic,33344.47880500637
HILO,11,2005,International,11830.57380175517
HILO,11,2005,Total,45175.05260676154
HILO,10,2005,Domestic,39158.383314161285
HILO,10,2005,International,14039.88208963998
HILO,10,2005,Total,53198.26540380126
HILO,9,2005,Domestic,33239.65333395
HILO,9,2005,International,14523.263259938321
HILO,9,2005,Total,47762.91659388832
HILO,4,2006,Domestic,35813.324317184764
HILO,4,2006,International,9118.887534732032
HILO,4,2006,Total,44932.2118519168
HILO,8,2006,Domestic,47358.532594026205
HILO,8,2006,International,13593.512304315274
HILO,8,2006,Total,60952.04489834148
HILO,12,2006,Domestic,50507.47493453027
HILO,12,2006,International,14920.285858642546
HILO,12,2006,Total,65427.76079317281
HILO,2,2006,Domestic,36828.957495948336
HILO,2,2006,International,14730.673946353387
HILO,2,2006,Total,51559.631442301725
HILO,1,2006,Domestic,37894.23510206941
HILO,1,2006,International,19533.60709330671
HILO,1,2006,Total,57427.84219537612
HILO,7,2006,Domestic,57320.48616661264
HILO,7,2006,International,11079.213027487434
HILO,7,2006,Total,68399.69919410007
HILO,6,2006,Domestic,50313.637135184654
HILO,6,2006,International,12872.841481495681
HILO,6,2006,Total,63186.47861668034
HILO,3,2006,Domestic,39042.41886145311
HILO,3,2006,International,12475.467430760322
HILO,3,2006,Total,51517.88629221343
HILO,5,2006,Domestic,31930.176455156303
HILO,5,2006,International,7743.558029892318
HILO,5,2006,Total,39673.73448504862
HILO,11,2006,Domestic,38989.52727244786
HILO,11,2006,International,14123.15199343067
HILO,11,2006,Total,53112.67926587853
HILO,10,2006,Domestic,44557.49946348851
HILO,10,2006,International,20015.39290378901
HILO,10,2006,Total,64572.89236727751
HILO,9,2006,Domestic,41466.15041129899
HILO,9,2006,International,15763.476592148221
HILO,9,2006,Total,57229.62700344721
HILO,4,2007,Domestic,47113.988878428325
HILO,4,2007,International,12250.441422114414
HILO,4,2007,Total,59364.430300542735
HILO,8,2007,Domestic,53672.352717236994
HILO,8,2007,International,14883.59357614315
HILO,8,2007,Total,68555.94629338014
HILO,12,2007,Domestic,47647.16385186325
HILO,12,2007,International,17246.5559157585
HILO,12,2007,Total,64893.719767621755
HILO,2,2007,Domestic,43475.322093729876
HILO,2,2007,International,14742.907219183357
HILO,2,2007,Total,58218.22931291323
HILO,1,2007,Domestic,44853.041286038046
HILO,1,2007,International,15888.595598529835
HILO,1,2007,Total,60741.63688456788
HILO,7,2007,Domestic,54445.214631023395
HILO,7,2007,International,13443.87062400354
HILO,7,2007,Total,67889.08525502693
HILO,6,2007,Domestic,54845.34101192897
HILO,6,2007,International,12865.108817926894
HILO,6,2007,Total,67710.44982985586
HILO,3,2007,Domestic,51113.67457113771
HILO,3,2007,International,13302.9743448954
HILO,3,2007,Total,64416.64891603311
HILO,5,2007,Domestic,45093.77814196459
HILO,5,2007,International,11424.530505761266
HILO,5,2007,Total,56518.308647725855
HILO,11,2007,Domestic,37459.59726806888
HILO,11,2007,International,12561.129494832076
HILO,11,2007,Total,50020.72676290096
HILO,10,2007,Domestic,40736.3437045495
HILO,10,2007,International,13043.053160647749
HILO,10,2007,Total,53779.396865197254
HILO,9,2007,Domestic,43207.5732195136
HILO,9,2007,International,11575.951615674823
HILO,9,2007,Total,54783.52483518842
HILO,4,2008,Domestic,29426.0
HILO,4,2008,International,11048.0
HILO,4,2008,Total,40474.0
HILO,8,2008,Domestic,28891.0
HILO,8,2008,International,13319.0
HILO,8,2008,Total,42210.0
HILO,12,2008,Domestic,27614.0
HILO,12,2008,International,12154.0
HILO,12,2008,Total,39768.0
HILO,2,2008,Domestic,34499.0
HILO,2,2008,International,11972.0
HILO,2,2008,Total,46471.0
HILO,1,2008,Domestic,41031.0
HILO,1,2008,International,16117.0
HILO,1,2008,Total,57148.0
HILO,7,2008,Domestic,33310.0
HILO,7,2008,International,10565.0
HILO,7,2008,Total,43875.0
HILO,6,2008,Domestic,30650.0
HILO,6,2008,International,9580.0
HILO,6,2008,Total,40230.0
HILO,3,2008,Domestic,38537.0
HILO,3,2008,International,13565.0
HILO,3,2008,Total,52102.0
HILO,5,2008,Domestic,30833.0
HILO,5,2008,International,9772.0
HILO,5,2008,Total,40605.0
HILO,11,2008,Domestic,23463.0
HILO,11,2008,International,10598.0
HILO,11,2008,Total,34061.0
HILO,10,2008,Domestic,26406.0
HILO,10,2008,International,9241.0
HILO,10,2008,Total,35647.0
HILO,9,2008,Domestic,22236.0
HILO,9,2008,International,8622.0
HILO,9,2008,Total,30858.0
HILO,4,2009,Domestic,29062.996010934527
HILO,4,2009,International,11717.164364018226
HILO,4,2009,Total,40780.16037495276
HILO,8,2009,Domestic,30354.67215349612
HILO,8,2009,International,8638.657682550549
HILO,8,2009,Total,38993.32983604667
HILO,12,2009,Domestic,29415.268558374144
HILO,12,2009,International,12563.913054523828
HILO,12,2009,Total,41979.18161289797
HILO,2,2009,Domestic,25288.218269367935
HILO,2,2009,International,8309.183784043513
HILO,2,2009,Total,33597.402053411446
HILO,1,2009,Domestic,25861.30190842815
HILO,1,2009,International,11085.310992507493
HILO,1,2009,Total,36946.612900935645
HILO,7,2009,Domestic,34611.3128823137
HILO,7,2009,International,9794.02900834699
HILO,7,2009,Total,44405.34189066069
HILO,6,2009,Domestic,31156.514406031612
HILO,6,2009,International,8612.225233756832
HILO,6,2009,Total,39768.739639788444
HILO,3,2009,Domestic,24797.928255467086
HILO,3,2009,International,13371.96740553907
HILO,3,2009,Total,38169.89566100616
HILO,5,2009,Domestic,28271.919898974294
HILO,5,2009,International,7763.835784785028
HILO,5,2009,Total,36035.75568375932
HILO,11,2009,Domestic,21951.715356005483
HILO,11,2009,International,10017.378445414231
HILO,11,2009,Total,31969.093801419716
HILO,10,2009,Domestic,25149.378422030088
HILO,10,2009,International,9144.450495503384
HILO,10,2009,Total,34293.82891753347
HILO,9,2009,Domestic,25186.71266188497
HILO,9,2009,International,8840.55045830369
HILO,9,2009,Total,34027.26312018866
HILO,4,2010,Domestic,28185.717539882648
HILO,4,2010,International,10450.24667960842
HILO,4,2010,Total,38635.96421949107
HILO,8,2010,Domestic,30184.393968671666
HILO,8,2010,International,10294.764977818284
HILO,8,2010,Total,40479.15894648995
HILO,12,2010,Domestic,30128.350025945892
HILO,12,2010,International,11973.100905306204
HILO,12,2010,Total,42101.4509312521
HILO,2,2010,Domestic,25382.669842302224
HILO,2,2010,International,12335.447086431745
HILO,2,2010,Total,37718.11692873397
HILO,1,2010,Domestic,27091.312588331133
HILO,1,2010,International,13488.736941100708
HILO,1,2010,Total,40580.04952943184
HILO,7,2010,Domestic,36894.395433197446
HILO,7,2010,International,10127.75867969043
HILO,7,2010,Total,47022.154112887874
HILO,6,2010,Domestic,32288.5415272237
HILO,6,2010,International,10756.047123774382
HILO,6,2010,Total,43044.588650998085
HILO,3,2010,Domestic,27352.948075693534
HILO,3,2010,International,11554.442639859011
HILO,3,2010,Total,38907.390715552545
HILO,5,2010,Domestic,27271.690428742477
HILO,5,2010,International,9578.794193961607
HILO,5,2010,Total,36850.48462270408
HILO,11,2010,Domestic,23931.45715263807
HILO,11,2010,International,9331.43522412905
HILO,11,2010,Total,33262.89237676712
HILO,10,2010,Domestic,25607.632162549475
HILO,10,2010,International,12140.371357426307
HILO,10,2010,Total,37748.003519975784
HILO,9,2010,Domestic,25457.38198311136
HILO,9,2010,International,11332.921460935682
HILO,9,2010,Total,36790.303444047044
HILO,4,2011,Domestic,28218.532909229594
HILO,4,2011,International,9433.118288612292
HILO,4,2011,Total,37651.651197841886
HILO,8,2011,Domestic,29528.307155624174
HILO,8,2011,International,10859.817236707002
HILO,8,2011,Total,40388.12439233118
HILO,12,2011,Domestic,31920.13328625986
HILO,12,2011,International,12984.391481827026
HILO,12,2011,Total,44904.524768086885
HILO,2,2011,Domestic,28010.08660759193
HILO,2,2011,International,13183.031100922084
HILO,2,2011,Total,41193.117708514015
HILO,1,2011,Domestic,27705.610391084327
HILO,1,2011,International,12709.703830175891
HILO,1,2011,Total,40415.31422126022
HILO,7,2011,Domestic,33937.922252056
HILO,7,2011,International,11702.353710477362
HILO,7,2011,Total,45640.275962533364
HILO,6,2011,Domestic,32373.655345191382
HILO,6,2011,International,11240.29416162008
HILO,6,2011,Total,43613.94950681146
HILO,3,2011,Domestic,31666.178083982613
HILO,3,2011,International,12286.56303657331
HILO,3,2011,Total,43952.741120555926
HILO,5,2011,Domestic,25788.535308994567
HILO,5,2011,International,12427.681223903262
HILO,5,2011,Total,38216.21653289783
HILO,11,2011,Domestic,24835.12970128421
HILO,11,2011,International,10424.457814521302
HILO,11,2011,Total,35259.58751580551
HILO,10,2011,Domestic,26180.287033005563
HILO,10,2011,International,9883.654067774634
HILO,10,2011,Total,36063.9411007802
HILO,9,2011,Domestic,25207.857160654035
HILO,9,2011,International,12629.527520372478
HILO,9,2011,Total,37837.38468102651
HILO,4,2012,Domestic,29156.838763029486
HILO,4,2012,International,15912.01698327624
HILO,4,2012,Total,45068.85574630572
HILO,8,2012,Domestic,32213.13575233945
HILO,8,2012,International,15324.005371029816
HILO,8,2012,Total,47537.14112336926
HILO,12,2012,Domestic,33279.37130238178
HILO,12,2012,International,15325.729189137635
HILO,12,2012,Total,48605.10049151942
HILO,2,2012,Domestic,29071.15665257374
HILO,2,2012,International,12692.963094642048
HILO,2,2012,Total,41764.11974721579
HILO,1,2012,Domestic,29999.24286015367
HILO,1,2012,International,15686.5362162242
HILO,1,2012,Total,45685.77907637787
HILO,7,2012,Domestic,34115.016465148925
HILO,7,2012,International,14583.876529384228
HILO,7,2012,Total,48698.892994533155
HILO,6,2012,Domestic,34312.345844027564
HILO,6,2012,International,9453.544629602387
HILO,6,2012,Total,43765.89047362995
HILO,3,2012,Domestic,32179.027168081422
HILO,3,2012,International,15087.95486154272
HILO,3,2012,Total,47266.98202962414
HILO,5,2012,Domestic,29500.05713889241
HILO,5,2012,International,11219.213898171956
HILO,5,2012,Total,40719.27103706437
HILO,11,2012,Domestic,27011.72321285384
HILO,11,2012,International,14723.406761573093
HILO,11,2012,Total,41735.129974426934
HILO,10,2012,Domestic,25932.382364537058
HILO,10,2012,International,12837.689629606277
HILO,10,2012,Total,38770.071994143334
HILO,9,2012,Domestic,24649.727770113815
HILO,9,2012,International,12168.166296304706
HILO,9,2012,Total,36817.89406641852
HILO,4,2013,Domestic,27907.859315683127
HILO,4,2013,International,12766.51454178503
HILO,4,2013,Total,40674.373857468156
HILO,8,2013,Domestic,32628.800546032602
HILO,8,2013,International,13519.042634693047
HILO,8,2013,Total,46147.84318072565
HILO,12,2013,Domestic,32285.373694560938
HILO,12,2013,International,12069.410951561129
HILO,12,2013,Total,44354.78464612207
HILO,2,2013,Domestic,29918.17607470294
HILO,2,2013,International,16346.403414634442
HILO,2,2013,Total,46264.57948933738
HILO,1,2013,Domestic,30923.032483488696
HILO,1,2013,International,17109.73148252996
HILO,1,2013,Total,48032.763966018654
HILO,7,2013,Domestic,35246.70608864583
HILO,7,2013,International,14904.362910088259
HILO,7,2013,Total,50151.06899873409
HILO,6,2013,Domestic,32661.927005115645
HILO,6,2013,International,18315.519242119113
HILO,6,2013,Total,50977.44624723476
HILO,3,2013,Domestic,29458.261667349325
HILO,3,2013,International,13539.404190297992
HILO,3,2013,Total,42997.66585764731
HILO,5,2013,Domestic,31287.925238202708
HILO,5,2013,International,12010.32608461347
HILO,5,2013,Total,43298.25132281618
HILO,11,2013,Domestic,25477.96770461174
HILO,11,2013,International,10596.908839721902
HILO,11,2013,Total,36074.876544333645
HILO,10,2013,Domestic,25463.649167349162
HILO,10,2013,International,12388.856175449095
HILO,10,2013,Total,37852.50534279826
HILO,9,2013,Domestic,24022.147634444533
HILO,9,2013,International,13856.452337919718
HILO,9,2013,Total,37878.59997236425
HILO,4,2014,Domestic,29042.265791333495
HILO,4,2014,International,12153.839939251122
HILO,4,2014,Total,41196.10573058462
HILO,8,2014,Domestic,34367.33109146602
HILO,8,2014,International,13909.335605981403
HILO,8,2014,Total,48276.66669744742
HILO,12,2014,Domestic,35677.14907607706
HILO,12,2014,International,16338.222709877748
HILO,12,2014,Total,52015.371785954805
HILO,2,2014,Domestic,29127.27625493769
HILO,2,2014,International,12442.779088655076
HILO,2,2014,Total,41570.055343592765
HILO,1,2014,Domestic,31765.59512982957
HILO,1,2014,International,13929.478697885335
HILO,1,2014,Total,45695.07382771491
HILO,7,2014,Domestic,37244.04790722502
HILO,7,2014,International,12532.79980976052
HILO,7,2014,Total,49776.84771698553
HILO,6,2014,Domestic,34703.26038007121
HILO,6,2014,International,13916.452615595366
HILO,6,2014,Total,48619.712995666574
HILO,3,2014,Domestic,30374.721074790057
HILO,3,2014,International,13294.9342380215
HILO,3,2014,Total,43669.655312811556
HILO,5,2014,Domestic,31909.717405404226
HILO,5,2014,International,11539.76502695105
HILO,5,2014,Total,43449.482432355275
HILO,11,2014,Domestic,25876.075144905262
HILO,11,2014,International,11269.453545203165
HILO,11,2014,Total,37145.528690108426
HILO,10,2014,Domestic,27661.2457420925
HILO,10,2014,International,14555.959777415912
HILO,10,2014,Total,42217.20551950841
HILO,9,2014,Domestic,26183.100764429182
HILO,9,2014,International,15084.709785567982
HILO,9,2014,Total,41267.810549997164
HILO,4,2015,Domestic,29320.04728671632
HILO,4,2015,International,13360.652726531824
HILO,4,2015,Total,42680.70001324814
HILO,8,2015,Domestic,33719.222414268326
HILO,8,2015,International,13121.362273968127
HILO,8,2015,Total,46840.58468823646
HILO,12,2015,Domestic,38706.59316590569
HILO,12,2015,International,14872.48740040886
HILO,12,2015,Total,53579.080566314544
HILO,2,2015,Domestic,30424.36134276078
HILO,2,2015,International,13062.131307435777
HILO,2,2015,Total,43486.49265019656
HILO,1,2015,Domestic,32004.394403584203
HILO,1,2015,International,14889.072222758767
HILO,1,2015,Total,46893.46662634297
HILO,7,2015,Domestic,38701.280689883904
HILO,7,2015,International,15942.17847211813
HILO,7,2015,Total,54643.45916200204
HILO,6,2015,Domestic,36260.53018343875
HILO,6,2015,International,13982.541664308954
HILO,6,2015,Total,50243.071847747706
HILO,3,2015,Domestic,34852.595427631524
HILO,3,2015,International,15307.65933456909
HILO,3,2015,Total,50160.25476220062
HILO,5,2015,Domestic,33366.05559621288
HILO,5,2015,International,12165.93534377478
HILO,5,2015,Total,45531.990939987656
HILO,11,2015,Domestic,26322.737754947924
HILO,11,2015,International,11183.491029461009
HILO,11,2015,Total,37506.22878440893
HILO,10,2015,Domestic,28736.92734077979
HILO,10,2015,International,11779.235240711525
HILO,10,2015,Total,40516.16258149131
HILO,9,2015,Domestic,26992.982402419126
HILO,9,2015,International,12689.350256013493
HILO,9,2015,Total,39682.33265843262
HILO,4,2016,Domestic,31479.43931475698
HILO,4,2016,International,12037.500167878661
HILO,4,2016,Total,43516.939482635644
HILO,8,2016,Domestic,34233.17038969172
HILO,8,2016,International,13704.87434687441
HILO,8,2016,Total,47938.044736566124
HILO,12,2016,Domestic,41633.21142530045
HILO,12,2016,International,14558.978657804802
HILO,12,2016,Total,56192.19008310525
HILO,2,2016,Domestic,27799.10137799426
HILO,2,2016,International,13058.979549140307
HILO,2,2016,Total,40858.080927134564
HILO,1,2016,Domestic,31926.889448371825
HILO,1,2016,International,14943.630037281815
HILO,1,2016,Total,46870.51948565364
HILO,7,2016,Domestic,39778.82109532138
HILO,7,2016,International,12094.712403729305
HILO,7,2016,Total,51873.53349905068
HILO,6,2016,Domestic,37687.84706798997
HILO,6,2016,International,14366.388355094914
HILO,6,2016,Total,52054.23542308489
HILO,3,2016,Domestic,30287.60682146428
HILO,3,2016,International,12180.643721289547
HILO,3,2016,Total,42468.25054275383
HILO,5,2016,Domestic,33203.47286089001
HILO,5,2016,International,11257.854658334118
HILO,5,2016,Total,44461.32751922413
HILO,11,2016,Domestic,28504.87050126952
HILO,11,2016,International,9830.912155158689
HILO,11,2016,Total,38335.78265642821
HILO,10,2016,Domestic,30862.802102710546
HILO,10,2016,International,12771.44818257649
HILO,10,2016,Total,43634.25028528704
HILO,9,2016,Domestic,28962.771471626795
HILO,9,2016,International,13358.344982357045
HILO,9,2016,Total,42321.116453983836
HILO,4,2017,Domestic,35466.43675536397
HILO,4,2017,International,18752.416131154685
HILO,4,2017,Total,54218.8528865055
HILO,8,2017,Domestic,38062.32634968667
HILO,8,2017,International,21410.23748937775
HILO,8,2017,Total,59472.56383907753
HILO,12,2017,Domestic,46331.98415492757
HILO,12,2017,International,17386.827560183057
HILO,12,2017,Total,63718.81171511107
HILO,2,2017,Domestic,33972.44313064617
HILO,2,2017,International,13783.494270347759
HILO,2,2017,Total,47755.93740098826
HILO,1,2017,Domestic,35375.99448900032
HILO,1,2017,International,21490.476238393254
HILO,1,2017,Total,56866.470727398315
HILO,7,2017,Domestic,46170.59983472922
HILO,7,2017,International,19155.771453882877
HILO,7,2017,Total,65326.37128860401
HILO,6,2017,Domestic,42863.98139393682
HILO,6,2017,International,15859.03234181336
HILO,6,2017,Total,58723.013735756984
HILO,3,2017,Domestic,38169.72888385154
HILO,3,2017,International,17233.9555123874
HILO,3,2017,Total,55403.68439623856
HILO,5,2017,Domestic,38720.228296337715
HILO,5,2017,International,13611.19008827208
HILO,5,2017,Total,52331.41838460301
HILO,11,2017,Domestic,32862.93439554552
HILO,11,2017,International,18450.744386525887
HILO,11,2017,Total,51313.678782060975
HILO,10,2017,Domestic,31815.65094726193
HILO,10,2017,International,17130.935391097355
HILO,10,2017,Total,48946.58633836781
HILO,9,2017,Domestic,30909.822348387643
HILO,9,2017,International,16239.24719392022
HILO,9,2017,Total,47149.06954230085
HILO,4,2018,Domestic,39405.562201157845
HILO,4,2018,International,22262.897472476343
HILO,4,2018,Total,61668.45967363965
HILO,8,2018,Domestic,32752.961119787735
HILO,8,2018,International,14943.871306334071
HILO,8,2018,Total,47696.83242611508
HILO,12,2018,Domestic,39409.628147474104
HILO,12,2018,International,11338.485090026656
HILO,12,2018,Total,50748.11323749069
HILO,2,2018,Domestic,38878.912740792024
HILO,2,2018,International,20499.236156064002
HILO,2,2018,Total,59378.14889686667
HILO,1,2018,Domestic,39492.40799587401
HILO,1,2018,International,19999.279879270056
HILO,1,2018,Total,59491.687875141666
HILO,7,2018,Domestic,39728.257931807304
HILO,7,2018,International,11025.12089596269
HILO,7,2018,Total,50753.3788277711
HILO,6,2018,Domestic,34713.19921342092
HILO,6,2018,International,13400.861417425953
HILO,6,2018,Total,48114.060630839565
HILO,3,2018,Domestic,43952.7483328601
HILO,3,2018,International,17535.423286001496
HILO,3,2018,Total,61488.171618856475
HILO,5,2018,Domestic,34274.15825936083
HILO,5,2018,International,10858.261419268822
HILO,5,2018,Total,45132.41967862434
HILO,11,2018,Domestic,29199.126374942985
HILO,11,2018,International,12042.95388780407
HILO,11,2018,Total,41242.080262746465
HILO,10,2018,Domestic,26923.736570274174
HILO,10,2018,International,11486.039628165716
HILO,10,2018,Total,38409.776198442
HILO,9,2018,Domestic,25988.91031618424
HILO,9,2018,International,11047.773070965812
HILO,9,2018,Total,37036.683387153105
HILO,4,2019,Domestic,34504.073422003166
HILO,4,2019,International,10211.98568107841
HILO,4,2019,Total,44716.05910307894
HILO,8,2019,Domestic,39074.3062874455
HILO,8,2019,International,14769.362340934164
HILO,8,2019,Total,53843.66862838501
HILO,12,2019,Domestic,45804.41480809401
HILO,12,2019,International,16131.21609688512
HILO,12,2019,Total,61935.630904974925
HILO,2,2019,Domestic,32466.11788911357
HILO,2,2019,International,14132.70855179034
HILO,2,2019,Total,46598.82644090654
HILO,1,2019,Domestic,33654.434858689674
HILO,1,2019,International,17979.915719334764
HILO,1,2019,Total,51634.350578022575
HILO,7,2019,Domestic,44693.67075030646
HILO,7,2019,International,16226.497127257517
HILO,7,2019,Total,60920.16787756845
HILO,6,2019,Domestic,41035.2558569894
HILO,6,2019,International,14309.06328079482
HILO,6,2019,Total,55344.31913778082
HILO,3,2019,Domestic,37590.768200632854
HILO,3,2019,International,15476.432330013951
HILO,3,2019,Total,53067.20053063618
HILO,5,2019,Domestic,37800.91794560553
HILO,5,2019,International,11683.005397173458
HILO,5,2019,Total,49483.923342782036
HILO,11,2019,Domestic,31795.00624474832
HILO,11,2019,International,9349.114154066116
HILO,11,2019,Total,41144.120398822044
HILO,10,2019,Domestic,31874.40978358253
HILO,10,2019,International,11389.407016373754
HILO,10,2019,Total,43263.816799956956
HILO,9,2019,Domestic,27813.921547766084
HILO,9,2019,International,10724.320353349949
HILO,9,2019,Total,38538.2419011149
HILO,4,2020,Domestic,293.65230649469487
HILO,4,2020,International,0.0
HILO,4,2020,Total,293.65230649469487
HILO,8,2020,Domestic,1636.901601371024
HILO,8,2020,International,0.0
HILO,8,2020,Total,1636.901601371024
HILO,12,2020,Domestic,12247.654885538897
HILO,12,2020,International,19.618140282813737
HILO,12,2020,Total,12267.273025821714
HILO,2,2020,Domestic,37854.41838724417
HILO,2,2020,International,10922.850861103127
HILO,2,2020,Total,48777.269248347904
HILO,1,2020,Domestic,38939.59844971623
HILO,1,2020,International,16267.807043156079
HILO,1,2020,Total,55207.405492869766
HILO,7,2020,Domestic,1656.1086796136688
HILO,7,2020,International,0.0
HILO,7,2020,Total,1656.1086796136688
HILO,6,2020,Domestic,1217.4647410414966
HILO,6,2020,International,0.0
HILO,6,2020,Total,1217.4647410414966
HILO,3,2020,Domestic,19232.966485519006
HILO,3,2020,International,3462.672116444325
HILO,3,2020,Total,22695.638601963285
HILO,5,2020,Domestic,594.9424194879196
HILO,5,2020,International,0.0
HILO,5,2020,Total,594.9424194879196
HILO,11,2020,Domestic,6422.628348070523
HILO,11,2020,International,0.0
HILO,11,2020,Total,6422.628348070523
HILO,10,2020,Domestic,2985.53931237638
HILO,10,2020,International,0.0
HILO,10,2020,Total,2985.53931237638
HILO,9,2020,Domestic,1277.9177371231567
HILO,9,2020,International,0.0
HILO,9,2020,Total,1277.9177371231567
HILO,4,2021,Domestic,18441.405375316754
HILO,4,2021,International,5.272046508109744
HILO,4,2021,Total,18446.677421824857
HILO,8,2021,Domestic,30570.772100969374
HILO,8,2021,International,24.529079450138674
HILO,8,2021,Total,30595.301180419512
HILO,12,2021,Domestic,39042.16619457
HILO,12,2021,International,1468.3661347373334
HILO,12,2021,Total,40510.53232930788
HILO,2,2021,Domestic,10298.668069995103
HILO,2,2021,International,9.04640929294273
HILO,2,2021,Total,10307.714479288044
HILO,1,2021,Domestic,8179.404327672555
HILO,1,2021,International,35.68887770419172
HILO,1,2021,Total,8215.093205376748
HILO,7,2021,Domestic,36847.51620624506
HILO,7,2021,International,39.442124038196475
HILO,7,2021,Total,36886.95833028328
HILO,6,2021,Domestic,33077.05163339192
HILO,6,2021,International,31.977330635491604
HILO,6,2021,Total,33109.028964027435
HILO,3,2021,Domestic,18616.612576348918
HILO,3,2021,International,15.668864468864468
HILO,3,2021,Total,18632.281440817787
HILO,5,2021,Domestic,25684.04223861765
HILO,5,2021,International,3.987166520361818
HILO,5,2021,Total,25688.02940513801
HILO,11,2021,Domestic,27123.23442866885
HILO,11,2021,International,634.4688911255654
HILO,11,2021,Total,27757.703319794233
HILO,10,2021,Domestic,23071.44738798096
HILO,10,2021,International,62.20397289931548
HILO,10,2021,Total,23133.651360880292
HILO,9,2021,Domestic,20515.07760325441
HILO,9,2021,International,34.6620864011761
HILO,9,2021,Total,20549.73968965558
HILO,4,2022,Domestic,38585.26259510399
HILO,4,2022,International,2403.7008918066185
HILO,4,2022,Total,40988.96348691147
HILO,8,2022,Domestic,41953.33458998522
HILO,8,2022,International,3310.4626203234407
HILO,8,2022,Total,45263.797210309225
HILO,12,2022,Domestic,46105.86761947562
HILO,12,2022,International,8746.475639494378
HILO,12,2022,Total,54852.343258969435
HILO,2,2022,Domestic,29589.944246433006
HILO,2,2022,International,1362.943339938269
HILO,2,2022,Total,30952.887586370874
HILO,1,2022,Domestic,27820.63724107129
HILO,1,2022,International,1231.4771432270502
HILO,1,2022,Total,29052.114384297867
HILO,7,2022,Domestic,48247.234550620975
HILO,7,2022,International,5055.758580393817
HILO,7,2022,Total,53302.99313101435
HILO,6,2022,Domestic,45224.86309296256
HILO,6,2022,International,5052.889900557653
HILO,6,2022,Total,50277.75299352247
HILO,3,2022,Domestic,35897.43592816976
HILO,3,2022,International,2194.0260621750967
HILO,3,2022,Total,38091.46199034332
HILO,5,2022,Domestic,41671.58622024947
HILO,5,2022,International,3613.1295904337735
HILO,5,2022,Total,45284.71581068468
HILO,11,2022,Domestic,35081.0296953945
HILO,11,2022,International,6515.156840147196
HILO,11,2022,Total,41596.186535541616
HILO,10,2022,Domestic,39294.6983284293
HILO,10,2022,International,4753.049236391729
HILO,10,2022,Total,44047.74756482554
HILO,9,2022,Domestic,35234.43433431206
HILO,9,2022,International,2939.099327023304
HILO,9,2022,Total,38173.53366133489
KAUA'I,4,1990,Domestic,84862.58966193435
KAUA'I,4,1990,International,17515.21736878049
KAUA'I,4,1990,Total,102377.80703071484
KAUA'I,8,1990,Domestic,98558.9455639878
KAUA'I,8,1990,International,17608.279228066574
KAUA'I,8,1990,Total,116167.22479205437
KAUA'I,12,1990,Domestic,68450.8050486244
KAUA'I,12,1990,International,17871.288313676014
KAUA'I,12,1990,Total,86322.09336230042
KAUA'I,2,1990,Domestic,79292.86605933748
KAUA'I,2,1990,International,19206.367943843034
KAUA'I,2,1990,Total,98499.23400318052
KAUA'I,1,1990,Domestic,74593.62168284567
KAUA'I,1,1990,International,19871.4948631126
KAUA'I,1,1990,Total,94465.11654595827
KAUA'I,7,1990,Domestic,99462.76484900335
KAUA'I,7,1990,International,14982.872314976628
KAUA'I,7,1990,Total,114445.63716397998
KAUA'I,6,1990,Domestic,98589.32373672393
KAUA'I,6,1990,International,15352.333121126172
KAUA'I,6,1990,Total,113941.6568578501
KAUA'I,3,1990,Domestic,85787.19962784952
KAUA'I,3,1990,International,17732.343571732174
KAUA'I,3,1990,Total,103519.54319958169
KAUA'I,5,1990,Domestic,91096.88237985427
KAUA'I,5,1990,International,13506.020302203648
KAUA'I,5,1990,Total,104602.90268205792
KAUA'I,11,1990,Domestic,81050.75809176864
KAUA'I,11,1990,International,15521.549182805464
KAUA'I,11,1990,Total,96572.30727457411
KAUA'I,10,1990,Domestic,87823.61587526699
KAUA'I,10,1990,International,14309.60950296487
KAUA'I,10,1990,Total,102133.22537823186
KAUA'I,9,1990,Domestic,84971.22496182058
KAUA'I,9,1990,International,10831.570080392921
KAUA'I,9,1990,Total,95802.7950422135
KAUA'I,4,1991,Domestic,86053.8858643019
KAUA'I,4,1991,International,15931.963896065166
KAUA'I,4,1991,Total,101985.84976036707
KAUA'I,8,1991,Domestic,91504.01136282898
KAUA'I,8,1991,International,17380.314959727726
KAUA'I,8,1991,Total,108884.3263225567
KAUA'I,12,1991,Domestic,68217.34147423875
KAUA'I,12,1991,International,23244.07975865462
KAUA'I,12,1991,Total,91461.42123289338
KAUA'I,2,1991,Domestic,62641.18339635902
KAUA'I,2,1991,International,13493.976962395644
KAUA'I,2,1991,Total,76135.16035875466
KAUA'I,1,1991,Domestic,68233.68710100748
KAUA'I,1,1991,International,23390.750586972306
KAUA'I,1,1991,Total,91624.4376879798
KAUA'I,7,1991,Domestic,88943.34890119056
KAUA'I,7,1991,International,25543.217045170346
KAUA'I,7,1991,Total,114486.5659463609
KAUA'I,6,1991,Domestic,93976.78794658581
KAUA'I,6,1991,International,16456.17258105068
KAUA'I,6,1991,Total,110432.96052763649
KAUA'I,3,1991,Domestic,81363.24301193187
KAUA'I,3,1991,International,14567.236485210471
KAUA'I,3,1991,Total,95930.47949714234
KAUA'I,5,1991,Domestic,88651.04735224151
KAUA'I,5,1991,International,14686.868688384206
KAUA'I,5,1991,Total,103337.91604062571
KAUA'I,11,1991,Domestic,71769.59904766579
KAUA'I,11,1991,International,19906.195535800438
KAUA'I,11,1991,Total,91675.79458346622
KAUA'I,10,1991,Domestic,83468.57528470477
KAUA'I,10,1991,International,18091.35100005804
KAUA'I,10,1991,Total,101559.92628476281
KAUA'I,9,1991,Domestic,79520.0457223216
KAUA'I,9,1991,International,15291.4467236005
KAUA'I,9,1991,Total,94811.49244592211
KAUA'I,4,1992,Domestic,74500.77094749548
KAUA'I,4,1992,International,19296.505065927588
KAUA'I,4,1992,Total,93797.27601342306
KAUA'I,8,1992,Domestic,85678.5201200292
KAUA'I,8,1992,International,22585.17188108297
KAUA'I,8,1992,Total,108263.69200111218
KAUA'I,12,1992,Domestic,15956.780078458054
KAUA'I,12,1992,International,9158.640579701992
KAUA'I,12,1992,Total,25115.420658160045
KAUA'I,2,1992,Domestic,60096.43771173812
KAUA'I,2,1992,International,16926.523705856725
KAUA'I,2,1992,Total,77022.96141759485
KAUA'I,1,1992,Domestic,66245.73241701852
KAUA'I,1,1992,International,21256.912197631245
KAUA'I,1,1992,Total,87502.64461464976
KAUA'I,7,1992,Domestic,85975.8047965441
KAUA'I,7,1992,International,24845.77298747061
KAUA'I,7,1992,Total,110821.5777840147
KAUA'I,6,1992,Domestic,83863.29297510807
KAUA'I,6,1992,International,18275.33526247915
KAUA'I,6,1992,Total,102138.62823758723
KAUA'I,3,1992,Domestic,73700.07241075684
KAUA'I,3,1992,International,18085.47187531456
KAUA'I,3,1992,Total,91785.5442860714
KAUA'I,5,1992,Domestic,77564.22666280305
KAUA'I,5,1992,International,20651.70666483309
KAUA'I,5,1992,Total,98215.93332763614
KAUA'I,11,1992,Domestic,13200.30481069169
KAUA'I,11,1992,International,7954.058119683617
KAUA'I,11,1992,Total,21154.362930375308
KAUA'I,10,1992,Domestic,13395.872814639857
KAUA'I,10,1992,International,2791.2714484980415
KAUA'I,10,1992,Total,16187.1442631379
KAUA'I,9,1992,Domestic,39698.388167278994
KAUA'I,9,1992,International,10026.769136674524
KAUA'I,9,1992,Total,49725.157303953514
KAUA'I,4,1993,Domestic,29597.68034060279
KAUA'I,4,1993,International,11242.87816408094
KAUA'I,4,1993,Total,40840.55850468373
KAUA'I,8,1993,Domestic,40078.682429571134
KAUA'I,8,1993,International,11995.579827269874
KAUA'I,8,1993,Total,52074.26225684101
KAUA'I,12,1993,Domestic,44129.18543606895
KAUA'I,12,1993,International,12576.57790944731
KAUA'I,12,1993,Total,56705.76334551626
KAUA'I,2,1993,Domestic,20841.409811982554
KAUA'I,2,1993,International,10557.193714042862
KAUA'I,2,1993,Total,31398.603526025414
KAUA'I,1,1993,Domestic,20666.569745572586
KAUA'I,1,1993,International,11493.435482567029
KAUA'I,1,1993,Total,32160.005228139613
KAUA'I,7,1993,Domestic,42420.91340916625
KAUA'I,7,1993,International,12728.586099174532
KAUA'I,7,1993,Total,55149.499508340785
KAUA'I,6,1993,Domestic,35822.87145118275
KAUA'I,6,1993,International,18992.339501775492
KAUA'I,6,1993,Total,54815.21095295824
KAUA'I,3,1993,Domestic,26459.680864886766
KAUA'I,3,1993,International,16947.848150619317
KAUA'I,3,1993,Total,43407.52901550608
KAUA'I,5,1993,Domestic,29727.35751856296
KAUA'I,5,1993,International,9777.456249763854
KAUA'I,5,1993,Total,39504.813768326814
KAUA'I,11,1993,Domestic,44953.811788322695
KAUA'I,11,1993,International,13931.988945414225
KAUA'I,11,1993,Total,58885.80073373692
KAUA'I,10,1993,Domestic,49118.73818893982
KAUA'I,10,1993,International,8421.780602503532
KAUA'I,10,1993,Total,57540.51879144335
KAUA'I,9,1993,Domestic,40132.02782232521
KAUA'I,9,1993,International,13751.106515436708
KAUA'I,9,1993,Total,53883.13433776192
KAUA'I,4,1994,Domestic,58145.762562594246
KAUA'I,4,1994,International,10907.720889498942
KAUA'I,4,1994,Total,69053.48345209319
KAUA'I,8,1994,Domestic,62943.24483219665
KAUA'I,8,1994,International,11367.001323306979
KAUA'I,8,1994,Total,74310.24615550363
KAUA'I,12,1994,Domestic,55618.65143254246
KAUA'I,12,1994,International,16133.420180504952
KAUA'I,12,1994,Total,71752.07161304742
KAUA'I,2,1994,Domestic,54098.62950520921
KAUA'I,2,1994,International,18433.873224163082
KAUA'I,2,1994,Total,72532.5027293723
KAUA'I,1,1994,Domestic,46541.020236311015
KAUA'I,1,1994,International,22859.7112814253
KAUA'I,1,1994,Total,69400.73151773632
KAUA'I,7,1994,Domestic,67385.4060146
KAUA'I,7,1994,International,12098.524282915712
KAUA'I,7,1994,Total,79483.9302975157
KAUA'I,6,1994,Domestic,62196.22228035502
KAUA'I,6,1994,International,12121.038331476882
KAUA'I,6,1994,Total,74317.2606118319
KAUA'I,3,1994,Domestic,58646.72880670053
KAUA'I,3,1994,International,11622.002001719922
KAUA'I,3,1994,Total,70268.73080842046
KAUA'I,5,1994,Domestic,57057.447223898795
KAUA'I,5,1994,International,13809.911842935773
KAUA'I,5,1994,Total,70867.35906683457
KAUA'I,11,1994,Domestic,62579.68400874696
KAUA'I,11,1994,International,9804.894275772438
KAUA'I,11,1994,Total,72384.5782845194
KAUA'I,10,1994,Domestic,63320.929971356
KAUA'I,10,1994,International,8135.39386112918
KAUA'I,10,1994,Total,71456.32383248518
KAUA'I,9,1994,Domestic,53039.40727618538
KAUA'I,9,1994,International,11852.12531023669
KAUA'I,9,1994,Total,64891.53258642207
KAUA'I,4,1995,Domestic,58822.62122534529
KAUA'I,4,1995,International,7153.510569179526
KAUA'I,4,1995,Total,65976.13179452482
KAUA'I,8,1995,Domestic,70232.93098404707
KAUA'I,8,1995,International,18117.88995661163
KAUA'I,8,1995,Total,88350.8209406587
KAUA'I,12,1995,Domestic,56347.92934645701
KAUA'I,12,1995,International,21307.345795974055
KAUA'I,12,1995,Total,77655.27514243106
KAUA'I,2,1995,Domestic,59154.21271614543
KAUA'I,2,1995,International,10786.972067649998
KAUA'I,2,1995,Total,69941.18478379543
KAUA'I,1,1995,Domestic,57159.56512906924
KAUA'I,1,1995,International,10025.992531173295
KAUA'I,1,1995,Total,67185.55766024254
KAUA'I,7,1995,Domestic,70017.30580957464
KAUA'I,7,1995,International,17849.16641381307
KAUA'I,7,1995,Total,87866.47222338771
KAUA'I,6,1995,Domestic,68931.47406386334
KAUA'I,6,1995,International,13235.707074237453
KAUA'I,6,1995,Total,82167.18113810079
KAUA'I,3,1995,Domestic,61805.52038175722
KAUA'I,3,1995,International,15744.046660992486
KAUA'I,3,1995,Total,77549.56704274971
KAUA'I,5,1995,Domestic,60810.68148144032
KAUA'I,5,1995,International,7714.926746721778
KAUA'I,5,1995,Total,68525.60822816209
KAUA'I,11,1995,Domestic,61166.958720841045
KAUA'I,11,1995,International,21717.687146146873
KAUA'I,11,1995,Total,82884.64586698792
KAUA'I,10,1995,Domestic,71151.98722534553
KAUA'I,10,1995,International,14003.67106564253
KAUA'I,10,1995,Total,85155.65829098805
KAUA'I,9,1995,Domestic,59023.479013882774
KAUA'I,9,1995,International,16868.498332346902
KAUA'I,9,1995,Total,75891.97734622967
KAUA'I,4,1996,Domestic,65619.96737571635
KAUA'I,4,1996,International,9773.17443165
KAUA'I,4,1996,Total,75393.14180736635
KAUA'I,8,1996,Domestic,73614.73054688207
KAUA'I,8,1996,International,13918.381380857658
KAUA'I,8,1996,Total,87533.11192773972
KAUA'I,12,1996,Domestic,56220.96535131309
KAUA'I,12,1996,International,15595.036307782155
KAUA'I,12,1996,Total,71816.00165909524
KAUA'I,2,1996,Domestic,66047.02958709623
KAUA'I,2,1996,International,7639.001205731759
KAUA'I,2,1996,Total,73686.030792828
KAUA'I,1,1996,Domestic,56262.559708840025
KAUA'I,1,1996,International,19722.233773161002
KAUA'I,1,1996,Total,75984.79348200103
KAUA'I,7,1996,Domestic,75049.75417987279
KAUA'I,7,1996,International,18181.369850866213
KAUA'I,7,1996,Total,93231.12403073901
KAUA'I,6,1996,Domestic,75092.11281668379
KAUA'I,6,1996,International,12137.29058499686
KAUA'I,6,1996,Total,87229.40340168064
KAUA'I,3,1996,Domestic,65352.213851086824
KAUA'I,3,1996,International,13352.723089761312
KAUA'I,3,1996,Total,78704.93694084813
KAUA'I,5,1996,Domestic,67216.92480355213
KAUA'I,5,1996,International,15620.802469899738
KAUA'I,5,1996,Total,82837.72727345186
KAUA'I,11,1996,Domestic,61304.7500633814
KAUA'I,11,1996,International,14412.069408714828
KAUA'I,11,1996,Total,75716.81947209622
KAUA'I,10,1996,Domestic,67011.92182690337
KAUA'I,10,1996,International,34061.07296075101
KAUA'I,10,1996,Total,101072.99478765437
KAUA'I,9,1996,Domestic,61712.56021293015
KAUA'I,9,1996,International,10517.699470012558
KAUA'I,9,1996,Total,72230.2596829427
KAUA'I,4,1997,Domestic,69915.99068122497
KAUA'I,4,1997,International,27168.492316290634
KAUA'I,4,1997,Total,97084.4829975156
KAUA'I,8,1997,Domestic,75461.28241443637
KAUA'I,8,1997,International,13611.152166451642
KAUA'I,8,1997,Total,89072.43458088802
KAUA'I,12,1997,Domestic,60032.76782839787
KAUA'I,12,1997,International,21433.827091244584
KAUA'I,12,1997,Total,81466.59491964245
KAUA'I,2,1997,Domestic,62398.20145792689
KAUA'I,2,1997,International,12151.631819999857
KAUA'I,2,1997,Total,74549.83327792675
KAUA'I,1,1997,Domestic,57922.204115929424
KAUA'I,1,1997,International,15245.846076333828
KAUA'I,1,1997,Total,73168.05019226325
KAUA'I,7,1997,Domestic,77643.90243950934
KAUA'I,7,1997,International,11986.06656458682
KAUA'I,7,1997,Total,89629.96900409616
KAUA'I,6,1997,Domestic,76151.83339849723
KAUA'I,6,1997,International,12699.133773927007
KAUA'I,6,1997,Total,88850.96717242424
KAUA'I,3,1997,Domestic,72342.7076381187
KAUA'I,3,1997,International,14222.030704397175
KAUA'I,3,1997,Total,86564.73834251588
KAUA'I,5,1997,Domestic,65440.24809239417
KAUA'I,5,1997,International,15024.389224829385
KAUA'I,5,1997,Total,80464.63731722356
KAUA'I,11,1997,Domestic,63988.30428859223
KAUA'I,11,1997,International,12699.361145470946
KAUA'I,11,1997,Total,76687.66543406318
KAUA'I,10,1997,Domestic,74605.9957584613
KAUA'I,10,1997,International,7787.814007175575
KAUA'I,10,1997,Total,82393.80976563688
KAUA'I,9,1997,Domestic,64476.120659596076
KAUA'I,9,1997,International,12677.415364645742
KAUA'I,9,1997,Total,77153.53602424182
KAUA'I,4,1998,Domestic,74182.96501850367
KAUA'I,4,1998,International,16117.792884353936
KAUA'I,4,1998,Total,90300.75790285761
KAUA'I,8,1998,Domestic,81780.891972231
KAUA'I,8,1998,International,13319.815792820384
KAUA'I,8,1998,Total,95100.70776505138
KAUA'I,12,1998,Domestic,66889.31866361508
KAUA'I,12,1998,International,19489.498622943043
KAUA'I,12,1998,Total,86378.81728655813
KAUA'I,2,1998,Domestic,63897.2697192581
KAUA'I,2,1998,International,18992.814805623395
KAUA'I,2,1998,Total,82890.0845248815
KAUA'I,1,1998,Domestic,57893.800051145525
KAUA'I,1,1998,International,16874.063395058714
KAUA'I,1,1998,Total,74767.86344620424
KAUA'I,7,1998,Domestic,88395.33016033164
KAUA'I,7,1998,International,13670.69188772809
KAUA'I,7,1998,Total,102066.02204805972
KAUA'I,6,1998,Domestic,82439.7192812326
KAUA'I,6,1998,International,14895.381777475428
KAUA'I,6,1998,Total,97335.10105870802
KAUA'I,3,1998,Domestic,72147.96137116071
KAUA'I,3,1998,International,19513.45844944234
KAUA'I,3,1998,Total,91661.41982060304
KAUA'I,5,1998,Domestic,74540.53959124655
KAUA'I,5,1998,International,17731.89621671112
KAUA'I,5,1998,Total,92272.43580795766
KAUA'I,11,1998,Domestic,66873.83032257963
KAUA'I,11,1998,International,16643.604052692346
KAUA'I,11,1998,Total,83517.43437527197
KAUA'I,10,1998,Domestic,79684.10738670078
KAUA'I,10,1998,International,15774.27901932251
KAUA'I,10,1998,Total,95458.38640602329
KAUA'I,9,1998,Domestic,72845.68161043526
KAUA'I,9,1998,International,13804.869770071618
KAUA'I,9,1998,Total,86650.55138050688
KAUA'I,4,1999,Domestic,76773.31240726264
KAUA'I,4,1999,International,12060.964339442773
KAUA'I,4,1999,Total,88834.27674670541
KAUA'I,8,1999,Domestic,86610.41642807629
KAUA'I,8,1999,International,13593.07061309681
KAUA'I,8,1999,Total,100203.4870411731
KAUA'I,12,1999,Domestic,64422.74343015486
KAUA'I,12,1999,International,12823.839503739211
KAUA'I,12,1999,Total,77246.58293389407
KAUA'I,2,1999,Domestic,71840.76171468584
KAUA'I,2,1999,International,15577.407817243076
KAUA'I,2,1999,Total,87418.16953192891
KAUA'I,1,1999,Domestic,65489.568060442594
KAUA'I,1,1999,International,14372.57855434878
KAUA'I,1,1999,Total,79862.14661479137
KAUA'I,7,1999,Domestic,95313.27725073388
KAUA'I,7,1999,International,10225.14541873686
KAUA'I,7,1999,Total,105538.42266947075
KAUA'I,6,1999,Domestic,81634.03410202902
KAUA'I,6,1999,International,9567.513440728822
KAUA'I,6,1999,Total,91201.54754275785
KAUA'I,3,1999,Domestic,76756.08666511848
KAUA'I,3,1999,International,16295.80602521597
KAUA'I,3,1999,Total,93051.89269033444
KAUA'I,5,1999,Domestic,77148.0630582398
KAUA'I,5,1999,International,10493.49319124959
KAUA'I,5,1999,Total,87641.5562494894
KAUA'I,11,1999,Domestic,69875.96352854383
KAUA'I,11,1999,International,16199.337821980596
KAUA'I,11,1999,Total,86075.30135052442
KAUA'I,10,1999,Domestic,91459.42087865919
KAUA'I,10,1999,International,15725.200199377088
KAUA'I,10,1999,Total,107184.62107803627
KAUA'I,9,1999,Domestic,72333.3820101901
KAUA'I,9,1999,International,12697.218065179897
KAUA'I,9,1999,Total,85030.60007536999
KAUA'I,4,2000,Domestic,75056.29889031457
KAUA'I,4,2000,International,14901.255544523183
KAUA'I,4,2000,Total,89957.55443483776
KAUA'I,8,2000,Domestic,81769.0
KAUA'I,8,2000,International,15457.819598691045
KAUA'I,8,2000,Total,97226.81959869104
KAUA'I,12,2000,Domestic,66490.0
KAUA'I,12,2000,International,18141.906268453695
KAUA'I,12,2000,Total,84631.90626845369
KAUA'I,2,2000,Domestic,68954.75736288773
KAUA'I,2,2000,International,16301.358292835623
KAUA'I,2,2000,Total,85256.11565572335
KAUA'I,1,2000,Domestic,56874.0
KAUA'I,1,2000,International,18314.21050793123
KAUA'I,1,2000,Total,75188.21050793123
KAUA'I,7,2000,Domestic,89669.0
KAUA'I,7,2000,International,15812.173621507209
KAUA'I,7,2000,Total,105481.17362150722
KAUA'I,6,2000,Domestic,84813.7784391733
KAUA'I,6,2000,International,14324.067907271907
KAUA'I,6,2000,Total,99137.8463464452
KAUA'I,3,2000,Domestic,77867.3321443218
KAUA'I,3,2000,International,15744.582108549866
KAUA'I,3,2000,Total,93611.91425287166
KAUA'I,5,2000,Domestic,76207.49424030418
KAUA'I,5,2000,International,14951.63555848233
KAUA'I,5,2000,Total,91159.12979878651
KAUA'I,11,2000,Domestic,59521.0
KAUA'I,11,2000,International,11894.061308660868
KAUA'I,11,2000,Total,71415.06130866086
KAUA'I,10,2000,Domestic,77688.0
KAUA'I,10,2000,International,18025.915407511155
KAUA'I,10,2000,Total,95713.91540751116
KAUA'I,9,2000,Domestic,69497.0
KAUA'I,9,2000,International,16544.78782997162
KAUA'I,9,2000,Total,86041.78782997162
KAUA'I,4,2001,Domestic,67725.0
KAUA'I,4,2001,International,12945.860610365415
KAUA'I,4,2001,Total,80670.86061036542
KAUA'I,8,2001,Domestic,80651.0
KAUA'I,8,2001,International,18976.22846037115
KAUA'I,8,2001,Total,99627.22846037115
KAUA'I,12,2001,Domestic,60213.0
KAUA'I,12,2001,International,11801.32065700118
KAUA'I,12,2001,Total,72014.32065700118
KAUA'I,2,2001,Domestic,67187.7
KAUA'I,2,2001,International,18842.1693432343
KAUA'I,2,2001,Total,86029.8693432343
KAUA'I,1,2001,Domestic,60810.0
KAUA'I,1,2001,International,16073.519339822607
KAUA'I,1,2001,Total,76883.51933982261
KAUA'I,7,2001,Domestic,89514.0
KAUA'I,7,2001,International,18133.728086758874
KAUA'I,7,2001,Total,107647.72808675887
KAUA'I,6,2001,Domestic,84150.0
KAUA'I,6,2001,International,19700.043399132974
KAUA'I,6,2001,Total,103850.04339913298
KAUA'I,3,2001,Domestic,75656.6
KAUA'I,3,2001,International,14908.855639262289
KAUA'I,3,2001,Total,90565.45563926229
KAUA'I,5,2001,Domestic,69574.0
KAUA'I,5,2001,International,16232.004051488568
KAUA'I,5,2001,Total,85806.00405148856
KAUA'I,11,2001,Domestic,59151.0
KAUA'I,11,2001,International,7741.9620660101855
KAUA'I,11,2001,Total,66892.96206601018
KAUA'I,10,2001,Domestic,68490.0
KAUA'I,10,2001,International,6776.0460328634745
KAUA'I,10,2001,Total,75266.04603286348
KAUA'I,9,2001,Domestic,56246.0
KAUA'I,9,2001,International,7197.747389715828
KAUA'I,9,2001,Total,63443.74738971583
KAUA'I,4,2002,Domestic,65213.72901938923
KAUA'I,4,2002,International,10513.079920813794
KAUA'I,4,2002,Total,75726.80894020303
KAUA'I,8,2002,Domestic,81739.37449884148
KAUA'I,8,2002,International,14724.130151765636
KAUA'I,8,2002,Total,96463.50465060712
KAUA'I,12,2002,Domestic,63911.8431995003
KAUA'I,12,2002,International,17387.171631925332
KAUA'I,12,2002,Total,81299.01483142562
KAUA'I,2,2002,Domestic,63978.74157330103
KAUA'I,2,2002,International,13867.148539517972
KAUA'I,2,2002,Total,77845.890112819
KAUA'I,1,2002,Domestic,56690.66169970911
KAUA'I,1,2002,International,13205.0
KAUA'I,1,2002,Total,69895.6616997091
KAUA'I,7,2002,Domestic,87203.97569869498
KAUA'I,7,2002,International,10769.765408993278
KAUA'I,7,2002,Total,97973.74110768826
KAUA'I,6,2002,Domestic,81885.0746678474
KAUA'I,6,2002,International,11214.548223803313
KAUA'I,6,2002,Total,93099.62289165071
KAUA'I,3,2002,Domestic,70492.33510606589
KAUA'I,3,2002,International,15845.934475902694
KAUA'I,3,2002,Total,86338.26958196858
KAUA'I,5,2002,Domestic,74709.05871842756
KAUA'I,5,2002,International,10014.32276433008
KAUA'I,5,2002,Total,84723.38148275764
KAUA'I,11,2002,Domestic,64403.13007981676
KAUA'I,11,2002,International,14253.52780116204
KAUA'I,11,2002,Total,78656.6578809788
KAUA'I,10,2002,Domestic,73652.97401163052
KAUA'I,10,2002,International,13761.25747748581
KAUA'I,10,2002,Total,87414.23148911633
KAUA'I,9,2002,Domestic,66031.67537525893
KAUA'I,9,2002,International,10428.828014340834
KAUA'I,9,2002,Total,76460.50338959976
KAUA'I,4,2003,Domestic,70088.61987442519
KAUA'I,4,2003,International,6505.923752037389
KAUA'I,4,2003,Total,76594.54362646258
KAUA'I,8,2003,Domestic,84527.56182684572
KAUA'I,8,2003,International,11447.229457750162
KAUA'I,8,2003,Total,95974.79128459588
KAUA'I,12,2003,Domestic,66080.8569884355
KAUA'I,12,2003,International,9118.339847437226
KAUA'I,12,2003,Total,75199.19683587272
KAUA'I,2,2003,Domestic,61913.4746687402
KAUA'I,2,2003,International,13629.9604446242
KAUA'I,2,2003,Total,75543.4351133644
KAUA'I,1,2003,Domestic,62029.414631103515
KAUA'I,1,2003,International,13098.95031754579
KAUA'I,1,2003,Total,75128.36494864931
KAUA'I,7,2003,Domestic,90347.89871465659
KAUA'I,7,2003,International,7061.853136850169
KAUA'I,7,2003,Total,97409.75185150676
KAUA'I,6,2003,Domestic,83270.43094731418
KAUA'I,6,2003,International,6567.094046174925
KAUA'I,6,2003,Total,89837.5249934891
KAUA'I,3,2003,Domestic,72615.06704282048
KAUA'I,3,2003,International,8449.751496439681
KAUA'I,3,2003,Total,81064.81853926016
KAUA'I,5,2003,Domestic,72386.2039900336
KAUA'I,5,2003,International,8373.169289335769
KAUA'I,5,2003,Total,80759.37327936936
KAUA'I,11,2003,Domestic,62738.80063844672
KAUA'I,11,2003,International,11302.188784879696
KAUA'I,11,2003,Total,74040.98942332642
KAUA'I,10,2003,Domestic,71518.16932288742
KAUA'I,10,2003,International,10457.340787676145
KAUA'I,10,2003,Total,81975.51011056357
KAUA'I,9,2003,Domestic,64063.801795574305
KAUA'I,9,2003,International,8274.882991966859
KAUA'I,9,2003,Total,72338.68478754116
KAUA'I,4,2004,Domestic,74031.42369401042
KAUA'I,4,2004,International,9109.438478140035
KAUA'I,4,2004,Total,83140.86217215045
KAUA'I,8,2004,Domestic,85979.40436263665
KAUA'I,8,2004,International,8822.155707312026
KAUA'I,8,2004,Total,94801.56006994867
KAUA'I,12,2004,Domestic,72618.08871487246
KAUA'I,12,2004,International,8972.195387292391
KAUA'I,12,2004,Total,81590.28410216485
KAUA'I,2,2004,Domestic,66977.7551052796
KAUA'I,2,2004,International,15161.379615276726
KAUA'I,2,2004,Total,82139.13472055634
KAUA'I,1,2004,Domestic,65913.89783163572
KAUA'I,1,2004,International,11113.262465031596
KAUA'I,1,2004,Total,77027.16029666732
KAUA'I,7,2004,Domestic,98688.97403588961
KAUA'I,7,2004,International,8569.643211532102
KAUA'I,7,2004,Total,107258.61724742172
KAUA'I,6,2004,Domestic,82009.67623779758
KAUA'I,6,2004,International,7181.011096891611
KAUA'I,6,2004,Total,89190.6873346892
KAUA'I,3,2004,Domestic,71802.42297448157
KAUA'I,3,2004,International,11328.855198933594
KAUA'I,3,2004,Total,83131.27817341516
KAUA'I,5,2004,Domestic,73851.34913042853
KAUA'I,5,2004,International,8928.204328108784
KAUA'I,5,2004,Total,82779.55345853731
KAUA'I,11,2004,Domestic,65677.04195797254
KAUA'I,11,2004,International,7177.166292083139
KAUA'I,11,2004,Total,72854.20825005569
KAUA'I,10,2004,Domestic,77807.66962620831
KAUA'I,10,2004,International,10328.144428466707
KAUA'I,10,2004,Total,88135.81405467502
KAUA'I,9,2004,Domestic,70747.18254744599
KAUA'I,9,2004,International,8124.967095709006
KAUA'I,9,2004,Total,78872.14964315499
KAUA'I,4,2005,Domestic,75511.7139879755
KAUA'I,4,2005,International,6726.734008810653
KAUA'I,4,2005,Total,82238.44799678616
KAUA'I,8,2005,Domestic,93435.78326722894
KAUA'I,8,2005,International,8797.790086694054
KAUA'I,8,2005,Total,102233.57335392298
KAUA'I,12,2005,Domestic,84851.62953553564
KAUA'I,12,2005,International,9046.080151590104
KAUA'I,12,2005,Total,93897.70968712575
KAUA'I,2,2005,Domestic,71028.59264507226
KAUA'I,2,2005,International,10649.247722378857
KAUA'I,2,2005,Total,81677.84036745112
KAUA'I,1,2005,Domestic,69200.45892658786
KAUA'I,1,2005,International,10963.02575695174
KAUA'I,1,2005,Total,80163.4846835396
KAUA'I,7,2005,Domestic,102696.78951796526
KAUA'I,7,2005,International,8258.994702321856
KAUA'I,7,2005,Total,110955.78422028711
KAUA'I,6,2005,Domestic,91551.88076959131
KAUA'I,6,2005,International,6550.566236861328
KAUA'I,6,2005,Total,98102.44700645264
KAUA'I,3,2005,Domestic,81415.32377807099
KAUA'I,3,2005,International,9530.074574663986
KAUA'I,3,2005,Total,90945.39835273498
KAUA'I,5,2005,Domestic,75534.58357845765
KAUA'I,5,2005,International,7728.418044264102
KAUA'I,5,2005,Total,83263.00162272176
KAUA'I,11,2005,Domestic,74040.74193233038
KAUA'I,11,2005,International,7090.855793513197
KAUA'I,11,2005,Total,81131.59772584357
KAUA'I,10,2005,Domestic,87451.01891957108
KAUA'I,10,2005,International,9019.478239861146
KAUA'I,10,2005,Total,96470.49715943223
KAUA'I,9,2005,Domestic,81585.67727461141
KAUA'I,9,2005,International,7481.951924651457
KAUA'I,9,2005,Total,89067.62919926287
KAUA'I,4,2006,Domestic,83297.162599903
KAUA'I,4,2006,International,6289.004537900551
KAUA'I,4,2006,Total,89586.16713780354
KAUA'I,8,2006,Domestic,103107.05045476742
KAUA'I,8,2006,International,7847.13412050093
KAUA'I,8,2006,Total,110954.18457526836
KAUA'I,12,2006,Domestic,96527.13048117927
KAUA'I,12,2006,International,11881.199846434009
KAUA'I,12,2006,Total,108408.33032761328
KAUA'I,2,2006,Domestic,77882.34179980493
KAUA'I,2,2006,International,9444.089767372005
KAUA'I,2,2006,Total,87326.43156717693
KAUA'I,1,2006,Domestic,80891.06303407485
KAUA'I,1,2006,International,11907.822636270395
KAUA'I,1,2006,Total,92798.88567034525
KAUA'I,7,2006,Domestic,117008.86534607937
KAUA'I,7,2006,International,7733.23263850779
KAUA'I,7,2006,Total,124742.09798458716
KAUA'I,6,2006,Domestic,105788.90428308661
KAUA'I,6,2006,International,8705.74889303343
KAUA'I,6,2006,Total,114494.65317612005
KAUA'I,3,2006,Domestic,84250.75742797348
KAUA'I,3,2006,International,12869.062516780345
KAUA'I,3,2006,Total,97119.81994475384
KAUA'I,5,2006,Domestic,77985.77805010999
KAUA'I,5,2006,International,5861.092120664266
KAUA'I,5,2006,Total,83846.87017077426
KAUA'I,11,2006,Domestic,82301.69578654204
KAUA'I,11,2006,International,11024.075427065824
KAUA'I,11,2006,Total,93325.77121360786
KAUA'I,10,2006,Domestic,92309.9357856671
KAUA'I,10,2006,International,13490.03650759315
KAUA'I,10,2006,Total,105799.97229326025
KAUA'I,9,2006,Domestic,88236.29670414524
KAUA'I,9,2006,International,7492.652496542212
KAUA'I,9,2006,Total,95728.94920068745
KAUA'I,4,2007,Domestic,95747.8011078335
KAUA'I,4,2007,International,7598.700375358759
KAUA'I,4,2007,Total,103346.50148319226
KAUA'I,8,2007,Domestic,112309.63188631514
KAUA'I,8,2007,International,10875.307922671038
KAUA'I,8,2007,Total,123184.93980898618
KAUA'I,12,2007,Domestic,100098.03327184536
KAUA'I,12,2007,International,12814.028366480414
KAUA'I,12,2007,Total,112912.06163832577
KAUA'I,2,2007,Domestic,83452.40384473058
KAUA'I,2,2007,International,10038.72436368876
KAUA'I,2,2007,Total,93491.12820841934
KAUA'I,1,2007,Domestic,85855.9166968349
KAUA'I,1,2007,International,12768.11693569983
KAUA'I,1,2007,Total,98624.03363253473
KAUA'I,7,2007,Domestic,120905.73028936292
KAUA'I,7,2007,International,8477.759526048816
KAUA'I,7,2007,Total,129383.48981541174
KAUA'I,6,2007,Domestic,115366.09950216435
KAUA'I,6,2007,International,9271.312093881379
KAUA'I,6,2007,Total,124637.41159604573
KAUA'I,3,2007,Domestic,100423.70925622358
KAUA'I,3,2007,International,11625.754561684027
KAUA'I,3,2007,Total,112049.4638179076
KAUA'I,5,2007,Domestic,99488.4840030547
KAUA'I,5,2007,International,7001.762935945406
KAUA'I,5,2007,Total,106490.2469390001
KAUA'I,11,2007,Domestic,86733.21701969014
KAUA'I,11,2007,International,7151.924970297338
KAUA'I,11,2007,Total,93885.14198998747
KAUA'I,10,2007,Domestic,91682.8165471573
KAUA'I,10,2007,International,9638.874937479546
KAUA'I,10,2007,Total,101321.69148463685
KAUA'I,9,2007,Domestic,91425.8053241673
KAUA'I,9,2007,International,8293.037177864098
KAUA'I,9,2007,Total,99718.8425020314
KAUA'I,4,2008,Domestic,76291.0
KAUA'I,4,2008,International,6936.0
KAUA'I,4,2008,Total,83227.0
KAUA'I,8,2008,Domestic,85081.0
KAUA'I,8,2008,International,6370.0
KAUA'I,8,2008,Total,91451.0
KAUA'I,12,2008,Domestic,66052.0
KAUA'I,12,2008,International,9433.0
KAUA'I,12,2008,Total,75485.0
KAUA'I,2,2008,Domestic,81598.0
KAUA'I,2,2008,International,8638.0
KAUA'I,2,2008,Total,90236.0
KAUA'I,1,2008,Domestic,83889.0
KAUA'I,1,2008,International,10775.0
KAUA'I,1,2008,Total,94664.0
KAUA'I,7,2008,Domestic,92481.0
KAUA'I,7,2008,International,7548.0
KAUA'I,7,2008,Total,100029.0
KAUA'I,6,2008,Domestic,89150.0
KAUA'I,6,2008,International,6868.0
KAUA'I,6,2008,Total,96018.0
KAUA'I,3,2008,Domestic,89636.0
KAUA'I,3,2008,International,9043.0
KAUA'I,3,2008,Total,98679.0
KAUA'I,5,2008,Domestic,81238.0
KAUA'I,5,2008,International,6346.0
KAUA'I,5,2008,Total,87584.0
KAUA'I,11,2008,Domestic,61774.0
KAUA'I,11,2008,International,6097.0
KAUA'I,11,2008,Total,67871.0
KAUA'I,10,2008,Domestic,68776.0
KAUA'I,10,2008,International,6209.0
KAUA'I,10,2008,Total,74985.0
KAUA'I,9,2008,Domestic,64811.0
KAUA'I,9,2008,International,5608.0
KAUA'I,9,2008,Total,70419.0
KAUA'I,4,2009,Domestic,69695.92608872856
KAUA'I,4,2009,International,6357.620731170585
KAUA'I,4,2009,Total,76053.54681989914
KAUA'I,8,2009,Domestic,80407.61946706915
KAUA'I,8,2009,International,5909.498694092793
KAUA'I,8,2009,Total,86317.11816116194
KAUA'I,12,2009,Domestic,67087.8226344209
KAUA'I,12,2009,International,10799.612201130552
KAUA'I,12,2009,Total,77887.43483555145
KAUA'I,2,2009,Domestic,65283.39899831567
KAUA'I,2,2009,International,6248.601822696042
KAUA'I,2,2009,Total,71532.00082101171
KAUA'I,1,2009,Domestic,64342.172141252464
KAUA'I,1,2009,International,6518.130276888261
KAUA'I,1,2009,Total,70860.30241814072
KAUA'I,7,2009,Domestic,89654.16108743497
KAUA'I,7,2009,International,5768.011654590038
KAUA'I,7,2009,Total,95422.17274202501
KAUA'I,6,2009,Domestic,82627.86215823586
KAUA'I,6,2009,International,5091.246923739232
KAUA'I,6,2009,Total,87719.1090819751
KAUA'I,3,2009,Domestic,65665.85070888908
KAUA'I,3,2009,International,7344.873833545118
KAUA'I,3,2009,Total,73010.7245424342
KAUA'I,5,2009,Domestic,78118.21591141967
KAUA'I,5,2009,International,3730.2857847683877
KAUA'I,5,2009,Total,81848.50169618806
KAUA'I,11,2009,Domestic,58816.493851181294
KAUA'I,11,2009,International,3952.0774670486358
KAUA'I,11,2009,Total,62768.57131822993
KAUA'I,10,2009,Domestic,68245.29659347769
KAUA'I,10,2009,International,4946.503593654127
KAUA'I,10,2009,Total,73191.80018713181
KAUA'I,9,2009,Domestic,66654.67432073188
KAUA'I,9,2009,International,4846.184752413513
KAUA'I,9,2009,Total,71500.85907314539
KAUA'I,4,2010,Domestic,68315.8240932391
KAUA'I,4,2010,International,8192.643800746551
KAUA'I,4,2010,Total,76508.46789398565
KAUA'I,8,2010,Domestic,80217.27374775281
KAUA'I,8,2010,International,6248.745559518622
KAUA'I,8,2010,Total,86466.01930727143
KAUA'I,12,2010,Domestic,71767.97198230562
KAUA'I,12,2010,International,9189.700978892779
KAUA'I,12,2010,Total,80957.6729611984
KAUA'I,2,2010,Domestic,61729.9570317287
KAUA'I,2,2010,International,8050.848933657677
KAUA'I,2,2010,Total,69780.80596538637
KAUA'I,1,2010,Domestic,64208.051887605056
KAUA'I,1,2010,International,6840.469350381415
KAUA'I,1,2010,Total,71048.52123798647
KAUA'I,7,2010,Domestic,94243.26234475915
KAUA'I,7,2010,International,6590.557200656062
KAUA'I,7,2010,Total,100833.81954541522
KAUA'I,6,2010,Domestic,84959.21730206381
KAUA'I,6,2010,International,4841.914464150398
KAUA'I,6,2010,Total,89801.13176621421
KAUA'I,3,2010,Domestic,71281.45065885167
KAUA'I,3,2010,International,8576.914306359804
KAUA'I,3,2010,Total,79858.36496521147
KAUA'I,5,2010,Domestic,71867.43796883842
KAUA'I,5,2010,International,5832.272987381075
KAUA'I,5,2010,Total,77699.7109562195
KAUA'I,11,2010,Domestic,62074.69926311412
KAUA'I,11,2010,International,7104.71549578829
KAUA'I,11,2010,Total,69179.4147589024
KAUA'I,10,2010,Domestic,72937.92859851196
KAUA'I,10,2010,International,6394.3358301054905
KAUA'I,10,2010,Total,79332.26442861746
KAUA'I,9,2010,Domestic,67143.08672648153
KAUA'I,9,2010,International,6502.6522699710085
KAUA'I,9,2010,Total,73645.73899645254
KAUA'I,4,2011,Domestic,75070.87339126476
KAUA'I,4,2011,International,8678.986267596745
KAUA'I,4,2011,Total,83749.8596588615
KAUA'I,8,2011,Domestic,82225.42904972161
KAUA'I,8,2011,International,7002.63233885481
KAUA'I,8,2011,Total,89228.06138857642
KAUA'I,12,2011,Domestic,79554.79846166768
KAUA'I,12,2011,International,11352.327621086857
KAUA'I,12,2011,Total,90907.12608275455
KAUA'I,2,2011,Domestic,67464.38200157178
KAUA'I,2,2011,International,9354.642958289116
KAUA'I,2,2011,Total,76819.0249598609
KAUA'I,1,2011,Domestic,67428.36350609179
KAUA'I,1,2011,International,8154.078653485449
KAUA'I,1,2011,Total,75582.44215957724
KAUA'I,7,2011,Domestic,94624.86421872955
KAUA'I,7,2011,International,7818.905709102955
KAUA'I,7,2011,Total,102443.7699278325
KAUA'I,6,2011,Domestic,85931.34398657046
KAUA'I,6,2011,International,6573.484304435031
KAUA'I,6,2011,Total,92504.82829100548
KAUA'I,3,2011,Domestic,74051.71943389806
KAUA'I,3,2011,International,8209.112382137722
KAUA'I,3,2011,Total,82260.83181603579
KAUA'I,5,2011,Domestic,73660.35123517514
KAUA'I,5,2011,International,8431.57977667023
KAUA'I,5,2011,Total,82091.93101184537
KAUA'I,11,2011,Domestic,66355.286563972
KAUA'I,11,2011,International,6524.294722288776
KAUA'I,11,2011,Total,72879.58128626077
KAUA'I,10,2011,Domestic,74954.6984018497
KAUA'I,10,2011,International,6690.984514744206
KAUA'I,10,2011,Total,81645.68291659391
KAUA'I,9,2011,Domestic,73100.5533003969
KAUA'I,9,2011,International,8285.851149788139
KAUA'I,9,2011,Total,81386.40445018504
KAUA'I,4,2012,Domestic,77624.93230677025
KAUA'I,4,2012,International,9340.732976561612
KAUA'I,4,2012,Total,86965.66528333187
KAUA'I,8,2012,Domestic,90359.53466791223
KAUA'I,8,2012,International,10143.128044291998
KAUA'I,8,2012,Total,100502.66271220423
KAUA'I,12,2012,Domestic,85927.22655230248
KAUA'I,12,2012,International,11199.829514867835
KAUA'I,12,2012,Total,97127.05606717031
KAUA'I,2,2012,Domestic,72640.61103355543
KAUA'I,2,2012,International,8977.142094732371
KAUA'I,2,2012,Total,81617.75312828779
KAUA'I,1,2012,Domestic,71556.68811078502
KAUA'I,1,2012,International,11743.487681261095
KAUA'I,1,2012,Total,83300.17579204611
KAUA'I,7,2012,Domestic,95043.44800782514
KAUA'I,7,2012,International,8400.484228890093
KAUA'I,7,2012,Total,103443.93223671523
KAUA'I,6,2012,Domestic,93778.01131970626
KAUA'I,6,2012,International,8126.975344302904
KAUA'I,6,2012,Total,101904.98666400916
KAUA'I,3,2012,Domestic,83317.90723951647
KAUA'I,3,2012,International,10212.334104610913
KAUA'I,3,2012,Total,93530.24134412738
KAUA'I,5,2012,Domestic,79282.62669499789
KAUA'I,5,2012,International,5890.961172473121
KAUA'I,5,2012,Total,85173.58786747101
KAUA'I,11,2012,Domestic,75243.75497505268
KAUA'I,11,2012,International,7693.23966326659
KAUA'I,11,2012,Total,82936.99463831927
KAUA'I,10,2012,Domestic,76765.22577617472
KAUA'I,10,2012,International,7669.630256291913
KAUA'I,10,2012,Total,84434.85603246663
KAUA'I,9,2012,Domestic,76280.13852368748
KAUA'I,9,2012,International,7462.927112793877
KAUA'I,9,2012,Total,83743.06563648136
KAUA'I,4,2013,Domestic,77780.32260907903
KAUA'I,4,2013,International,9862.305035023779
KAUA'I,4,2013,Total,87642.6276441028
KAUA'I,8,2013,Domestic,92806.9065082501
KAUA'I,8,2013,International,9205.687810499148
KAUA'I,8,2013,Total,102012.59431874925
KAUA'I,12,2013,Domestic,78889.6728924982
KAUA'I,12,2013,International,12769.66756817866
KAUA'I,12,2013,Total,91659.34046067686
KAUA'I,2,2013,Domestic,76760.03352678171
KAUA'I,2,2013,International,11802.247345203206
KAUA'I,2,2013,Total,88562.28087198493
KAUA'I,1,2013,Domestic,77355.46938280179
KAUA'I,1,2013,International,14738.198024075837
KAUA'I,1,2013,Total,92093.66740687763
KAUA'I,7,2013,Domestic,99599.9714220765
KAUA'I,7,2013,International,9242.222634557627
KAUA'I,7,2013,Total,108842.19405663412
KAUA'I,6,2013,Domestic,96201.69250334516
KAUA'I,6,2013,International,9344.376381744589
KAUA'I,6,2013,Total,105546.06888508974
KAUA'I,3,2013,Domestic,84375.51412415989
KAUA'I,3,2013,International,10322.025999513598
KAUA'I,3,2013,Total,94697.54012367349
KAUA'I,5,2013,Domestic,82908.43613791063
KAUA'I,5,2013,International,7473.844679996339
KAUA'I,5,2013,Total,90382.28081790697
KAUA'I,11,2013,Domestic,71889.62878860178
KAUA'I,11,2013,International,10071.671443312418
KAUA'I,11,2013,Total,81961.3002319142
KAUA'I,10,2013,Domestic,76472.72027897177
KAUA'I,10,2013,International,10407.612703182027
KAUA'I,10,2013,Total,86880.33298215379
KAUA'I,9,2013,Domestic,72777.20722944815
KAUA'I,9,2013,International,11296.81076212676
KAUA'I,9,2013,Total,84074.0179915749
KAUA'I,4,2014,Domestic,77213.40567510374
KAUA'I,4,2014,International,12069.838382602784
KAUA'I,4,2014,Total,89283.24405770653
KAUA'I,8,2014,Domestic,89792.82539596323
KAUA'I,8,2014,International,11526.398583564374
KAUA'I,8,2014,Total,101319.2239795276
KAUA'I,12,2014,Domestic,85364.32321643151
KAUA'I,12,2014,International,16181.822172764909
KAUA'I,12,2014,Total,101546.14538919642
KAUA'I,2,2014,Domestic,70957.73956423003
KAUA'I,2,2014,International,11968.660254444447
KAUA'I,2,2014,Total,82926.39981867447
KAUA'I,1,2014,Domestic,79464.87012893727
KAUA'I,1,2014,International,13126.428283033703
KAUA'I,1,2014,Total,92591.29841197097
KAUA'I,7,2014,Domestic,102049.72773853286
KAUA'I,7,2014,International,11066.026131248356
KAUA'I,7,2014,Total,113115.75386978121
KAUA'I,6,2014,Domestic,95437.89013188303
KAUA'I,6,2014,International,9270.321929365953
KAUA'I,6,2014,Total,104708.21206124898
KAUA'I,3,2014,Domestic,80925.59342244912
KAUA'I,3,2014,International,12021.644561957433
KAUA'I,3,2014,Total,92947.23798440656
KAUA'I,5,2014,Domestic,84534.38796916988
KAUA'I,5,2014,International,7829.290691165336
KAUA'I,5,2014,Total,92363.67866033522
KAUA'I,11,2014,Domestic,71643.10337784459
KAUA'I,11,2014,International,10861.668079451092
KAUA'I,11,2014,Total,82504.77145729568
KAUA'I,10,2014,Domestic,78172.46237705284
KAUA'I,10,2014,International,7249.276727180707
KAUA'I,10,2014,Total,85421.73910423355
KAUA'I,9,2014,Domestic,72755.44788411615
KAUA'I,9,2014,International,8489.738272109766
KAUA'I,9,2014,Total,81245.18615622591
KAUA'I,4,2015,Domestic,79994.41126102027
KAUA'I,4,2015,International,13013.478928230543
KAUA'I,4,2015,Total,93007.89018925081
KAUA'I,8,2015,Domestic,91859.1026411832
KAUA'I,8,2015,International,12064.90281893304
KAUA'I,8,2015,Total,103924.00546011624
KAUA'I,12,2015,Domestic,89439.79194104177
KAUA'I,12,2015,International,14192.262206717973
KAUA'I,12,2015,Total,103632.05414775974
KAUA'I,2,2015,Domestic,74232.50991405192
KAUA'I,2,2015,International,12037.168658481945
KAUA'I,2,2015,Total,86269.67857253386
KAUA'I,1,2015,Domestic,79402.10803258084
KAUA'I,1,2015,International,18293.125261227848
KAUA'I,1,2015,Total,97695.23329380869
KAUA'I,7,2015,Domestic,106687.97505980842
KAUA'I,7,2015,International,9732.690142237932
KAUA'I,7,2015,Total,116420.66520204635
KAUA'I,6,2015,Domestic,100979.06522981623
KAUA'I,6,2015,International,9825.574252726285
KAUA'I,6,2015,Total,110804.63948254252
KAUA'I,3,2015,Domestic,86067.3163686854
KAUA'I,3,2015,International,17389.54020395375
KAUA'I,3,2015,Total,103456.85657263914
KAUA'I,5,2015,Domestic,88853.79024781394
KAUA'I,5,2015,International,9563.67844695375
KAUA'I,5,2015,Total,98417.4686947677
KAUA'I,11,2015,Domestic,73387.54886190113
KAUA'I,11,2015,International,9591.371905610182
KAUA'I,11,2015,Total,82978.92076751131
KAUA'I,10,2015,Domestic,82376.21251990258
KAUA'I,10,2015,International,9484.235400525404
KAUA'I,10,2015,Total,91860.44792042798
KAUA'I,9,2015,Domestic,75014.24442296759
KAUA'I,9,2015,International,10269.929370987995
KAUA'I,9,2015,Total,85284.17379395559
KAUA'I,4,2016,Domestic,80530.7324381082
KAUA'I,4,2016,International,12470.604056490936
KAUA'I,4,2016,Total,93001.33649459913
KAUA'I,8,2016,Domestic,94447.03260366719
KAUA'I,8,2016,International,10640.054952277651
KAUA'I,8,2016,Total,105087.08755594485
KAUA'I,12,2016,Domestic,94190.01037192103
KAUA'I,12,2016,International,13877.271717122074
KAUA'I,12,2016,Total,108067.2820890431
KAUA'I,2,2016,Domestic,74562.64394535577
KAUA'I,2,2016,International,13751.869465223584
KAUA'I,2,2016,Total,88314.51341057935
KAUA'I,1,2016,Domestic,80253.24147247137
KAUA'I,1,2016,International,16078.155280760799
KAUA'I,1,2016,Total,96331.39675323217
KAUA'I,7,2016,Domestic,110240.50808460491
KAUA'I,7,2016,International,9630.404848152148
KAUA'I,7,2016,Total,119870.91293275706
KAUA'I,6,2016,Domestic,103810.90956528032
KAUA'I,6,2016,International,10512.494051191703
KAUA'I,6,2016,Total,114323.40361647203
KAUA'I,3,2016,Domestic,83041.04813196987
KAUA'I,3,2016,International,13493.64300904176
KAUA'I,3,2016,Total,96534.69114101163
KAUA'I,5,2016,Domestic,87981.28289632013
KAUA'I,5,2016,International,7333.5745400957285
KAUA'I,5,2016,Total,95314.85743641586
KAUA'I,11,2016,Domestic,76562.4578314235
KAUA'I,11,2016,International,10779.488855279285
KAUA'I,11,2016,Total,87341.94668670278
KAUA'I,10,2016,Domestic,84381.5517866637
KAUA'I,10,2016,International,9610.183767268714
KAUA'I,10,2016,Total,93991.7355539324
KAUA'I,9,2016,Domestic,80575.97192056992
KAUA'I,9,2016,International,8513.66324030597
KAUA'I,9,2016,Total,89089.63516087589
KAUA'I,4,2017,Domestic,87690.61636681932
KAUA'I,4,2017,International,15076.521995565146
KAUA'I,4,2017,Total,102767.1383623852
KAUA'I,8,2017,Domestic,99085.7447793879
KAUA'I,8,2017,International,12792.874113573722
KAUA'I,8,2017,Total,111878.6188929623
KAUA'I,12,2017,Domestic,101618.65633521725
KAUA'I,12,2017,International,15218.988651049245
KAUA'I,12,2017,Total,116837.64498628741
KAUA'I,2,2017,Domestic,79982.27146240139
KAUA'I,2,2017,International,14706.173050402938
KAUA'I,2,2017,Total,94688.44451278164
KAUA'I,1,2017,Domestic,84601.46841491002
KAUA'I,1,2017,International,15138.943397441199
KAUA'I,1,2017,Total,99740.41181233218
KAUA'I,7,2017,Domestic,117054.01452737773
KAUA'I,7,2017,International,11275.949393671308
KAUA'I,7,2017,Total,128329.96392104615
KAUA'I,6,2017,Domestic,111831.95230868326
KAUA'I,6,2017,International,13029.964958179662
KAUA'I,6,2017,Total,124861.91726686312
KAUA'I,3,2017,Domestic,91339.26713529731
KAUA'I,3,2017,International,13956.914290129766
KAUA'I,3,2017,Total,105296.18142544845
KAUA'I,5,2017,Domestic,94898.75177293997
KAUA'I,5,2017,International,10673.217375720751
KAUA'I,5,2017,Total,105571.96914867217
KAUA'I,11,2017,Domestic,81486.76244376713
KAUA'I,11,2017,International,15910.877511152761
KAUA'I,11,2017,Total,97397.63995491812
KAUA'I,10,2017,Domestic,90068.94887089828
KAUA'I,10,2017,International,10442.57694406513
KAUA'I,10,2017,Total,100511.52581498766
KAUA'I,9,2017,Domestic,85901.54827452078
KAUA'I,9,2017,International,11659.7667111657
KAUA'I,9,2017,Total,97561.3149857
KAUA'I,4,2018,Domestic,97439.17244608654
KAUA'I,4,2018,International,15877.496601859522
KAUA'I,4,2018,Total,113316.66904795091
KAUA'I,8,2018,Domestic,102074.39520830013
KAUA'I,8,2018,International,13681.607100363957
KAUA'I,8,2018,Total,115756.00230865218
KAUA'I,12,2018,Domestic,103164.63820621672
KAUA'I,12,2018,International,16535.124267084433
KAUA'I,12,2018,Total,119699.7624733226
KAUA'I,2,2018,Domestic,89350.14309785399
KAUA'I,2,2018,International,16673.701064208137
KAUA'I,2,2018,Total,106023.84416205983
KAUA'I,1,2018,Domestic,92864.63220274779
KAUA'I,1,2018,International,18775.911414183884
KAUA'I,1,2018,Total,111640.54361694911
KAUA'I,7,2018,Domestic,123940.96145468905
KAUA'I,7,2018,International,13916.957500372393
KAUA'I,7,2018,Total,137857.91895505422
KAUA'I,6,2018,Domestic,118276.55406816184
KAUA'I,6,2018,International,17969.800061385737
KAUA'I,6,2018,Total,136246.35412954568
KAUA'I,3,2018,Domestic,107810.86868246937
KAUA'I,3,2018,International,20259.856290942676
KAUA'I,3,2018,Total,128070.72497342023
KAUA'I,5,2018,Domestic,103264.02604893007
KAUA'I,5,2018,International,8908.708303584008
KAUA'I,5,2018,Total,112172.73435252372
KAUA'I,11,2018,Domestic,89040.84842183653
KAUA'I,11,2018,International,15396.475649881571
KAUA'I,11,2018,Total,104437.32407173827
KAUA'I,10,2018,Domestic,92986.49029556697
KAUA'I,10,2018,International,10516.29616179347
KAUA'I,10,2018,Total,103502.78645735714
KAUA'I,9,2018,Domestic,89125.64742104773
KAUA'I,9,2018,International,11450.111048633302
KAUA'I,9,2018,Total,100575.75846969492
KAUA'I,4,2019,Domestic,94334.35469789847
KAUA'I,4,2019,International,11846.208587299016
KAUA'I,4,2019,Total,106180.56328520562
KAUA'I,8,2019,Domestic,107323.7327224475
KAUA'I,8,2019,International,12706.143260493844
KAUA'I,8,2019,Total,120029.87598295847
KAUA'I,12,2019,Domestic,110127.37918346649
KAUA'I,12,2019,International,14228.820059911937
KAUA'I,12,2019,Total,124356.19924337638
KAUA'I,2,2019,Domestic,85293.84420288296
KAUA'I,2,2019,International,19151.335554247304
KAUA'I,2,2019,Total,104445.1797571764
KAUA'I,1,2019,Domestic,87128.89093939945
KAUA'I,1,2019,International,19012.61896851925
KAUA'I,1,2019,Total,106141.5099078888
KAUA'I,7,2019,Domestic,126388.34136352772
KAUA'I,7,2019,International,12768.603914820933
KAUA'I,7,2019,Total,139156.94527836796
KAUA'I,6,2019,Domestic,122974.78329528442
KAUA'I,6,2019,International,11815.495870212677
KAUA'I,6,2019,Total,134790.2791654819
KAUA'I,3,2019,Domestic,106601.85039362486
KAUA'I,3,2019,International,16273.922724206743
KAUA'I,3,2019,Total,122875.77311783574
KAUA'I,5,2019,Domestic,104421.47199511646
KAUA'I,5,2019,International,7684.147791790477
KAUA'I,5,2019,Total,112105.61978692032
KAUA'I,11,2019,Domestic,90595.73047519967
KAUA'I,11,2019,International,13187.22821756846
KAUA'I,11,2019,Total,103782.95869277841
KAUA'I,10,2019,Domestic,93073.43489075062
KAUA'I,10,2019,International,9588.943396427003
KAUA'I,10,2019,Total,102662.37828718782
KAUA'I,9,2019,Domestic,82995.98995301324
KAUA'I,9,2019,International,10505.334046890745
KAUA'I,9,2019,Total,93501.32399992234
KAUA'I,4,2020,Domestic,306.47714973053024
KAUA'I,4,2020,International,0.0
KAUA'I,4,2020,Total,306.47714973053024
KAUA'I,8,2020,Domestic,1342.0954432122126
KAUA'I,8,2020,International,0.0
KAUA'I,8,2020,Total,1342.0954432122126
KAUA'I,12,2020,Domestic,3735.6788510231777
KAUA'I,12,2020,International,26.653000688037967
KAUA'I,12,2020,Total,3762.331851711212
KAUA'I,2,2020,Domestic,98034.85603038469
KAUA'I,2,2020,International,12442.686386781626
KAUA'I,2,2020,Total,110477.54241714813
KAUA'I,1,2020,Domestic,96555.13288274137
KAUA'I,1,2020,International,17240.617174221377
KAUA'I,1,2020,Total,113795.75005694163
KAUA'I,7,2020,Domestic,1349.461258535304
KAUA'I,7,2020,International,0.0
KAUA'I,7,2020,Total,1349.461258535304
KAUA'I,6,2020,Domestic,1068.3970962769492
KAUA'I,6,2020,International,0.0
KAUA'I,6,2020,Total,1068.3970962769492
KAUA'I,3,2020,Domestic,52015.316010637114
KAUA'I,3,2020,International,4709.95458066755
KAUA'I,3,2020,Total,56725.27059130119
KAUA'I,5,2020,Domestic,603.0853049951334
KAUA'I,5,2020,International,0.0
KAUA'I,5,2020,Total,603.0853049951334
KAUA'I,11,2020,Domestic,28487.360511230403
KAUA'I,11,2020,International,0.0
KAUA'I,11,2020,Total,28487.360511230403
KAUA'I,10,2020,Domestic,11249.096019196935
KAUA'I,10,2020,International,0.0
KAUA'I,10,2020,Total,11249.096019196935
KAUA'I,9,2020,Domestic,1095.7993659871456
KAUA'I,9,2020,International,0.0
KAUA'I,9,2020,Total,1095.7993659871456
KAUA'I,4,2021,Domestic,41912.00737516985
KAUA'I,4,2021,International,3.8567362428842498
KAUA'I,4,2021,Total,41915.864111412746
KAUA'I,8,2021,Domestic,98644.73795679558
KAUA'I,8,2021,International,59.922487860439745
KAUA'I,8,2021,Total,98704.66044465608
KAUA'I,12,2021,Domestic,98500.02916566003
KAUA'I,12,2021,International,2928.3253113191367
KAUA'I,12,2021,Total,101428.35447697999
KAUA'I,2,2021,Domestic,7337.055218415576
KAUA'I,2,2021,International,10.106979203364059
KAUA'I,2,2021,Total,7347.16219761894
KAUA'I,1,2021,Domestic,3981.219114494531
KAUA'I,1,2021,International,6.350312292279224
KAUA'I,1,2021,Total,3987.569426786811
KAUA'I,7,2021,Domestic,115927.67930111398
KAUA'I,7,2021,International,19.129162315040052
KAUA'I,7,2021,Total,115946.808463429
KAUA'I,6,2021,Domestic,104346.44555842267
KAUA'I,6,2021,International,2.1920097429909475
KAUA'I,6,2021,Total,104348.63756816565
KAUA'I,3,2021,Domestic,15129.483725949502
KAUA'I,3,2021,International,2.5207326007326007
KAUA'I,3,2021,Total,15132.004458550235
KAUA'I,5,2021,Domestic,73215.1252525048
KAUA'I,5,2021,International,19.443103469158952
KAUA'I,5,2021,Total,73234.56835597398
KAUA'I,11,2021,Domestic,87153.30008936892
KAUA'I,11,2021,International,2656.230702347393
KAUA'I,11,2021,Total,89809.53079171656
KAUA'I,10,2021,Domestic,84359.40587058447
KAUA'I,10,2021,International,189.8390955562762
KAUA'I,10,2021,Total,84549.24496614099
KAUA'I,9,2021,Domestic,77151.3289751808
KAUA'I,9,2021,International,91.58368307683179
KAUA'I,9,2021,Total,77242.9126582575
KAUA'I,4,2022,Domestic,111485.11195561911
KAUA'I,4,2022,International,4395.944882477762
KAUA'I,4,2022,Total,115881.05683809842
KAUA'I,8,2022,Domestic,115039.29537264387
KAUA'I,8,2022,International,5768.979043263741
KAUA'I,8,2022,Total,120808.27441591182
KAUA'I,12,2022,Domestic,111632.46085531273
KAUA'I,12,2022,International,10544.585009139057
KAUA'I,12,2022,Total,122177.04586446004
KAUA'I,2,2022,Domestic,84955.78549940202
KAUA'I,2,2022,International,3136.845108948703
KAUA'I,2,2022,Total,88092.63060834662
KAUA'I,1,2022,Domestic,80369.43901541774
KAUA'I,1,2022,International,4697.699855103585
KAUA'I,1,2022,Total,85067.1388705225
KAUA'I,7,2022,Domestic,133125.56227540632
KAUA'I,7,2022,International,5755.9943819868195
KAUA'I,7,2022,Total,138881.55665738278
KAUA'I,6,2022,Domestic,129127.33749540312
KAUA'I,6,2022,International,4479.026431556531
KAUA'I,6,2022,Total,133606.36392696563
KAUA'I,3,2022,Domestic,104976.66662151723
KAUA'I,3,2022,International,4879.768727224918
KAUA'I,3,2022,Total,109856.43534873912
KAUA'I,5,2022,Domestic,113059.88007814175
KAUA'I,5,2022,International,2527.137575104089
KAUA'I,5,2022,Total,115587.01765324899
KAUA'I,11,2022,Domestic,94496.37769867733
KAUA'I,11,2022,International,7287.010082259519
KAUA'I,11,2022,Total,101783.3877809349
KAUA'I,10,2022,Domestic,105440.13372216867
KAUA'I,10,2022,International,3883.9464249132784
KAUA'I,10,2022,Total,109324.08014708475
KAUA'I,9,2022,Domestic,101522.23285098474
KAUA'I,9,2022,International,2976.371038398379
KAUA'I,9,2022,Total,104498.60388938617
KONA,4,1990,Domestic,
KONA,4,1990,International,
KONA,4,1990,Total,
KONA,8,1990,Domestic,
KONA,8,1990,International,
KONA,8,1990,Total,
KONA,12,1990,Domestic,
KONA,12,1990,International,
KONA,12,1990,Total,
KONA,2,1990,Domestic,
KONA,2,1990,International,
KONA,2,1990,Total,
KONA,1,1990,Domestic,
KONA,1,1990,International,
KONA,1,1990,Total,
KONA,7,1990,Domestic,
KONA,7,1990,International,
KONA,7,1990,Total,
KONA,6,1990,Domestic,
KONA,6,1990,International,
KONA,6,1990,Total,
KONA,3,1990,Domestic,
KONA,3,1990,International,
KONA,3,1990,Total,
KONA,5,1990,Domestic,
KONA,5,1990,International,
KONA,5,1990,Total,
KONA,11,1990,Domestic,
KONA,11,1990,International,
KONA,11,1990,Total,
KONA,10,1990,Domestic,
KONA,10,1990,International,
KONA,10,1990,Total,
KONA,9,1990,Domestic,
KONA,9,1990,International,
KONA,9,1990,Total,
KONA,4,1991,Domestic,70449.78137637087
KONA,4,1991,International,14968.500023213037
KONA,4,1991,Total,85418.28139958391
KONA,8,1991,Domestic,67687.62612421818
KONA,8,1991,International,19678.5371118403
KONA,8,1991,Total,87366.16323605848
KONA,12,1991,Domestic,54978.671098408675
KONA,12,1991,International,16411.143421998902
KONA,12,1991,Total,71389.81452040758
KONA,2,1991,Domestic,59217.47665284181
KONA,2,1991,International,11680.265531225066
KONA,2,1991,Total,70897.74218406688
KONA,1,1991,Domestic,67672.19637814978
KONA,1,1991,International,17389.206030108966
KONA,1,1991,Total,85061.40240825874
KONA,7,1991,Domestic,78437.4139610793
KONA,7,1991,International,17732.966003124566
KONA,7,1991,Total,96170.37996420386
KONA,6,1991,Domestic,68467.81922812949
KONA,6,1991,International,12315.065106737695
KONA,6,1991,Total,80782.88433486718
KONA,3,1991,Domestic,70628.2574510017
KONA,3,1991,International,12071.877178381306
KONA,3,1991,Total,82700.13462938301
KONA,5,1991,Domestic,65350.90853058456
KONA,5,1991,International,14147.742500522198
KONA,5,1991,Total,79498.65103110675
KONA,11,1991,Domestic,57816.393531208996
KONA,11,1991,International,16143.734324197581
KONA,11,1991,Total,73960.12785540658
KONA,10,1991,Domestic,59623.14636894503
KONA,10,1991,International,15975.188889491963
KONA,10,1991,Total,75598.335258437
KONA,9,1991,Domestic,48341.857995817394
KONA,9,1991,International,16405.524784103334
KONA,9,1991,Total,64747.38277992073
KONA,4,1992,Domestic,61811.78838348033
KONA,4,1992,International,13502.33777159733
KONA,4,1992,Total,75314.12615507765
KONA,8,1992,Domestic,61234.882681288786
KONA,8,1992,International,14298.660937976309
KONA,8,1992,Total,75533.5436192651
KONA,12,1992,Domestic,65485.5520650251
KONA,12,1992,International,23339.736009057986
KONA,12,1992,Total,88825.28807408309
KONA,2,1992,Domestic,51387.50505745164
KONA,2,1992,International,16222.430609294737
KONA,2,1992,Total,67609.93566674637
KONA,1,1992,Domestic,62130.73237889806
KONA,1,1992,International,19400.73233564098
KONA,1,1992,Total,81531.46471453903
KONA,7,1992,Domestic,64292.97882985166
KONA,7,1992,International,19069.655718296068
KONA,7,1992,Total,83362.63454814773
KONA,6,1992,Domestic,61537.61316289774
KONA,6,1992,International,19390.157355766554
KONA,6,1992,Total,80927.7705186643
KONA,3,1992,Domestic,61638.70092663345
KONA,3,1992,International,15099.272469581638
KONA,3,1992,Total,76737.9733962151
KONA,5,1992,Domestic,54109.21712414691
KONA,5,1992,International,18843.165040083328
KONA,5,1992,Total,72952.38216423024
KONA,11,1992,Domestic,76714.24950431887
KONA,11,1992,International,17675.464419144762
KONA,11,1992,Total,94389.71392346363
KONA,10,1992,Domestic,83729.24250248726
KONA,10,1992,International,17276.218826441986
KONA,10,1992,Total,101005.46132892925
KONA,9,1992,Domestic,59650.92043728726
KONA,9,1992,International,12854.800474150381
KONA,9,1992,Total,72505.72091143765
KONA,4,1993,Domestic,61901.77454704121
KONA,4,1993,International,18100.918150608693
KONA,4,1993,Total,80002.69269764991
KONA,8,1993,Domestic,64291.838482949206
KONA,8,1993,International,19823.22001071151
KONA,8,1993,Total,84115.05849366072
KONA,12,1993,Domestic,52561.38939648349
KONA,12,1993,International,15210.351463576577
KONA,12,1993,Total,67771.74086006008
KONA,2,1993,Domestic,65073.917201446595
KONA,2,1993,International,19607.678044377048
KONA,2,1993,Total,84681.59524582364
KONA,1,1993,Domestic,66654.36167421908
KONA,1,1993,International,32613.966451073833
KONA,1,1993,Total,99268.32812529292
KONA,7,1993,Domestic,67810.09987053044
KONA,7,1993,International,15790.602602935416
KONA,7,1993,Total,83600.70247346585
KONA,6,1993,Domestic,58656.65235092228
KONA,6,1993,International,18019.36954293591
KONA,6,1993,Total,76676.0218938582
KONA,3,1993,Domestic,66088.23504293273
KONA,3,1993,International,22217.630399479604
KONA,3,1993,Total,88305.86544241234
KONA,5,1993,Domestic,52919.76871709369
KONA,5,1993,International,17848.671805836166
KONA,5,1993,Total,70768.44052292986
KONA,11,1993,Domestic,59073.28161674307
KONA,11,1993,International,16545.47085851765
KONA,11,1993,Total,75618.75247526073
KONA,10,1993,Domestic,66980.0643754963
KONA,10,1993,International,19477.95799657632
KONA,10,1993,Total,86458.02237207262
KONA,9,1993,Domestic,53652.64067256065
KONA,9,1993,International,22813.619080689296
KONA,9,1993,Total,76466.25975324995
KONA,4,1994,Domestic,63774.225103892255
KONA,4,1994,International,12163.916150139548
KONA,4,1994,Total,75938.1412540318
KONA,8,1994,Domestic,58048.624158026876
KONA,8,1994,International,16260.275659822548
KONA,8,1994,Total,74308.89981784942
KONA,12,1994,Domestic,58629.18854385887
KONA,12,1994,International,16663.3607261481
KONA,12,1994,Total,75292.54927000697
KONA,2,1994,Domestic,63316.62830193855
KONA,2,1994,International,21531.50730332368
KONA,2,1994,Total,84848.13560526223
KONA,1,1994,Domestic,55650.9656968398
KONA,1,1994,International,19490.213140859192
KONA,1,1994,Total,75141.17883769899
KONA,7,1994,Domestic,65277.56183483276
KONA,7,1994,International,19164.054497805413
KONA,7,1994,Total,84441.61633263818
KONA,6,1994,Domestic,63131.03661239118
KONA,6,1994,International,14555.715293174155
KONA,6,1994,Total,77686.75190556534
KONA,3,1994,Domestic,74226.54685721733
KONA,3,1994,International,16128.656229910099
KONA,3,1994,Total,90355.20308712742
KONA,5,1994,Domestic,51945.87150318475
KONA,5,1994,International,20460.081252286476
KONA,5,1994,Total,72405.95275547123
KONA,11,1994,Domestic,65830.50952862458
KONA,11,1994,International,11813.601081499746
KONA,11,1994,Total,77644.11061012432
KONA,10,1994,Domestic,61700.87507426417
KONA,10,1994,International,21800.15939091117
KONA,10,1994,Total,83501.03446517534
KONA,9,1994,Domestic,47492.8896115766
KONA,9,1994,International,13992.81867976477
KONA,9,1994,Total,61485.70829134137
KONA,4,1995,Domestic,59369.0991005873
KONA,4,1995,International,9554.207461573293
KONA,4,1995,Total,68923.3065621606
KONA,8,1995,Domestic,56072.56024629202
KONA,8,1995,International,18618.18667597431
KONA,8,1995,Total,74690.74692226633
KONA,12,1995,Domestic,55063.23327121828
KONA,12,1995,International,18385.77616571391
KONA,12,1995,Total,73449.00943693219
KONA,2,1995,Domestic,67136.86870435649
KONA,2,1995,International,11996.775494064801
KONA,2,1995,Total,79133.64419842129
KONA,1,1995,Domestic,62717.83026133861
KONA,1,1995,International,14227.922898795363
KONA,1,1995,Total,76945.75316013397
KONA,7,1995,Domestic,64253.597048759104
KONA,7,1995,International,32759.673086459938
KONA,7,1995,Total,97013.27013521903
KONA,6,1995,Domestic,60849.362447109226
KONA,6,1995,International,19446.671383019595
KONA,6,1995,Total,80296.03383012881
KONA,3,1995,Domestic,67028.58391555637
KONA,3,1995,International,15945.55353308699
KONA,3,1995,Total,82974.13744864336
KONA,5,1995,Domestic,51344.63869663725
KONA,5,1995,International,19280.38324262483
KONA,5,1995,Total,70625.02193926208
KONA,11,1995,Domestic,56350.16204820682
KONA,11,1995,International,15008.808629082489
KONA,11,1995,Total,71358.97067728931
KONA,10,1995,Domestic,62518.37975482633
KONA,10,1995,International,14763.386451557333
KONA,10,1995,Total,77281.76620638366
KONA,9,1995,Domestic,46527.35279720032
KONA,9,1995,International,11174.20876448491
KONA,9,1995,Total,57701.56156168523
KONA,4,1996,Domestic,58545.24289328923
KONA,4,1996,International,7206.442737601654
KONA,4,1996,Total,65751.68563089089
KONA,8,1996,Domestic,64844.67915659829
KONA,8,1996,International,30851.289427347336
KONA,8,1996,Total,95695.96858394562
KONA,12,1996,Domestic,59228.66701068235
KONA,12,1996,International,31170.92694708419
KONA,12,1996,Total,90399.59395776654
KONA,2,1996,Domestic,67470.20106196105
KONA,2,1996,International,12087.438991388333
KONA,2,1996,Total,79557.64005334939
KONA,1,1996,Domestic,59773.30198115066
KONA,1,1996,International,11536.761759722714
KONA,1,1996,Total,71310.06374087337
KONA,7,1996,Domestic,64859.61806246331
KONA,7,1996,International,26421.7628683591
KONA,7,1996,Total,91281.38093082242
KONA,6,1996,Domestic,66913.60792315271
KONA,6,1996,International,34935.52541502199
KONA,6,1996,Total,101849.1333381747
KONA,3,1996,Domestic,64276.53424816953
KONA,3,1996,International,15527.814823033068
KONA,3,1996,Total,79804.3490712026
KONA,5,1996,Domestic,56528.32513813736
KONA,5,1996,International,15258.913419356793
KONA,5,1996,Total,71787.23855749416
KONA,11,1996,Domestic,57315.77202283066
KONA,11,1996,International,27488.08689420736
KONA,11,1996,Total,84803.85891703801
KONA,10,1996,Domestic,62529.79453061897
KONA,10,1996,International,21733.86590822033
KONA,10,1996,Total,84263.6604388393
KONA,9,1996,Domestic,51804.441165760654
KONA,9,1996,International,16866.49053703776
KONA,9,1996,Total,68670.9317027984
KONA,4,1997,Domestic,65002.04972957764
KONA,4,1997,International,17450.227674704725
KONA,4,1997,Total,82452.27740428236
KONA,8,1997,Domestic,65588.46314216901
KONA,8,1997,International,35514.02689890075
KONA,8,1997,Total,101102.49004106977
KONA,12,1997,Domestic,61336.83233168231
KONA,12,1997,International,25730.895489042006
KONA,12,1997,Total,87067.7278207243
KONA,2,1997,Domestic,67972.4814105292
KONA,2,1997,International,27402.870313674564
KONA,2,1997,Total,95375.35172420376
KONA,1,1997,Domestic,63126.37491381137
KONA,1,1997,International,27724.40456672501
KONA,1,1997,Total,90850.77948053638
KONA,7,1997,Domestic,66605.69792330642
KONA,7,1997,International,30231.48431628784
KONA,7,1997,Total,96837.18223959426
KONA,6,1997,Domestic,63410.651106979894
KONA,6,1997,International,17123.3173996651
KONA,6,1997,Total,80533.96850664499
KONA,3,1997,Domestic,73371.05881024236
KONA,3,1997,International,25614.919352780144
KONA,3,1997,Total,98985.9781630225
KONA,5,1997,Domestic,56041.28290427423
KONA,5,1997,International,15255.90757927693
KONA,5,1997,Total,71297.19048355117
KONA,11,1997,Domestic,63263.395248198125
KONA,11,1997,International,17331.56365862661
KONA,11,1997,Total,80594.95890682473
KONA,10,1997,Domestic,61674.58694944296
KONA,10,1997,International,16485.857036197332
KONA,10,1997,Total,78160.44398564029
KONA,9,1997,Domestic,52129.73866847256
KONA,9,1997,International,9424.721476089486
KONA,9,1997,Total,61554.46014456204
KONA,4,1998,Domestic,68372.03054266752
KONA,4,1998,International,19826.72151167581
KONA,4,1998,Total,88198.75205434332
KONA,8,1998,Domestic,65582.58394872087
KONA,8,1998,International,37125.02676091895
KONA,8,1998,Total,102707.61070963982
KONA,12,1998,Domestic,65614.52796873868
KONA,12,1998,International,31412.085840818636
KONA,12,1998,Total,97026.61380955731
KONA,2,1998,Domestic,70830.85700274774
KONA,2,1998,International,36467.97129263992
KONA,2,1998,Total,107298.82829538766
KONA,1,1998,Domestic,66900.75682564599
KONA,1,1998,International,29621.7854145172
KONA,1,1998,Total,96522.5422401632
KONA,7,1998,Domestic,70429.3519317919
KONA,7,1998,International,29848.22199467493
KONA,7,1998,Total,100277.57392646682
KONA,6,1998,Domestic,66332.58352883492
KONA,6,1998,International,23905.00984453282
KONA,6,1998,Total,90237.59337336774
KONA,3,1998,Domestic,73656.5000350572
KONA,3,1998,International,27156.751025711277
KONA,3,1998,Total,100813.25106076847
KONA,5,1998,Domestic,67330.71323824978
KONA,5,1998,International,23105.91257852663
KONA,5,1998,Total,90436.62581677642
KONA,11,1998,Domestic,62924.552310422325
KONA,11,1998,International,24442.399964395823
KONA,11,1998,Total,87366.95227481815
KONA,10,1998,Domestic,72323.25124956058
KONA,10,1998,International,20800.908110158656
KONA,10,1998,Total,93124.15935971923
KONA,9,1998,Domestic,59126.289663185016
KONA,9,1998,International,24856.61584401007
KONA,9,1998,Total,83982.90550719509
KONA,4,1999,Domestic,68876.16305056699
KONA,4,1999,International,19971.393631797837
KONA,4,1999,Total,88847.55668236483
KONA,8,1999,Domestic,68423.14695402222
KONA,8,1999,International,23315.448782455544
KONA,8,1999,Total,91738.59573647776
KONA,12,1999,Domestic,59867.41857838669
KONA,12,1999,International,23091.918361750602
KONA,12,1999,Total,82959.33694013729
KONA,2,1999,Domestic,68274.4542466498
KONA,2,1999,International,25367.34736118632
KONA,2,1999,Total,93641.80160783611
KONA,1,1999,Domestic,66947.98343869831
KONA,1,1999,International,23514.213414073038
KONA,1,1999,Total,90462.19685277135
KONA,7,1999,Domestic,78793.178108309
KONA,7,1999,International,22541.00860079112
KONA,7,1999,Total,101334.18670910012
KONA,6,1999,Domestic,68662.00117741044
KONA,6,1999,International,20219.863170000877
KONA,6,1999,Total,88881.86434741132
KONA,3,1999,Domestic,75469.0690777535
KONA,3,1999,International,24007.452504140336
KONA,3,1999,Total,99476.52158189384
KONA,5,1999,Domestic,59796.647705527226
KONA,5,1999,International,21330.777924600316
KONA,5,1999,Total,81127.42563012755
KONA,11,1999,Domestic,64112.87563934499
KONA,11,1999,International,24175.128008420674
KONA,11,1999,Total,88288.00364776567
KONA,10,1999,Domestic,79986.26255487348
KONA,10,1999,International,27042.84723639284
KONA,10,1999,Total,107029.10979126632
KONA,9,1999,Domestic,56672.10865811688
KONA,9,1999,International,23065.566522533623
KONA,9,1999,Total,79737.6751806505
KONA,4,2000,Domestic,70161.83755397394
KONA,4,2000,International,23059.422969759755
KONA,4,2000,Total,93221.26052373368
KONA,8,2000,Domestic,67105.0
KONA,8,2000,International,30208.693937185846
KONA,8,2000,Total,97313.69393718585
KONA,12,2000,Domestic,61036.0
KONA,12,2000,International,28294.499166442223
KONA,12,2000,Total,89330.49916644223
KONA,2,2000,Domestic,70101.28134172369
KONA,2,2000,International,25393.686575401123
KONA,2,2000,Total,95494.96791712481
KONA,1,2000,Domestic,58810.0
KONA,1,2000,International,26783.38578283797
KONA,1,2000,Total,85593.38578283797
KONA,7,2000,Domestic,80110.0
KONA,7,2000,International,24855.0271673174
KONA,7,2000,Total,104965.0271673174
KONA,6,2000,Domestic,74729.994369373
KONA,6,2000,International,19665.085176886867
KONA,6,2000,Total,94395.07954625986
KONA,3,2000,Domestic,77259.19190201987
KONA,3,2000,International,23147.94832586224
KONA,3,2000,Total,100407.1402278821
KONA,5,2000,Domestic,65115.64893383685
KONA,5,2000,International,25129.887251922388
KONA,5,2000,Total,90245.53618575924
KONA,11,2000,Domestic,59091.0
KONA,11,2000,International,19872.886479950437
KONA,11,2000,Total,78963.88647995044
KONA,10,2000,Domestic,71222.0
KONA,10,2000,International,19959.07240831606
KONA,10,2000,Total,91181.07240831606
KONA,9,2000,Domestic,55123.0
KONA,9,2000,International,25167.90612475566
KONA,9,2000,Total,80290.90612475565
KONA,4,2001,Domestic,60369.0
KONA,4,2001,International,24812.1919675406
KONA,4,2001,Total,85181.1919675406
KONA,8,2001,Domestic,71969.6
KONA,8,2001,International,29530.53396435753
KONA,8,2001,Total,101500.13396435753
KONA,12,2001,Domestic,59231.0
KONA,12,2001,International,21032.560608681422
KONA,12,2001,Total,80263.56060868142
KONA,2,2001,Domestic,66064.0
KONA,2,2001,International,24067.937329194905
KONA,2,2001,Total,90131.9373291949
KONA,1,2001,Domestic,62743.0
KONA,1,2001,International,28020.73764743516
KONA,1,2001,Total,90763.73764743516
KONA,7,2001,Domestic,77785.6
KONA,7,2001,International,26384.805184844674
KONA,7,2001,Total,104170.40518484468
KONA,6,2001,Domestic,74456.6
KONA,6,2001,International,23456.952495372447
KONA,6,2001,Total,97913.55249537245
KONA,3,2001,Domestic,74916.6
KONA,3,2001,International,24281.34815949474
KONA,3,2001,Total,99197.94815949474
KONA,5,2001,Domestic,58398.0
KONA,5,2001,International,25130.8750511696
KONA,5,2001,Total,83528.8750511696
KONA,11,2001,Domestic,49715.0
KONA,11,2001,International,17596.17520386595
KONA,11,2001,Total,67311.17520386595
KONA,10,2001,Domestic,57754.0
KONA,10,2001,International,13424.005178665315
KONA,10,2001,Total,71178.00517866532
KONA,9,2001,Domestic,42598.0
KONA,9,2001,International,14041.379040116497
KONA,9,2001,Total,56639.379040116495
KONA,4,2002,Domestic,62891.54771112526
KONA,4,2002,International,16250.654102416787
KONA,4,2002,Total,79142.20181354205
KONA,8,2002,Domestic,66496.07354867787
KONA,8,2002,International,31087.25591870608
KONA,8,2002,Total,97583.32946738396
KONA,12,2002,Domestic,63127.87027010162
KONA,12,2002,International,26151.208921722784
KONA,12,2002,Total,89279.0791918244
KONA,2,2002,Domestic,63642.54600861311
KONA,2,2002,International,21412.517875897254
KONA,2,2002,Total,85055.06388451037
KONA,1,2002,Domestic,62156.166200822154
KONA,1,2002,International,21197.0
KONA,1,2002,Total,83353.16620082216
KONA,7,2002,Domestic,70432.31364466646
KONA,7,2002,International,22208.549510754354
KONA,7,2002,Total,92640.86315542081
KONA,6,2002,Domestic,69725.74518400796
KONA,6,2002,International,22839.643246991083
KONA,6,2002,Total,92565.38843099904
KONA,3,2002,Domestic,66430.84917720332
KONA,3,2002,International,29610.70320929943
KONA,3,2002,Total,96041.55238650275
KONA,5,2002,Domestic,57891.493728988964
KONA,5,2002,International,16481.408835231345
KONA,5,2002,Total,74372.9025642203
KONA,11,2002,Domestic,57147.445031413044
KONA,11,2002,International,23486.861763520934
KONA,11,2002,Total,80634.30679493397
KONA,10,2002,Domestic,68423.93800032495
KONA,10,2002,International,24115.964358210604
KONA,10,2002,Total,92539.90235853556
KONA,9,2002,Domestic,48175.45632965944
KONA,9,2002,International,22231.435780173342
KONA,9,2002,Total,70406.89210983278
KONA,4,2003,Domestic,65460.81881342546
KONA,4,2003,International,11706.086313263497
KONA,4,2003,Total,77166.90512668896
KONA,8,2003,Domestic,68527.54963361548
KONA,8,2003,International,25176.707512666868
KONA,8,2003,Total,93704.25714628234
KONA,12,2003,Domestic,63281.11264533711
KONA,12,2003,International,20173.69119382038
KONA,12,2003,Total,83454.8038391575
KONA,2,2003,Domestic,58469.32383579759
KONA,2,2003,International,24617.518710574404
KONA,2,2003,Total,83086.842546372
KONA,1,2003,Domestic,58681.14830278701
KONA,1,2003,International,28058.647329548112
KONA,1,2003,Total,86739.79563233512
KONA,7,2003,Domestic,75455.32568787444
KONA,7,2003,International,20082.24582075245
KONA,7,2003,Total,95537.57150862689
KONA,6,2003,Domestic,67901.28109426054
KONA,6,2003,International,12930.732740646687
KONA,6,2003,Total,80832.01383490724
KONA,3,2003,Domestic,65744.06108432125
KONA,3,2003,International,21224.998421750955
KONA,3,2003,Total,86969.0595060722
KONA,5,2003,Domestic,57004.14282331233
KONA,5,2003,International,13889.196749826859
KONA,5,2003,Total,70893.3395731392
KONA,11,2003,Domestic,53682.90924772842
KONA,11,2003,International,19708.550304292923
KONA,11,2003,Total,73391.45955202135
KONA,10,2003,Domestic,59354.502783231736
KONA,10,2003,International,20300.26405823641
KONA,10,2003,Total,79654.76684146814
KONA,9,2003,Domestic,47163.63540269879
KONA,9,2003,International,18600.10116050952
KONA,9,2003,Total,65763.73656320831
KONA,4,2004,Domestic,66955.63670940485
KONA,4,2004,International,18421.737025296858
KONA,4,2004,Total,85377.3737347017
KONA,8,2004,Domestic,73544.86915330331
KONA,8,2004,International,25855.98684991041
KONA,8,2004,Total,99400.85600321372
KONA,12,2004,Domestic,77918.92125985511
KONA,12,2004,International,22512.01059930168
KONA,12,2004,Total,100430.93185915679
KONA,2,2004,Domestic,61111.777939244
KONA,2,2004,International,22110.525445565956
KONA,2,2004,Total,83222.30338480996
KONA,1,2004,Domestic,61056.33023786543
KONA,1,2004,International,20472.633409634487
KONA,1,2004,Total,81528.96364749991
KONA,7,2004,Domestic,84466.34865275734
KONA,7,2004,International,22047.358887583152
KONA,7,2004,Total,106513.70754034049
KONA,6,2004,Domestic,74444.94498733238
KONA,6,2004,International,15909.722705003402
KONA,6,2004,Total,90354.66769233577
KONA,3,2004,Domestic,68274.56929490004
KONA,3,2004,International,21484.01845620553
KONA,3,2004,Total,89758.58775110557
KONA,5,2004,Domestic,61374.17411195192
KONA,5,2004,International,16286.368163038122
KONA,5,2004,Total,77660.54227499005
KONA,11,2004,Domestic,66141.10207508657
KONA,11,2004,International,20958.508059218017
KONA,11,2004,Total,87099.61013430459
KONA,10,2004,Domestic,74549.58200036954
KONA,10,2004,International,20954.558104283748
KONA,10,2004,Total,95504.14010465328
KONA,9,2004,Domestic,55991.81109551203
KONA,9,2004,International,20089.423307450284
KONA,9,2004,Total,76081.23440296232
KONA,4,2005,Domestic,73531.8
KONA,4,2005,International,16828.974678588085
KONA,4,2005,Total,90360.77467858809
KONA,8,2005,Domestic,92274.0
KONA,8,2005,International,24697.32856678507
KONA,8,2005,Total,116971.32856678507
KONA,12,2005,Domestic,93831.7
KONA,12,2005,International,28550.184340576598
KONA,12,2005,Total,122381.8843405766
KONA,2,2005,Domestic,80049.89412818066
KONA,2,2005,International,19039.724016616954
KONA,2,2005,Total,99089.61814479761
KONA,1,2005,Domestic,80657.6
KONA,1,2005,International,23451.641360030753
KONA,1,2005,Total,104109.24136003076
KONA,7,2005,Domestic,107389.0
KONA,7,2005,International,24349.664880883654
KONA,7,2005,Total,131738.66488088365
KONA,6,2005,Domestic,89884.8
KONA,6,2005,International,20691.500910858642
KONA,6,2005,Total,110576.30091085864
KONA,3,2005,Domestic,89304.0
KONA,3,2005,International,23825.55778139654
KONA,3,2005,Total,113129.55778139654
KONA,5,2005,Domestic,72502.0
KONA,5,2005,International,23328.30859988714
KONA,5,2005,Total,95830.30859988714
KONA,11,2005,Domestic,76827.0
KONA,11,2005,International,24345.644992551508
KONA,11,2005,Total,101172.6449925515
KONA,10,2005,Domestic,85740.6
KONA,10,2005,International,23655.560761005137
KONA,10,2005,Total,109396.16076100514
KONA,9,2005,Domestic,69985.7
KONA,9,2005,International,20505.646707118525
KONA,9,2005,Total,90491.34670711853
KONA,4,2006,Domestic,87433.07147063102
KONA,4,2006,International,14434.127929604954
KONA,4,2006,Total,101867.19940023599
KONA,8,2006,Domestic,102656.15885415273
KONA,8,2006,International,20975.235045753892
KONA,8,2006,Total,123631.39389990663
KONA,12,2006,Domestic,102009.82677512807
KONA,12,2006,International,21699.308523023083
KONA,12,2006,Total,123709.13529815114
KONA,2,2006,Domestic,88474.7543066294
KONA,2,2006,International,21379.495607662888
KONA,2,2006,Total,109854.24991429229
KONA,1,2006,Domestic,86411.0935848316
KONA,1,2006,International,28237.835798799453
KONA,1,2006,Total,114648.92938363105
KONA,7,2006,Domestic,118711.8541514689
KONA,7,2006,International,18140.271874799706
KONA,7,2006,Total,136852.1260262686
KONA,6,2006,Domestic,106191.53988862786
KONA,6,2006,International,16891.194979378324
KONA,6,2006,Total,123082.73486800618
KONA,3,2006,Domestic,90755.0014113609
KONA,3,2006,International,21317.848029559093
KONA,3,2006,Total,112072.84944091999
KONA,5,2006,Domestic,76144.70310697165
KONA,5,2006,International,14466.734454292271
KONA,5,2006,Total,90611.43756126391
KONA,11,2006,Domestic,83407.3303876778
KONA,11,2006,International,18403.495854835943
KONA,11,2006,Total,101810.82624251374
KONA,10,2006,Domestic,90046.30118090946
KONA,10,2006,International,25386.07840817939
KONA,10,2006,Total,115432.37958908884
KONA,9,2006,Domestic,84344.21097485756
KONA,9,2006,International,21008.65910644591
KONA,9,2006,Total,105352.87008130347
KONA,4,2007,Domestic,91201.18568448887
KONA,4,2007,International,16738.08518008171
KONA,4,2007,Total,107939.27086457057
KONA,8,2007,Domestic,107577.65758271344
KONA,8,2007,International,22474.866023293667
KONA,8,2007,Total,130052.5236060071
KONA,12,2007,Domestic,97563.31313200685
KONA,12,2007,International,21724.997615703844
KONA,12,2007,Total,119288.3107477107
KONA,2,2007,Domestic,89834.96388084935
KONA,2,2007,International,19609.664849301626
KONA,2,2007,Total,109444.62873015097
KONA,1,2007,Domestic,89626.08303989077
KONA,1,2007,International,21888.329536434223
KONA,1,2007,Total,111514.41257632499
KONA,7,2007,Domestic,108565.81850316848
KONA,7,2007,International,20108.737575968873
KONA,7,2007,Total,128674.55607913736
KONA,6,2007,Domestic,106818.90985489705
KONA,6,2007,International,16548.185125826527
KONA,6,2007,Total,123367.09498072357
KONA,3,2007,Domestic,108775.2263518089
KONA,3,2007,International,22041.034800790938
KONA,3,2007,Total,130816.26115259984
KONA,5,2007,Domestic,82375.5634968673
KONA,5,2007,International,14545.13122953547
KONA,5,2007,Total,96920.69472640277
KONA,11,2007,Domestic,80431.80965567433
KONA,11,2007,International,16970.198064530978
KONA,11,2007,Total,97402.0077202053
KONA,10,2007,Domestic,82525.17511280513
KONA,10,2007,International,17130.720962595853
KONA,10,2007,Total,99655.89607540097
KONA,9,2007,Domestic,76132.38808000744
KONA,9,2007,International,19193.295911559955
KONA,9,2007,Total,95325.68399156739
KONA,4,2008,Domestic,69868.0
KONA,4,2008,International,16818.0
KONA,4,2008,Total,86686.0
KONA,8,2008,Domestic,75905.0
KONA,8,2008,International,23065.0
KONA,8,2008,Total,98970.0
KONA,12,2008,Domestic,69113.0
KONA,12,2008,International,17528.0
KONA,12,2008,Total,86641.0
KONA,2,2008,Domestic,84684.0
KONA,2,2008,International,20782.0
KONA,2,2008,Total,105466.0
KONA,1,2008,Domestic,90361.0
KONA,1,2008,International,25229.0
KONA,1,2008,Total,115590.0
KONA,7,2008,Domestic,80066.0
KONA,7,2008,International,15593.0
KONA,7,2008,Total,95659.0
KONA,6,2008,Domestic,77134.0
KONA,6,2008,International,17099.0
KONA,6,2008,Total,94233.0
KONA,3,2008,Domestic,90822.0
KONA,3,2008,International,18428.0
KONA,3,2008,Total,109250.0
KONA,5,2008,Domestic,68953.0
KONA,5,2008,International,13593.0
KONA,5,2008,Total,82546.0
KONA,11,2008,Domestic,59814.0
KONA,11,2008,International,19114.0
KONA,11,2008,Total,78928.0
KONA,10,2008,Domestic,63602.0
KONA,10,2008,International,18508.0
KONA,10,2008,Total,82110.0
KONA,9,2008,Domestic,49040.0
KONA,9,2008,International,15437.0
KONA,9,2008,Total,64477.0
KONA,4,2009,Domestic,70808.60018377611
KONA,4,2009,International,19079.48109372344
KONA,4,2009,Total,89888.08127749956
KONA,8,2009,Domestic,74505.96414628554
KONA,8,2009,International,16256.885047776163
KONA,8,2009,Total,90762.8491940617
KONA,12,2009,Domestic,71551.61086844177
KONA,12,2009,International,18711.57136867989
KONA,12,2009,Total,90263.18223712165
KONA,2,2009,Domestic,68966.28394479417
KONA,2,2009,International,18008.083903796036
KONA,2,2009,Total,86974.3678485902
KONA,1,2009,Domestic,67583.54167449624
KONA,1,2009,International,16715.989439769794
KONA,1,2009,Total,84299.53111426604
KONA,7,2009,Domestic,82735.91415595026
KONA,7,2009,International,16177.407920036605
KONA,7,2009,Total,98913.32207598687
KONA,6,2009,Domestic,75624.86968529834
KONA,6,2009,International,12683.376149645486
KONA,6,2009,Total,88308.24583494382
KONA,3,2009,Domestic,69762.07104360199
KONA,3,2009,International,17793.24264391012
KONA,3,2009,Total,87555.3136875121
KONA,5,2009,Domestic,63131.5531243025
KONA,5,2009,International,11111.139408799185
KONA,5,2009,Total,74242.69253310168
KONA,11,2009,Domestic,57639.887597291105
KONA,11,2009,International,13503.79892835823
KONA,11,2009,Total,71143.68652564933
KONA,10,2009,Domestic,61306.64447931523
KONA,10,2009,International,14423.810555087794
KONA,10,2009,Total,75730.45503440303
KONA,9,2009,Domestic,53290.29419474737
KONA,9,2009,International,16308.46890094005
KONA,9,2009,Total,69598.76309568742
KONA,4,2010,Domestic,70668.70221610274
KONA,4,2010,International,17017.507013334147
KONA,4,2010,Total,87686.20922943689
KONA,8,2010,Domestic,76272.46097894653
KONA,8,2010,International,21879.166332847966
KONA,8,2010,Total,98151.6273117945
KONA,12,2010,Domestic,75064.55507376345
KONA,12,2010,International,20392.527108028673
KONA,12,2010,Total,95457.08218179212
KONA,2,2010,Domestic,65108.59250769959
KONA,2,2010,International,19043.929204071042
KONA,2,2010,Total,84152.52171177063
KONA,1,2010,Domestic,66592.38064674051
KONA,1,2010,International,19952.49463268307
KONA,1,2010,Total,86544.87527942358
KONA,7,2010,Domestic,87436.80734812253
KONA,7,2010,International,18978.665012982772
KONA,7,2010,Total,106415.4723611053
KONA,6,2010,Domestic,77225.28918124636
KONA,6,2010,International,15665.33029931747
KONA,6,2010,Total,92890.61948056384
KONA,3,2010,Domestic,70348.21288093927
KONA,3,2010,International,18939.91838968168
KONA,3,2010,Total,89288.13127062096
KONA,5,2010,Domestic,63683.00889402694
KONA,5,2010,International,14843.687975701914
KONA,5,2010,Total,78526.69686972885
KONA,11,2010,Domestic,64231.8205457114
KONA,11,2010,International,18495.259008296678
KONA,11,2010,Total,82727.07955400809
KONA,10,2010,Domestic,69612.52406949706
KONA,10,2010,International,18202.697908467773
KONA,10,2010,Total,87815.22197796483
KONA,9,2010,Domestic,56026.84788654204
KONA,9,2010,International,19789.69632087533
KONA,9,2010,Total,75816.54420741738
KONA,4,2011,Domestic,74255.03853339923
KONA,4,2011,International,16144.524746682659
KONA,4,2011,Total,90399.56328008189
KONA,8,2011,Domestic,74143.54869225976
KONA,8,2011,International,20279.41771729091
KONA,8,2011,Total,94422.96640955067
KONA,12,2011,Domestic,82549.504455731
KONA,12,2011,International,21637.299696210026
KONA,12,2011,Total,104186.80415194103
KONA,2,2011,Domestic,76369.69513756124
KONA,2,2011,International,21975.48257923721
KONA,2,2011,Total,98345.17771679845
KONA,1,2011,Domestic,77673.02653224836
KONA,1,2011,International,19006.963321365452
KONA,1,2011,Total,96679.9898536138
KONA,7,2011,Domestic,86352.1151313985
KONA,7,2011,International,18088.623658683242
KONA,7,2011,Total,104440.73879008174
KONA,6,2011,Domestic,76263.15990410134
KONA,6,2011,International,14924.51574235818
KONA,6,2011,Total,91187.67564645952
KONA,3,2011,Domestic,81529.3989414372
KONA,3,2011,International,19199.73239790148
KONA,3,2011,Total,100729.13133933868
KONA,5,2011,Domestic,64473.73694735995
KONA,5,2011,International,14644.731449883204
KONA,5,2011,Total,79118.46839724315
KONA,11,2011,Domestic,65249.18566733223
KONA,11,2011,International,16068.608669494117
KONA,11,2011,Total,81317.79433682635
KONA,10,2011,Domestic,67191.61982165911
KONA,10,2011,International,15410.447291063783
KONA,10,2011,Total,82602.0671127229
KONA,9,2011,Domestic,61413.29314362793
KONA,9,2011,International,21618.823048964783
KONA,9,2011,Total,83032.11619259272
KONA,4,2012,Domestic,74004.37565822648
KONA,4,2012,International,18536.69595129038
KONA,4,2012,Total,92541.07160951686
KONA,8,2012,Domestic,83052.2550208166
KONA,8,2012,International,27170.737809143247
KONA,8,2012,Total,110222.99282995985
KONA,12,2012,Domestic,87041.51178441095
KONA,12,2012,International,25691.19780548742
KONA,12,2012,Total,112732.70958989837
KONA,2,2012,Domestic,78041.18152887323
KONA,2,2012,International,21830.553649349175
KONA,2,2012,Total,99871.73517822241
KONA,1,2012,Domestic,79105.06275805949
KONA,1,2012,International,25811.650758068627
KONA,1,2012,Total,104916.71351612812
KONA,7,2012,Domestic,87195.71802767637
KONA,7,2012,International,22617.340784274005
KONA,7,2012,Total,109813.05881195038
KONA,6,2012,Domestic,82397.01538783818
KONA,6,2012,International,15646.582253449285
KONA,6,2012,Total,98043.59764128747
KONA,3,2012,Domestic,86670.73906175503
KONA,3,2012,International,24069.31621281831
KONA,3,2012,Total,110740.05527457333
KONA,5,2012,Domestic,69647.75975397941
KONA,5,2012,International,15412.42338936527
KONA,5,2012,Total,85060.18314334468
KONA,11,2012,Domestic,72645.470171711
KONA,11,2012,International,20239.065418964652
KONA,11,2012,Total,92884.53559067566
KONA,10,2012,Domestic,73006.32617866407
KONA,10,2012,International,22329.061528781895
KONA,10,2012,Total,95335.38770744596
KONA,9,2012,Domestic,58442.69736008068
KONA,9,2012,International,20864.51408066538
KONA,9,2012,Total,79307.21144074606
KONA,4,2013,Domestic,70125.40668130759
KONA,4,2013,International,19537.912518783625
KONA,4,2013,Total,89663.31920009121
KONA,8,2013,Domestic,78739.49044665381
KONA,8,2013,International,30104.481056395605
KONA,8,2013,Total,108843.97150304943
KONA,12,2013,Domestic,80958.84512448206
KONA,12,2013,International,24310.695864629884
KONA,12,2013,Total,105269.54098911195
KONA,2,2013,Domestic,80128.14497512158
KONA,2,2013,International,27128.574722578072
KONA,2,2013,Total,107256.71969769965
KONA,1,2013,Domestic,82274.08689434548
KONA,1,2013,International,28461.668552192623
KONA,1,2013,Total,110735.75544653811
KONA,7,2013,Domestic,87137.67708871259
KONA,7,2013,International,24411.6586873
KONA,7,2013,Total,111549.3357760126
KONA,6,2013,Domestic,83265.04464958586
KONA,6,2013,International,23677.07401077227
KONA,6,2013,Total,106942.11866035813
KONA,3,2013,Domestic,88185.51768523516
KONA,3,2013,International,23165.131734471157
KONA,3,2013,Total,111350.64941970631
KONA,5,2013,Domestic,70962.94223697382
KONA,5,2013,International,18236.10526607263
KONA,5,2013,Total,89199.04750304644
KONA,11,2013,Domestic,66901.54973893118
KONA,11,2013,International,19536.155738541354
KONA,11,2013,Total,86437.70547747254
KONA,10,2013,Domestic,67190.30646052114
KONA,10,2013,International,20516.01617942338
KONA,10,2013,Total,87706.32263994453
KONA,9,2013,Domestic,57985.106353492185
KONA,9,2013,International,28313.47102716043
KONA,9,2013,Total,86298.57738065261
KONA,4,2014,Domestic,71818.58925364158
KONA,4,2014,International,20860.246255280974
KONA,4,2014,Total,92678.83550892255
KONA,8,2014,Domestic,80964.08328797958
KONA,8,2014,International,27717.604814108905
KONA,8,2014,Total,108681.68810208849
KONA,12,2014,Domestic,89152.18049737692
KONA,12,2014,International,28302.299885521425
KONA,12,2014,Total,117454.48038289834
KONA,2,2014,Domestic,78391.6619327717
KONA,2,2014,International,24358.822711953668
KONA,2,2014,Total,102750.48464472537
KONA,1,2014,Domestic,81442.78221923888
KONA,1,2014,International,30065.85776313894
KONA,1,2014,Total,111508.63998237782
KONA,7,2014,Domestic,92777.7762245301
KONA,7,2014,International,26079.12454644508
KONA,7,2014,Total,118856.90077097517
KONA,6,2014,Domestic,85027.68473469782
KONA,6,2014,International,19534.56174801891
KONA,6,2014,Total,104562.24648271673
KONA,3,2014,Domestic,83386.63722769929
KONA,3,2014,International,24978.522159903376
KONA,3,2014,Total,108365.15938760267
KONA,5,2014,Domestic,71553.70712367364
KONA,5,2014,International,16274.982057332229
KONA,5,2014,Total,87828.68918100587
KONA,11,2014,Domestic,70891.84866733935
KONA,11,2014,International,21093.293047022067
KONA,11,2014,Total,91985.14171436141
KONA,10,2014,Domestic,74294.79756682401
KONA,10,2014,International,22547.30693968307
KONA,10,2014,Total,96842.10450650708
KONA,9,2014,Domestic,59474.05813349531
KONA,9,2014,International,21982.138439506823
KONA,9,2014,Total,81456.19657300213
KONA,4,2015,Domestic,77588.13067177503
KONA,4,2015,International,22264.661486956502
KONA,4,2015,Total,99852.79215873152
KONA,8,2015,Domestic,86552.7894999236
KONA,8,2015,International,25059.602195046482
KONA,8,2015,Total,111612.39169497008
KONA,12,2015,Domestic,96109.16873705194
KONA,12,2015,International,25305.947362714338
KONA,12,2015,Total,121415.11609976628
KONA,2,2015,Domestic,79006.73692980458
KONA,2,2015,International,27509.309002875376
KONA,2,2015,Total,106516.04593267996
KONA,1,2015,Domestic,83264.76605278788
KONA,1,2015,International,28019.855682199428
KONA,1,2015,Total,111284.6217349873
KONA,7,2015,Domestic,99661.59904052215
KONA,7,2015,International,26536.910306756283
KONA,7,2015,Total,126198.50934727844
KONA,6,2015,Domestic,95784.00548208957
KONA,6,2015,International,22013.97828253388
KONA,6,2015,Total,117797.98376462345
KONA,3,2015,Domestic,90791.6960021437
KONA,3,2015,International,26991.68674156988
KONA,3,2015,Total,117783.38274371358
KONA,5,2015,Domestic,79241.84296576623
KONA,5,2015,International,19030.00817344552
KONA,5,2015,Total,98271.85113921175
KONA,11,2015,Domestic,73832.67490951397
KONA,11,2015,International,20172.260748158245
KONA,11,2015,Total,94004.9356576722
KONA,10,2015,Domestic,78147.29426499296
KONA,10,2015,International,20201.000208925503
KONA,10,2015,Total,98348.29447391846
KONA,9,2015,Domestic,63408.54061746887
KONA,9,2015,International,21526.550360625333
KONA,9,2015,Total,84935.0909780942
KONA,4,2016,Domestic,78565.92502014087
KONA,4,2016,International,22262.55102401462
KONA,4,2016,Total,100828.4760441555
KONA,8,2016,Domestic,86290.44855777155
KONA,8,2016,International,26967.697484164484
KONA,8,2016,Total,113258.14604193604
KONA,12,2016,Domestic,104893.6652580574
KONA,12,2016,International,26241.576740247812
KONA,12,2016,Total,131135.24199830522
KONA,2,2016,Domestic,79290.72134353749
KONA,2,2016,International,27781.884339245447
KONA,2,2016,Total,107072.60568278293
KONA,1,2016,Domestic,86832.30932458294
KONA,1,2016,International,29789.048678960906
KONA,1,2016,Total,116621.35800354384
KONA,7,2016,Domestic,105312.93325992048
KONA,7,2016,International,23097.99287022728
KONA,7,2016,Total,128410.92613014777
KONA,6,2016,Domestic,98564.82631790411
KONA,6,2016,International,22397.240606508512
KONA,6,2016,Total,120962.06692441262
KONA,3,2016,Domestic,88257.6657794014
KONA,3,2016,International,25969.80563213057
KONA,3,2016,Total,114227.47141153197
KONA,5,2016,Domestic,78642.45462447235
KONA,5,2016,International,18335.34263170203
KONA,5,2016,Total,96977.79725617438
KONA,11,2016,Domestic,77445.85370964812
KONA,11,2016,International,21221.051063039264
KONA,11,2016,Total,98666.90477268738
KONA,10,2016,Domestic,80960.5672283674
KONA,10,2016,International,22008.582267083548
KONA,10,2016,Total,102969.14949545095
KONA,9,2016,Domestic,70366.32643036912
KONA,9,2016,International,24484.95478804317
KONA,9,2016,Total,94851.2812184123
KONA,4,2017,Domestic,86774.01822698838
KONA,4,2017,International,34044.13191226129
KONA,4,2017,Total,120818.15013922061
KONA,8,2017,Domestic,92707.12941488606
KONA,8,2017,International,35813.59432174808
KONA,8,2017,Total,128520.72373667195
KONA,12,2017,Domestic,111273.440331926
KONA,12,2017,International,38999.95507947633
KONA,12,2017,Total,150273.3954113667
KONA,2,2017,Domestic,87788.64993586266
KONA,2,2017,International,27922.55552877941
KONA,2,2017,Total,115711.20546457615
KONA,1,2017,Domestic,91216.32521758275
KONA,1,2017,International,37184.68561959705
KONA,1,2017,Total,128401.01083710558
KONA,7,2017,Domestic,115068.84227955845
KONA,7,2017,International,33980.18512449966
KONA,7,2017,Total,149049.027404071
KONA,6,2017,Domestic,107433.14621542626
KONA,6,2017,International,28421.372380318517
KONA,6,2017,Total,135854.5185957751
KONA,3,2017,Domestic,99224.25994141368
KONA,3,2017,International,29968.296069084638
KONA,3,2017,Total,129192.55601049993
KONA,5,2017,Domestic,90465.55221787938
KONA,5,2017,International,24728.327112238214
KONA,5,2017,Total,115193.87933015387
KONA,11,2017,Domestic,83734.74860872698
KONA,11,2017,International,34651.90814245995
KONA,11,2017,Total,118386.6567511284
KONA,10,2017,Domestic,83885.71837310903
KONA,10,2017,International,31386.982876431684
KONA,10,2017,Total,115272.7012495247
KONA,9,2017,Domestic,73086.63197330298
KONA,9,2017,International,31429.039874847535
KONA,9,2017,Total,104515.67184812775
KONA,4,2018,Domestic,94553.18688503375
KONA,4,2018,International,36882.13333913797
KONA,4,2018,Total,131435.32022412246
KONA,8,2018,Domestic,88780.81948336608
KONA,8,2018,International,30345.02133260682
KONA,8,2018,Total,119125.84081596964
KONA,12,2018,Domestic,107165.93364104128
KONA,12,2018,International,28146.595790789583
KONA,12,2018,Total,135312.52943184084
KONA,2,2018,Domestic,97985.04907485958
KONA,2,2018,International,42891.28702052803
KONA,2,2018,Total,140876.3360954184
KONA,1,2018,Domestic,97180.40653925919
KONA,1,2018,International,37608.21554211398
KONA,1,2018,Total,134788.6220813771
KONA,7,2018,Domestic,111558.64946256319
KONA,7,2018,International,22606.043975404045
KONA,7,2018,Total,134164.69343794318
KONA,6,2018,Domestic,103609.08848621437
KONA,6,2018,International,28763.43961717073
KONA,6,2018,Total,132372.52810337447
KONA,3,2018,Domestic,112648.70537248853
KONA,3,2018,International,36130.14692171081
KONA,3,2018,Total,148778.852294239
KONA,5,2018,Domestic,91305.66463794801
KONA,5,2018,International,21323.101096585015
KONA,5,2018,Total,112628.76573450926
KONA,11,2018,Domestic,84615.15988063213
KONA,11,2018,International,24297.043967082074
KONA,11,2018,Total,108912.20384770398
KONA,10,2018,Domestic,78778.2419656811
KONA,10,2018,International,22817.410234402345
KONA,10,2018,Total,101595.65220007808
KONA,9,2018,Domestic,66632.00724380348
KONA,9,2018,International,22076.17407448004
KONA,9,2018,Total,88708.18131826789
KONA,4,2019,Domestic,92678.81714672754
KONA,4,2019,International,22282.77491361052
KONA,4,2019,Total,114961.5920603531
KONA,8,2019,Domestic,107452.66152758655
KONA,8,2019,International,31371.662417409018
KONA,8,2019,Total,138824.32394496608
KONA,12,2019,Domestic,119353.2253215967
KONA,12,2019,International,33360.713090801284
KONA,12,2019,Total,152713.93841233247
KONA,2,2019,Domestic,90110.76666906633
KONA,2,2019,International,31584.234625841946
KONA,2,2019,Total,121695.00129493515
KONA,1,2019,Domestic,93677.92650043003
KONA,1,2019,International,35529.7210041339
KONA,1,2019,Total,129207.64750456884
KONA,7,2019,Domestic,123235.27310007205
KONA,7,2019,International,29570.21994527165
KONA,7,2019,Total,152805.4930453028
KONA,6,2019,Domestic,118399.75935974704
KONA,6,2019,International,27702.022073466942
KONA,6,2019,Total,146101.7814332504
KONA,3,2019,Domestic,110902.53158552798
KONA,3,2019,International,32503.47468778873
KONA,3,2019,Total,143406.00627331057
KONA,5,2019,Domestic,98065.98169150054
KONA,5,2019,International,24676.21529920743
KONA,5,2019,Total,122742.19699074645
KONA,11,2019,Domestic,90159.65519940041
KONA,11,2019,International,27482.474926838888
KONA,11,2019,Total,117642.13012625174
KONA,10,2019,Domestic,89117.50975803546
KONA,10,2019,International,25691.083195290797
KONA,10,2019,Total,114808.59295331039
KONA,9,2019,Domestic,72543.97160676913
KONA,9,2019,International,26268.295752050042
KONA,9,2019,Total,98812.26735879813
KONA,4,2020,Domestic,427.7503234261994
KONA,4,2020,International,0.0
KONA,4,2020,Total,427.7503234261994
KONA,8,2020,Domestic,2389.9459466231374
KONA,8,2020,International,0.0
KONA,8,2020,Total,2389.9459466231374
KONA,12,2020,Domestic,43167.94838056242
KONA,12,2020,International,44.31136467759112
KONA,12,2020,Total,43212.25974524001
KONA,2,2020,Domestic,103153.84284665759
KONA,2,2020,International,27862.82130012731
KONA,2,2020,Total,131016.66414675557
KONA,1,2020,Domestic,105083.8155397674
KONA,1,2020,International,40394.746681462624
KONA,1,2020,Total,145478.56222124593
KONA,7,2020,Domestic,2290.257664811704
KONA,7,2020,International,0.0
KONA,7,2020,Total,2290.257664811704
KONA,6,2020,Domestic,1581.045398890174
KONA,6,2020,International,0.0
KONA,6,2020,Total,1581.045398890174
KONA,3,2020,Domestic,56858.61965302586
KONA,3,2020,International,12276.876481074056
KONA,3,2020,Total,69135.49613409334
KONA,5,2020,Domestic,790.0965352002603
KONA,5,2020,International,0.0
KONA,5,2020,Total,790.0965352002603
KONA,11,2020,Domestic,25174.59337479947
KONA,11,2020,International,46.60254372019078
KONA,11,2020,Total,25221.19591851965
KONA,10,2020,Domestic,9009.872708273142
KONA,10,2020,International,0.0
KONA,10,2020,Total,9009.872708273142
KONA,9,2020,Domestic,2639.845501651884
KONA,9,2020,International,1.0
KONA,9,2020,Total,2640.845501651884
KONA,4,2021,Domestic,75129.02768311043
KONA,4,2021,International,27.0474880224406
KONA,4,2021,Total,75156.07517113285
KONA,8,2021,Domestic,107059.38644104668
KONA,8,2021,International,95.23575861857645
KONA,8,2021,Total,107154.62219966529
KONA,12,2021,Domestic,120109.48842296003
KONA,12,2021,International,5543.537411305504
KONA,12,2021,Total,125653.02583427037
KONA,2,2021,Domestic,42727.348774893726
KONA,2,2021,International,34.532371230006994
KONA,2,2021,Total,42761.88114612376
KONA,1,2021,Domestic,30479.66521569659
KONA,1,2021,International,329.4065651762111
KONA,1,2021,Total,30809.07178087259
KONA,7,2021,Domestic,134471.82701941882
KONA,7,2021,International,81.09814459970538
KONA,7,2021,Total,134552.9251640187
KONA,6,2021,Domestic,124285.98619602254
KONA,6,2021,International,64.87992780205656
KONA,6,2021,Total,124350.8661238247
KONA,3,2021,Domestic,76253.75046895105
KONA,3,2021,International,26.412454212454207
KONA,3,2021,Total,76280.16292316353
KONA,5,2021,Domestic,93333.78565150933
KONA,5,2021,International,34.36859395602976
KONA,5,2021,Total,93368.15424546534
KONA,11,2021,Domestic,95560.98130308164
KONA,11,2021,International,3322.203239264414
KONA,11,2021,Total,98883.18454234372
KONA,10,2021,Domestic,83725.44853061158
KONA,10,2021,International,360.20589403518136
KONA,10,2021,Total,84085.65442464656
KONA,9,2021,Domestic,71406.04517285113
KONA,9,2021,International,109.77070479646486
KONA,9,2021,Total,71515.81587764734
KONA,4,2022,Domestic,117180.59830720919
KONA,4,2022,International,7156.6998139489515
KONA,4,2022,Total,124337.29812115544
KONA,8,2022,Domestic,120026.87229136171
KONA,8,2022,International,9219.147291897874
KONA,8,2022,Total,129246.01958326765
KONA,12,2022,Domestic,120406.50899453103
KONA,12,2022,International,15447.711872548527
KONA,12,2022,Total,135854.22086707453
KONA,2,2022,Domestic,94504.10893365204
KONA,2,2022,International,4230.9334667211415
KONA,2,2022,Total,98735.04240037798
KONA,1,2022,Domestic,93065.10974732334
KONA,1,2022,International,4144.077357006539
KONA,1,2022,Total,97209.18710433628
KONA,7,2022,Domestic,142298.69508079716
KONA,7,2022,International,7194.646769738874
KONA,7,2022,Total,149493.34185053158
KONA,6,2022,Domestic,131842.99051833394
KONA,6,2022,International,5442.7839198588335
KONA,6,2022,Total,137285.77443819784
KONA,3,2022,Domestic,116127.60740759326
KONA,3,2022,International,9043.078680815808
KONA,3,2022,Total,125170.6860884
KONA,5,2022,Domestic,117189.45551087889
KONA,5,2022,International,5492.932918690655
KONA,5,2022,Total,122682.38842956528
KONA,11,2022,Domestic,98219.26468640614
KONA,11,2022,International,12786.213869704607
KONA,11,2022,Total,111005.4785560936
KONA,10,2022,Domestic,115845.97326777685
KONA,10,2022,International,7582.159251987199
KONA,10,2022,Total,123428.13251975963
KONA,9,2022,Domestic,96959.48546968376
KONA,9,2022,International,6618.830086956973
KONA,9,2022,Total,103578.31555662733
LĀNA'I,4,1990,Domestic,
LĀNA'I,4,1990,International,
LĀNA'I,4,1990,Total,
LĀNA'I,8,1990,Domestic,
LĀNA'I,8,1990,International,
LĀNA'I,8,1990,Total,
LĀNA'I,12,1990,Domestic,
LĀNA'I,12,1990,International,
LĀNA'I,12,1990,Total,
LĀNA'I,2,1990,Domestic,
LĀNA'I,2,1990,International,
LĀNA'I,2,1990,Total,
LĀNA'I,1,1990,Domestic,
LĀNA'I,1,1990,International,
LĀNA'I,1,1990,Total,
LĀNA'I,7,1990,Domestic,
LĀNA'I,7,1990,International,
LĀNA'I,7,1990,Total,
LĀNA'I,6,1990,Domestic,
LĀNA'I,6,1990,International,
LĀNA'I,6,1990,Total,
LĀNA'I,3,1990,Domestic,
LĀNA'I,3,1990,International,
LĀNA'I,3,1990,Total,
LĀNA'I,5,1990,Domestic,
LĀNA'I,5,1990,International,
LĀNA'I,5,1990,Total,
LĀNA'I,11,1990,Domestic,
LĀNA'I,11,1990,International,
LĀNA'I,11,1990,Total,
LĀNA'I,10,1990,Domestic,
LĀNA'I,10,1990,International,
LĀNA'I,10,1990,Total,
LĀNA'I,9,1990,Domestic,
LĀNA'I,9,1990,International,
LĀNA'I,9,1990,Total,
LĀNA'I,4,1991,Domestic,4443.583723495218
LĀNA'I,4,1991,International,282.6461312187159
LĀNA'I,4,1991,Total,4726.2298547139335
LĀNA'I,8,1991,Domestic,4206.009393361865
LĀNA'I,8,1991,International,1152.2713060188767
LĀNA'I,8,1991,Total,5358.280699380741
LĀNA'I,12,1991,Domestic,3961.016744010408
LĀNA'I,12,1991,International,203.60671610448412
LĀNA'I,12,1991,Total,4164.623460114892
LĀNA'I,2,1991,Domestic,3497.1207441937054
LĀNA'I,2,1991,International,352.33122905961346
LĀNA'I,2,1991,Total,3849.451973253319
LĀNA'I,1,1991,Domestic,3657.5045027618676
LĀNA'I,1,1991,International,862.8303908106213
LĀNA'I,1,1991,Total,4520.334893572489
LĀNA'I,7,1991,Domestic,3443.0942338374184
LĀNA'I,7,1991,International,1145.611725415261
LĀNA'I,7,1991,Total,4588.705959252679
LĀNA'I,6,1991,Domestic,4283.934261916203
LĀNA'I,6,1991,International,673.245460289043
LĀNA'I,6,1991,Total,4957.1797222052455
LĀNA'I,3,1991,Domestic,4018.53392319304
LĀNA'I,3,1991,International,450.8658265588202
LĀNA'I,3,1991,Total,4469.39974975186
LĀNA'I,5,1991,Domestic,5810.467343904277
LĀNA'I,5,1991,International,274.6098979692569
LĀNA'I,5,1991,Total,6085.077241873534
LĀNA'I,11,1991,Domestic,3535.728124940398
LĀNA'I,11,1991,International,1432.2746908464856
LĀNA'I,11,1991,Total,4968.002815786884
LĀNA'I,10,1991,Domestic,4071.3288896901113
LĀNA'I,10,1991,International,1146.1453976035166
LĀNA'I,10,1991,Total,5217.474287293628
LĀNA'I,9,1991,Domestic,2686.6657343709157
LĀNA'I,9,1991,International,129.7596053515345
LĀNA'I,9,1991,Total,2816.42533972245
LĀNA'I,4,1992,Domestic,5435.918546080757
LĀNA'I,4,1992,International,876.0353057116246
LĀNA'I,4,1992,Total,6311.953851792381
LĀNA'I,8,1992,Domestic,6073.833800873434
LĀNA'I,8,1992,International,518.3658368234916
LĀNA'I,8,1992,Total,6592.1996376969255
LĀNA'I,12,1992,Domestic,5669.452479215882
LĀNA'I,12,1992,International,414.2711548265468
LĀNA'I,12,1992,Total,6083.723634042429
LĀNA'I,2,1992,Domestic,4414.55760739844
LĀNA'I,2,1992,International,1702.3054648316468
LĀNA'I,2,1992,Total,6116.863072230087
LĀNA'I,1,1992,Domestic,6589.411225964859
LĀNA'I,1,1992,International,272.0484882199785
LĀNA'I,1,1992,Total,6861.459714184837
LĀNA'I,7,1992,Domestic,6234.893603804111
LĀNA'I,7,1992,International,827.046857430149
LĀNA'I,7,1992,Total,7061.9404612342605
LĀNA'I,6,1992,Domestic,5241.237134320026
LĀNA'I,6,1992,International,1043.6605968713857
LĀNA'I,6,1992,Total,6284.897731191411
LĀNA'I,3,1992,Domestic,6752.504597164419
LĀNA'I,3,1992,International,556.8960443497577
LĀNA'I,3,1992,Total,7309.400641514177
LĀNA'I,5,1992,Domestic,5583.8256462773825
LĀNA'I,5,1992,International,447.6775729358711
LĀNA'I,5,1992,Total,6031.503219213254
LĀNA'I,11,1992,Domestic,5679.790610238378
LĀNA'I,11,1992,International,1777.9669792320562
LĀNA'I,11,1992,Total,7457.757589470434
LĀNA'I,10,1992,Domestic,6299.613400893151
LĀNA'I,10,1992,International,336.04219082961896
LĀNA'I,10,1992,Total,6635.655591722771
LĀNA'I,9,1992,Domestic,5099.573905698876
LĀNA'I,9,1992,International,1395.1239331247082
LĀNA'I,9,1992,Total,6494.697838823584
LĀNA'I,4,1993,Domestic,5704.0337534140535
LĀNA'I,4,1993,International,279.72573742177116
LĀNA'I,4,1993,Total,5983.759490835825
LĀNA'I,8,1993,Domestic,5196.177742500125
LĀNA'I,8,1993,International,155.18335275789076
LĀNA'I,8,1993,Total,5351.361095258016
LĀNA'I,12,1993,Domestic,4285.431860774375
LĀNA'I,12,1993,International,644.1140362650298
LĀNA'I,12,1993,Total,4929.545897039405
LĀNA'I,2,1993,Domestic,5065.3525075704065
LĀNA'I,2,1993,International,2064.05840414468
LĀNA'I,2,1993,Total,7129.4109117150865
LĀNA'I,1,1993,Domestic,5050.235102407177
LĀNA'I,1,1993,International,1896.857354725054
LĀNA'I,1,1993,Total,6947.09245713223
LĀNA'I,7,1993,Domestic,5139.354409478775
LĀNA'I,7,1993,International,168.5702210517729
LĀNA'I,7,1993,Total,5307.924630530548
LĀNA'I,6,1993,Domestic,4638.422655873054
LĀNA'I,6,1993,International,2076.7928903736506
LĀNA'I,6,1993,Total,6715.215546246705
LĀNA'I,3,1993,Domestic,5856.505163170097
LĀNA'I,3,1993,International,1375.6121056648126
LĀNA'I,3,1993,Total,7232.11726883491
LĀNA'I,5,1993,Domestic,4986.053010788873
LĀNA'I,5,1993,International,677.6985065584789
LĀNA'I,5,1993,Total,5663.751517347351
LĀNA'I,11,1993,Domestic,4559.094183321813
LĀNA'I,11,1993,International,635.3517461162252
LĀNA'I,11,1993,Total,5194.445929438039
LĀNA'I,10,1993,Domestic,5021.75501352398
LĀNA'I,10,1993,International,923.3308287339095
LĀNA'I,10,1993,Total,5945.085842257889
LĀNA'I,9,1993,Domestic,5619.647423397713
LĀNA'I,9,1993,International,1026.5380715660438
LĀNA'I,9,1993,Total,6646.185494963757
LĀNA'I,4,1994,Domestic,6076.849277778751
LĀNA'I,4,1994,International,485.88090013047423
LĀNA'I,4,1994,Total,6562.730177909225
LĀNA'I,8,1994,Domestic,5669.809890732754
LĀNA'I,8,1994,International,288.2801540146148
LĀNA'I,8,1994,Total,5958.090044747369
LĀNA'I,12,1994,Domestic,5833.939399584544
LĀNA'I,12,1994,International,920.9235754058145
LĀNA'I,12,1994,Total,6754.862974990358
LĀNA'I,2,1994,Domestic,6560.762067973921
LĀNA'I,2,1994,International,546.5084860469675
LĀNA'I,2,1994,Total,7107.270554020889
LĀNA'I,1,1994,Domestic,5799.973492468007
LĀNA'I,1,1994,International,2236.8519085251355
LĀNA'I,1,1994,Total,8036.8254009931425
LĀNA'I,7,1994,Domestic,5937.345318735461
LĀNA'I,7,1994,International,943.9059883262996
LĀNA'I,7,1994,Total,6881.251307061761
LĀNA'I,6,1994,Domestic,5746.947318457373
LĀNA'I,6,1994,International,513.9763892450999
LĀNA'I,6,1994,Total,6260.923707702473
LĀNA'I,3,1994,Domestic,6072.565279018505
LĀNA'I,3,1994,International,728.5602643920258
LĀNA'I,3,1994,Total,6801.125543410531
LĀNA'I,5,1994,Domestic,5481.721531621945
LĀNA'I,5,1994,International,267.296521614438
LĀNA'I,5,1994,Total,5749.018053236383
LĀNA'I,11,1994,Domestic,6872.6024452337315
LĀNA'I,11,1994,International,328.46029617307363
LĀNA'I,11,1994,Total,7201.062741406805
LĀNA'I,10,1994,Domestic,5692.436861125342
LĀNA'I,10,1994,International,334.6027885131086
LĀNA'I,10,1994,Total,6027.039649638451
LĀNA'I,9,1994,Domestic,4229.122822542841
LĀNA'I,9,1994,International,443.16462230602673
LĀNA'I,9,1994,Total,4672.287444848868
LĀNA'I,4,1995,Domestic,6873.253008727846
LĀNA'I,4,1995,International,615.3163680379927
LĀNA'I,4,1995,Total,7488.569376765839
LĀNA'I,8,1995,Domestic,7347.388883255454
LĀNA'I,8,1995,International,739.7030442540483
LĀNA'I,8,1995,Total,8087.091927509502
LĀNA'I,12,1995,Domestic,6847.218982091331
LĀNA'I,12,1995,International,1111.666934308196
LĀNA'I,12,1995,Total,7958.885916399527
LĀNA'I,2,1995,Domestic,6929.006533335086
LĀNA'I,2,1995,International,1922.4486247053644
LĀNA'I,2,1995,Total,8851.45515804045
LĀNA'I,1,1995,Domestic,7152.5046131807
LĀNA'I,1,1995,International,1038.8187101657084
LĀNA'I,1,1995,Total,8191.323323346409
LĀNA'I,7,1995,Domestic,7634.550885658978
LĀNA'I,7,1995,International,562.6618187803614
LĀNA'I,7,1995,Total,8197.212704439338
LĀNA'I,6,1995,Domestic,6801.76683795044
LĀNA'I,6,1995,International,682.9410809526335
LĀNA'I,6,1995,Total,7484.707918903074
LĀNA'I,3,1995,Domestic,6338.004401965807
LĀNA'I,3,1995,International,1324.64368738384
LĀNA'I,3,1995,Total,7662.648089349647
LĀNA'I,5,1995,Domestic,5302.758174490498
LĀNA'I,5,1995,International,624.0816495613801
LĀNA'I,5,1995,Total,5926.839824051878
LĀNA'I,11,1995,Domestic,6588.188944609777
LĀNA'I,11,1995,International,1076.0054891583497
LĀNA'I,11,1995,Total,7664.194433768126
LĀNA'I,10,1995,Domestic,7087.056105593632
LĀNA'I,10,1995,International,1077.999650786363
LĀNA'I,10,1995,Total,8165.055756379996
LĀNA'I,9,1995,Domestic,6271.512918059134
LĀNA'I,9,1995,International,403.1646631841002
LĀNA'I,9,1995,Total,6674.677581243234
LĀNA'I,4,1996,Domestic,7126.88133471695
LĀNA'I,4,1996,International,633.0394408080716
LĀNA'I,4,1996,Total,7759.920775525022
LĀNA'I,8,1996,Domestic,7307.934297282473
LĀNA'I,8,1996,International,980.0388606923912
LĀNA'I,8,1996,Total,8287.973157974864
LĀNA'I,12,1996,Domestic,6487.286108693099
LĀNA'I,12,1996,International,1014.603848383357
LĀNA'I,12,1996,Total,7501.889957076456
LĀNA'I,2,1996,Domestic,7766.722427979179
LĀNA'I,2,1996,International,1418.0164724720291
LĀNA'I,2,1996,Total,9184.738900451208
LĀNA'I,1,1996,Domestic,7758.587489152935
LĀNA'I,1,1996,International,1293.9447892571752
LĀNA'I,1,1996,Total,9052.53227841011
LĀNA'I,7,1996,Domestic,6086.852991304436
LĀNA'I,7,1996,International,437.24763089906867
LĀNA'I,7,1996,Total,6524.100622203505
LĀNA'I,6,1996,Domestic,7995.4753398158855
LĀNA'I,6,1996,International,347.485715473961
LĀNA'I,6,1996,Total,8342.961055289847
LĀNA'I,3,1996,Domestic,6743.091694787013
LĀNA'I,3,1996,International,1135.8205589548986
LĀNA'I,3,1996,Total,7878.912253741912
LĀNA'I,5,1996,Domestic,7090.151502734251
LĀNA'I,5,1996,International,395.99448264144365
LĀNA'I,5,1996,Total,7486.145985375695
LĀNA'I,11,1996,Domestic,6140.368825093698
LĀNA'I,11,1996,International,843.5284272493253
LĀNA'I,11,1996,Total,6983.897252343024
LĀNA'I,10,1996,Domestic,6724.682943349957
LĀNA'I,10,1996,International,2098.351284642692
LĀNA'I,10,1996,Total,8823.034227992648
LĀNA'I,9,1996,Domestic,6101.947662183318
LĀNA'I,9,1996,International,363.7270196087884
LĀNA'I,9,1996,Total,6465.674681792107
LĀNA'I,4,1997,Domestic,9812.128339653542
LĀNA'I,4,1997,International,1845.1148213340964
LĀNA'I,4,1997,Total,11657.243160987638
LĀNA'I,8,1997,Domestic,5595.401552365692
LĀNA'I,8,1997,International,1199.7514274091761
LĀNA'I,8,1997,Total,6795.152979774868
LĀNA'I,12,1997,Domestic,5589.50089369448
LĀNA'I,12,1997,International,2000.2643917810367
LĀNA'I,12,1997,Total,7589.765285475516
LĀNA'I,2,1997,Domestic,8679.576174346177
LĀNA'I,2,1997,International,1642.4315060858687
LĀNA'I,2,1997,Total,10322.007680432045
LĀNA'I,1,1997,Domestic,7745.162130410959
LĀNA'I,1,1997,International,1806.3296554409217
LĀNA'I,1,1997,Total,9551.491785851882
LĀNA'I,7,1997,Domestic,7005.338535324812
LĀNA'I,7,1997,International,1887.6280910777452
LĀNA'I,7,1997,Total,8892.966626402558
LĀNA'I,6,1997,Domestic,6323.205516843689
LĀNA'I,6,1997,International,2345.662520555367
LĀNA'I,6,1997,Total,8668.868037399056
LĀNA'I,3,1997,Domestic,9428.426789902273
LĀNA'I,3,1997,International,1463.044123579046
LĀNA'I,3,1997,Total,10891.470913481318
LĀNA'I,5,1997,Domestic,7991.025637218053
LĀNA'I,5,1997,International,1287.1185665121861
LĀNA'I,5,1997,Total,9278.144203730239
LĀNA'I,11,1997,Domestic,5823.281145360173
LĀNA'I,11,1997,International,655.8545401508081
LĀNA'I,11,1997,Total,6479.135685510981
LĀNA'I,10,1997,Domestic,7316.5519472738315
LĀNA'I,10,1997,International,1908.4303353339474
LĀNA'I,10,1997,Total,9224.98228260778
LĀNA'I,9,1997,Domestic,6381.6512678045665
LĀNA'I,9,1997,International,302.93720391060265
LĀNA'I,9,1997,Total,6684.588471715169
LĀNA'I,4,1998,Domestic,7270.8289554880575
LĀNA'I,4,1998,International,503.12182676204384
LĀNA'I,4,1998,Total,7773.950782250102
LĀNA'I,8,1998,Domestic,6452.713072122919
LĀNA'I,8,1998,International,553.033536170177
LĀNA'I,8,1998,Total,7005.746608293096
LĀNA'I,12,1998,Domestic,6926.455312831457
LĀNA'I,12,1998,International,2126.876195948441
LĀNA'I,12,1998,Total,9053.331508779898
LĀNA'I,2,1998,Domestic,7874.2915714199125
LĀNA'I,2,1998,International,1698.220062231006
LĀNA'I,2,1998,Total,9572.511633650918
LĀNA'I,1,1998,Domestic,6378.101011191051
LĀNA'I,1,1998,International,1882.5670604411384
LĀNA'I,1,1998,Total,8260.66807163219
LĀNA'I,7,1998,Domestic,6246.347563249778
LĀNA'I,7,1998,International,1295.5935704284109
LĀNA'I,7,1998,Total,7541.9411336781895
LĀNA'I,6,1998,Domestic,5534.589804690862
LĀNA'I,6,1998,International,313.0919703691741
LĀNA'I,6,1998,Total,5847.681775060037
LĀNA'I,3,1998,Domestic,8281.471980529966
LĀNA'I,3,1998,International,1952.177408921653
LĀNA'I,3,1998,Total,10233.649389451619
LĀNA'I,5,1998,Domestic,6965.229749528438
LĀNA'I,5,1998,International,928.4948813083332
LĀNA'I,5,1998,Total,7893.724630836771
LĀNA'I,11,1998,Domestic,6577.195076767248
LĀNA'I,11,1998,International,1642.6718670619935
LĀNA'I,11,1998,Total,8219.866943829242
LĀNA'I,10,1998,Domestic,7883.615725881806
LĀNA'I,10,1998,International,862.2083222425581
LĀNA'I,10,1998,Total,8745.824048124363
LĀNA'I,9,1998,Domestic,5994.500147867803
LĀNA'I,9,1998,International,1290.3175231926093
LĀNA'I,9,1998,Total,7284.817671060413
LĀNA'I,4,1999,Domestic,7279.222973942688
LĀNA'I,4,1999,International,1284.2162200294927
LĀNA'I,4,1999,Total,8563.43919397218
LĀNA'I,8,1999,Domestic,5789.900749771839
LĀNA'I,8,1999,International,550.3208329685206
LĀNA'I,8,1999,Total,6340.22158274036
LĀNA'I,12,1999,Domestic,5951.902797197838
LĀNA'I,12,1999,International,665.9166380718789
LĀNA'I,12,1999,Total,6617.819435269716
LĀNA'I,2,1999,Domestic,7506.963768301608
LĀNA'I,2,1999,International,3880.765968163286
LĀNA'I,2,1999,Total,11387.729736464895
LĀNA'I,1,1999,Domestic,6316.0049558701685
LĀNA'I,1,1999,International,959.4486508629834
LĀNA'I,1,1999,Total,7275.453606733152
LĀNA'I,7,1999,Domestic,6521.175393410205
LĀNA'I,7,1999,International,1963.5831073087447
LĀNA'I,7,1999,Total,8484.75850071895
LĀNA'I,6,1999,Domestic,6827.7713715842565
LĀNA'I,6,1999,International,528.650842962498
LĀNA'I,6,1999,Total,7356.422214546755
LĀNA'I,3,1999,Domestic,7343.246064001923
LĀNA'I,3,1999,International,1031.9987429367936
LĀNA'I,3,1999,Total,8375.244806938716
LĀNA'I,5,1999,Domestic,6007.903382659585
LĀNA'I,5,1999,International,422.18840329470044
LĀNA'I,5,1999,Total,6430.091785954285
LĀNA'I,11,1999,Domestic,6327.856314137199
LĀNA'I,11,1999,International,552.6635499242626
LĀNA'I,11,1999,Total,6880.519864061462
LĀNA'I,10,1999,Domestic,9170.9606505047
LĀNA'I,10,1999,International,1260.8987184559833
LĀNA'I,10,1999,Total,10431.859368960682
LĀNA'I,9,1999,Domestic,5391.345222043878
LĀNA'I,9,1999,International,1011.0759296341045
LĀNA'I,9,1999,Total,6402.421151677982
LĀNA'I,4,2000,Domestic,6837.990844521224
LĀNA'I,4,2000,International,435.35456219570665
LĀNA'I,4,2000,Total,7273.3454067169305
LĀNA'I,8,2000,Domestic,5852.0
LĀNA'I,8,2000,International,648.5284537928845
LĀNA'I,8,2000,Total,6500.528453792885
LĀNA'I,12,2000,Domestic,6432.0
LĀNA'I,12,2000,International,2452.0337740631417
LĀNA'I,12,2000,Total,8884.033774063142
LĀNA'I,2,2000,Domestic,7053.52406524604
LĀNA'I,2,2000,International,864.2045025496463
LĀNA'I,2,2000,Total,7917.728567795686
LĀNA'I,1,2000,Domestic,5156.0
LĀNA'I,1,2000,International,552.8695512124186
LĀNA'I,1,2000,Total,5708.869551212419
LĀNA'I,7,2000,Domestic,6562.0
LĀNA'I,7,2000,International,1115.5237230991083
LĀNA'I,7,2000,Total,7677.523723099108
LĀNA'I,6,2000,Domestic,6045.696177261465
LĀNA'I,6,2000,International,574.2323495007752
LĀNA'I,6,2000,Total,6619.92852676224
LĀNA'I,3,2000,Domestic,6836.821749955772
LĀNA'I,3,2000,International,1136.8824892149446
LĀNA'I,3,2000,Total,7973.704239170716
LĀNA'I,5,2000,Domestic,6244.704918898702
LĀNA'I,5,2000,International,448.19818615918035
LĀNA'I,5,2000,Total,6692.903105057882
LĀNA'I,11,2000,Domestic,5132.0
LĀNA'I,11,2000,International,1114.4389602368988
LĀNA'I,11,2000,Total,6246.438960236899
LĀNA'I,10,2000,Domestic,7977.0
LĀNA'I,10,2000,International,810.5365871379735
LĀNA'I,10,2000,Total,8787.536587137973
LĀNA'I,9,2000,Domestic,6262.0
LĀNA'I,9,2000,International,1118.0603152888486
LĀNA'I,9,2000,Total,7380.060315288849
LĀNA'I,4,2001,Domestic,5896.0
LĀNA'I,4,2001,International,909.46057033513
LĀNA'I,4,2001,Total,6805.46057033513
LĀNA'I,8,2001,Domestic,5953.2
LĀNA'I,8,2001,International,921.8053192746895
LĀNA'I,8,2001,Total,6875.005319274689
LĀNA'I,12,2001,Domestic,6529.0
LĀNA'I,12,2001,International,1075.3262176269716
LĀNA'I,12,2001,Total,7604.326217626972
LĀNA'I,2,2001,Domestic,6161.0
LĀNA'I,2,2001,International,1551.8406202552069
LĀNA'I,2,2001,Total,7712.840620255207
LĀNA'I,1,2001,Domestic,6873.0
LĀNA'I,1,2001,International,1436.108400478337
LĀNA'I,1,2001,Total,8309.108400478337
LĀNA'I,7,2001,Domestic,6273.4
LĀNA'I,7,2001,International,1139.0230739449441
LĀNA'I,7,2001,Total,7412.423073944944
LĀNA'I,6,2001,Domestic,5869.0
LĀNA'I,6,2001,International,1031.303880320729
LĀNA'I,6,2001,Total,6900.303880320729
LĀNA'I,3,2001,Domestic,7143.0
LĀNA'I,3,2001,International,1519.2472862036395
LĀNA'I,3,2001,Total,8662.24728620364
LĀNA'I,5,2001,Domestic,5941.0
LĀNA'I,5,2001,International,879.6524920896225
LĀNA'I,5,2001,Total,6820.652492089623
LĀNA'I,11,2001,Domestic,5487.0
LĀNA'I,11,2001,International,858.4895108898538
LĀNA'I,11,2001,Total,6345.489510889854
LĀNA'I,10,2001,Domestic,6748.0
LĀNA'I,10,2001,International,337.8246581827958
LĀNA'I,10,2001,Total,7085.824658182796
LĀNA'I,9,2001,Domestic,3911.0
LĀNA'I,9,2001,International,461.9518057520603
LĀNA'I,9,2001,Total,4372.95180575206
LĀNA'I,4,2002,Domestic,4851.095998305769
LĀNA'I,4,2002,International,1753.5891904660398
LĀNA'I,4,2002,Total,6604.685188771809
LĀNA'I,8,2002,Domestic,6672.358008764901
LĀNA'I,8,2002,International,3811.365416684347
LĀNA'I,8,2002,Total,10483.723425449247
LĀNA'I,12,2002,Domestic,5620.052465289686
LĀNA'I,12,2002,International,664.6989072659214
LĀNA'I,12,2002,Total,6284.751372555607
LĀNA'I,2,2002,Domestic,4879.85191050226
LĀNA'I,2,2002,International,1122.4245575659716
LĀNA'I,2,2002,Total,6002.276468068231
LĀNA'I,1,2002,Domestic,4776.623609374684
LĀNA'I,1,2002,International,867.0
LĀNA'I,1,2002,Total,5643.623609374684
LĀNA'I,7,2002,Domestic,5756.257126656466
LĀNA'I,7,2002,International,1483.7171629752718
LĀNA'I,7,2002,Total,7239.974289631738
LĀNA'I,6,2002,Domestic,5507.494563488098
LĀNA'I,6,2002,International,1426.0588542944258
LĀNA'I,6,2002,Total,6933.553417782524
LĀNA'I,3,2002,Domestic,5273.9461259005075
LĀNA'I,3,2002,International,1490.622127960866
LĀNA'I,3,2002,Total,6764.568253861374
LĀNA'I,5,2002,Domestic,5385.7030373083835
LĀNA'I,5,2002,International,1209.198203708004
LĀNA'I,5,2002,Total,6594.901241016388
LĀNA'I,11,2002,Domestic,5036.088777236665
LĀNA'I,11,2002,International,1009.869495782262
LĀNA'I,11,2002,Total,6045.958273018927
LĀNA'I,10,2002,Domestic,6015.168793448014
LĀNA'I,10,2002,International,869.3278846620819
LĀNA'I,10,2002,Total,6884.496678110096
LĀNA'I,9,2002,Domestic,4658.691672390102
LĀNA'I,9,2002,International,733.0060792677466
LĀNA'I,9,2002,Total,5391.697751657849
LĀNA'I,4,2003,Domestic,6709.158485405889
LĀNA'I,4,2003,International,1224.08848994196
LĀNA'I,4,2003,Total,7933.246975347849
LĀNA'I,8,2003,Domestic,6502.388975589595
LĀNA'I,8,2003,International,831.1754788204613
LĀNA'I,8,2003,Total,7333.564454410057
LĀNA'I,12,2003,Domestic,5963.8178348237925
LĀNA'I,12,2003,International,1214.892814244229
LĀNA'I,12,2003,Total,7178.710649068022
LĀNA'I,2,2003,Domestic,5843.238264088964
LĀNA'I,2,2003,International,1694.0684147806328
LĀNA'I,2,2003,Total,7537.306678869596
LĀNA'I,1,2003,Domestic,6599.2130388480155
LĀNA'I,1,2003,International,1882.5461698306292
LĀNA'I,1,2003,Total,8481.759208678644
LĀNA'I,7,2003,Domestic,6458.176364563237
LĀNA'I,7,2003,International,339.9767982615653
LĀNA'I,7,2003,Total,6798.153162824802
LĀNA'I,6,2003,Domestic,6909.338710752413
LĀNA'I,6,2003,International,1181.394725634582
LĀNA'I,6,2003,Total,8090.733436386995
LĀNA'I,3,2003,Domestic,7420.793557681711
LĀNA'I,3,2003,International,7405.099082966694
LĀNA'I,3,2003,Total,14825.892640648406
LĀNA'I,5,2003,Domestic,5414.211484183913
LĀNA'I,5,2003,International,1072.9114286176618
LĀNA'I,5,2003,Total,6487.122912801575
LĀNA'I,11,2003,Domestic,4662.598128108628
LĀNA'I,11,2003,International,491.4082561047402
LĀNA'I,11,2003,Total,5154.006384213368
LĀNA'I,10,2003,Domestic,5534.153955557067
LĀNA'I,10,2003,International,534.3504769275786
LĀNA'I,10,2003,Total,6068.504432484646
LĀNA'I,9,2003,Domestic,4656.525799037721
LĀNA'I,9,2003,International,899.6336908953213
LĀNA'I,9,2003,Total,5556.159489933043
LĀNA'I,4,2004,Domestic,4974.906121561121
LĀNA'I,4,2004,International,1111.7478099986333
LĀNA'I,4,2004,Total,6086.653931559755
LĀNA'I,8,2004,Domestic,5265.294696702184
LĀNA'I,8,2004,International,825.8221530877953
LĀNA'I,8,2004,Total,6091.11684978998
LĀNA'I,12,2004,Domestic,5494.099576657957
LĀNA'I,12,2004,International,803.8476743026082
LĀNA'I,12,2004,Total,6297.947250960566
LĀNA'I,2,2004,Domestic,4819.78261882268
LĀNA'I,2,2004,International,1832.533477772349
LĀNA'I,2,2004,Total,6652.316096595029
LĀNA'I,1,2004,Domestic,5044.294177843736
LĀNA'I,1,2004,International,693.6270732638731
LĀNA'I,1,2004,Total,5737.921251107609
LĀNA'I,7,2004,Domestic,6192.290139361583
LĀNA'I,7,2004,International,426.4053225351254
LĀNA'I,7,2004,Total,6618.695461896708
LĀNA'I,6,2004,Domestic,5706.811610214384
LĀNA'I,6,2004,International,406.94229997980113
LĀNA'I,6,2004,Total,6113.753910194185
LĀNA'I,3,2004,Domestic,5984.475786796342
LĀNA'I,3,2004,International,1108.6956390386947
LĀNA'I,3,2004,Total,7093.171425835037
LĀNA'I,5,2004,Domestic,5026.524543831635
LĀNA'I,5,2004,International,1092.68237171681
LĀNA'I,5,2004,Total,6119.206915548445
LĀNA'I,11,2004,Domestic,4749.8408982082365
LĀNA'I,11,2004,International,608.1411526349917
LĀNA'I,11,2004,Total,5357.9820508432285
LĀNA'I,10,2004,Domestic,5445.397340250645
LĀNA'I,10,2004,International,653.5851842818875
LĀNA'I,10,2004,Total,6098.982524532533
LĀNA'I,9,2004,Domestic,4467.916016109518
LĀNA'I,9,2004,International,652.7306408994134
LĀNA'I,9,2004,Total,5120.6466570089315
LĀNA'I,4,2005,Domestic,5289.788333270938
LĀNA'I,4,2005,International,809.1497035156194
LĀNA'I,4,2005,Total,6098.938036786558
LĀNA'I,8,2005,Domestic,5640.549840954238
LĀNA'I,8,2005,International,591.7947798999833
LĀNA'I,8,2005,Total,6232.344620854221
LĀNA'I,12,2005,Domestic,5674.554412373499
LĀNA'I,12,2005,International,236.18232574120105
LĀNA'I,12,2005,Total,5910.7367381147
LĀNA'I,2,2005,Domestic,5365.4068059660585
LĀNA'I,2,2005,International,604.3230572971213
LĀNA'I,2,2005,Total,5969.72986326318
LĀNA'I,1,2005,Domestic,5228.285307865292
LĀNA'I,1,2005,International,476.5976720281943
LĀNA'I,1,2005,Total,5704.882979893487
LĀNA'I,7,2005,Domestic,6255.75488926603
LĀNA'I,7,2005,International,1063.4183514914916
LĀNA'I,7,2005,Total,7319.173240757522
LĀNA'I,6,2005,Domestic,5597.342977089194
LĀNA'I,6,2005,International,1412.632219966051
LĀNA'I,6,2005,Total,7009.975197055245
LĀNA'I,3,2005,Domestic,5795.393500687197
LĀNA'I,3,2005,International,689.1879188748829
LĀNA'I,3,2005,Total,6484.58141956208
LĀNA'I,5,2005,Domestic,4920.26620544443
LĀNA'I,5,2005,International,816.2327210412589
LĀNA'I,5,2005,Total,5736.498926485689
LĀNA'I,11,2005,Domestic,5011.910432535965
LĀNA'I,11,2005,International,626.7302006161816
LĀNA'I,11,2005,Total,5638.640633152147
LĀNA'I,10,2005,Domestic,5317.158510541666
LĀNA'I,10,2005,International,696.783681551612
LĀNA'I,10,2005,Total,6013.942192093278
LĀNA'I,9,2005,Domestic,4916.745102596715
LĀNA'I,9,2005,International,255.93734527250416
LĀNA'I,9,2005,Total,5172.682447869219
LĀNA'I,4,2006,Domestic,5356.010401282141
LĀNA'I,4,2006,International,966.5650254722308
LĀNA'I,4,2006,Total,6322.575426754372
LĀNA'I,8,2006,Domestic,6225.725329383993
LĀNA'I,8,2006,International,1614.6692324611508
LĀNA'I,8,2006,Total,7840.3945618451435
LĀNA'I,12,2006,Domestic,6907.435974865373
LĀNA'I,12,2006,International,2522.1417229083527
LĀNA'I,12,2006,Total,9429.577697773726
LĀNA'I,2,2006,Domestic,5981.31414041302
LĀNA'I,2,2006,International,1334.45361726809
LĀNA'I,2,2006,Total,7315.76775768111
LĀNA'I,1,2006,Domestic,6291.505261071659
LĀNA'I,1,2006,International,731.0050769857326
LĀNA'I,1,2006,Total,7022.510338057392
LĀNA'I,7,2006,Domestic,7122.298356398623
LĀNA'I,7,2006,International,1985.602896063983
LĀNA'I,7,2006,Total,9107.901252462605
LĀNA'I,6,2006,Domestic,6418.420431418868
LĀNA'I,6,2006,International,1233.946651552204
LĀNA'I,6,2006,Total,7652.367082971072
LĀNA'I,3,2006,Domestic,5950.301455520336
LĀNA'I,3,2006,International,1177.4838413531713
LĀNA'I,3,2006,Total,7127.785296873508
LĀNA'I,5,2006,Domestic,4907.894958298567
LĀNA'I,5,2006,International,517.449004527304
LĀNA'I,5,2006,Total,5425.343962825871
LĀNA'I,11,2006,Domestic,5899.090802282663
LĀNA'I,11,2006,International,707.4803136910609
LĀNA'I,11,2006,Total,6606.571115973724
LĀNA'I,10,2006,Domestic,5744.814897244627
LĀNA'I,10,2006,International,8498.789699576355
LĀNA'I,10,2006,Total,14243.604596820982
LĀNA'I,9,2006,Domestic,5411.527202741873
LĀNA'I,9,2006,International,762.9264569080976
LĀNA'I,9,2006,Total,6174.453659649971
LĀNA'I,4,2007,Domestic,6683.366777346321
LĀNA'I,4,2007,International,1286.2285380514563
LĀNA'I,4,2007,Total,7969.595315397777
LĀNA'I,8,2007,Domestic,7556.109657536676
LĀNA'I,8,2007,International,1128.055262023791
LĀNA'I,8,2007,Total,8684.164919560468
LĀNA'I,12,2007,Domestic,6905.325001652233
LĀNA'I,12,2007,International,2682.2000394712277
LĀNA'I,12,2007,Total,9587.525041123461
LĀNA'I,2,2007,Domestic,6311.457192492118
LĀNA'I,2,2007,International,1726.5761028452607
LĀNA'I,2,2007,Total,8038.033295337379
LĀNA'I,1,2007,Domestic,6485.769865850426
LĀNA'I,1,2007,International,2056.630388144901
LĀNA'I,1,2007,Total,8542.400253995327
LĀNA'I,7,2007,Domestic,7352.598918535321
LĀNA'I,7,2007,International,945.6807457867524
LĀNA'I,7,2007,Total,8298.279664322074
LĀNA'I,6,2007,Domestic,7405.8111301499075
LĀNA'I,6,2007,International,2189.5227017576576
LĀNA'I,6,2007,Total,9595.333831907565
LĀNA'I,3,2007,Domestic,7061.610192492627
LĀNA'I,3,2007,International,1374.072005161876
LĀNA'I,3,2007,Total,8435.682197654503
LĀNA'I,5,2007,Domestic,6055.774577124406
LĀNA'I,5,2007,International,1175.8780246320048
LĀNA'I,5,2007,Total,7231.652601756411
LĀNA'I,11,2007,Domestic,6418.582561909919
LĀNA'I,11,2007,International,1388.0873874649637
LĀNA'I,11,2007,Total,7806.669949374882
LĀNA'I,10,2007,Domestic,6898.409964631716
LĀNA'I,10,2007,International,2205.016115045595
LĀNA'I,10,2007,Total,9103.426079677312
LĀNA'I,9,2007,Domestic,6025.178955119929
LĀNA'I,9,2007,International,1032.1397134841652
LĀNA'I,9,2007,Total,7057.3186686040945
LĀNA'I,4,2008,Domestic,5319.0
LĀNA'I,4,2008,International,961.0
LĀNA'I,4,2008,Total,6280.0
LĀNA'I,8,2008,Domestic,5633.0
LĀNA'I,8,2008,International,686.0
LĀNA'I,8,2008,Total,6319.0
LĀNA'I,12,2008,Domestic,4446.0
LĀNA'I,12,2008,International,1445.0
LĀNA'I,12,2008,Total,5891.0
LĀNA'I,2,2008,Domestic,6464.0
LĀNA'I,2,2008,International,2049.0
LĀNA'I,2,2008,Total,8513.0
LĀNA'I,1,2008,Domestic,6515.0
LĀNA'I,1,2008,International,1747.0
LĀNA'I,1,2008,Total,8262.0
LĀNA'I,7,2008,Domestic,5335.0
LĀNA'I,7,2008,International,676.0
LĀNA'I,7,2008,Total,6011.0
LĀNA'I,6,2008,Domestic,5807.0
LĀNA'I,6,2008,International,1410.0
LĀNA'I,6,2008,Total,7217.0
LĀNA'I,3,2008,Domestic,6879.0
LĀNA'I,3,2008,International,1500.0
LĀNA'I,3,2008,Total,8379.0
LĀNA'I,5,2008,Domestic,5723.0
LĀNA'I,5,2008,International,1253.0
LĀNA'I,5,2008,Total,6976.0
LĀNA'I,11,2008,Domestic,4398.0
LĀNA'I,11,2008,International,772.0
LĀNA'I,11,2008,Total,5170.0
LĀNA'I,10,2008,Domestic,5212.0
LĀNA'I,10,2008,International,1101.0
LĀNA'I,10,2008,Total,6313.0
LĀNA'I,9,2008,Domestic,4337.0
LĀNA'I,9,2008,International,1200.0
LĀNA'I,9,2008,Total,5537.0
LĀNA'I,4,2009,Domestic,4406.826600268036
LĀNA'I,4,2009,International,741.6374614120595
LĀNA'I,4,2009,Total,5148.464061680095
LĀNA'I,8,2009,Domestic,4470.803369673313
LĀNA'I,8,2009,International,600.9686895020972
LĀNA'I,8,2009,Total,5071.77205917541
LĀNA'I,12,2009,Domestic,4719.386079400288
LĀNA'I,12,2009,International,1020.5127219483587
LĀNA'I,12,2009,Total,5739.898801348646
LĀNA'I,2,2009,Domestic,4454.09485401276
LĀNA'I,2,2009,International,598.9797905511336
LĀNA'I,2,2009,Total,5053.074644563894
LĀNA'I,1,2009,Domestic,4276.65345101953
LĀNA'I,1,2009,International,1026.9559652531982
LĀNA'I,1,2009,Total,5303.609416272728
LĀNA'I,7,2009,Domestic,4724.252267657325
LĀNA'I,7,2009,International,761.6341165613646
LĀNA'I,7,2009,Total,5485.88638421869
LĀNA'I,6,2009,Domestic,5011.882084799769
LĀNA'I,6,2009,International,401.54889512229
LĀNA'I,6,2009,Total,5413.430979922058
LĀNA'I,3,2009,Domestic,4324.686398097946
LĀNA'I,3,2009,International,1173.3368744005877
LĀNA'I,3,2009,Total,5498.0232724985335
LĀNA'I,5,2009,Domestic,4298.216040556382
LĀNA'I,5,2009,International,725.5460616929556
LĀNA'I,5,2009,Total,5023.762102249338
LĀNA'I,11,2009,Domestic,3688.7348489937795
LĀNA'I,11,2009,International,607.4993824781545
LĀNA'I,11,2009,Total,4296.2342314719335
LĀNA'I,10,2009,Domestic,3909.057409155289
LĀNA'I,10,2009,International,391.99549761543034
LĀNA'I,10,2009,Total,4301.052906770719
LĀNA'I,9,2009,Domestic,4256.50072387338
LĀNA'I,9,2009,International,462.3280968283733
LĀNA'I,9,2009,Total,4718.828820701753
LĀNA'I,4,2010,Domestic,4715.5309593651245
LĀNA'I,4,2010,International,760.7621638390356
LĀNA'I,4,2010,Total,5476.29312320416
LĀNA'I,8,2010,Domestic,5147.929380790082
LĀNA'I,8,2010,International,775.1207963203742
LĀNA'I,8,2010,Total,5923.050177110456
LĀNA'I,12,2010,Domestic,5282.422344145123
LĀNA'I,12,2010,International,1639.9890115039477
LĀNA'I,12,2010,Total,6922.411355649071
LĀNA'I,2,2010,Domestic,4468.38049165614
LĀNA'I,2,2010,International,1273.8346495865355
LĀNA'I,2,2010,Total,5742.215141242676
LĀNA'I,1,2010,Domestic,4581.025904306445
LĀNA'I,1,2010,International,345.0368818519917
LĀNA'I,1,2010,Total,4926.062786158437
LĀNA'I,7,2010,Domestic,5590.6249390265175
LĀNA'I,7,2010,International,642.347914876352
LĀNA'I,7,2010,Total,6232.972853902869
LĀNA'I,6,2010,Domestic,5131.977526068656
LĀNA'I,6,2010,International,504.5677977442971
LĀNA'I,6,2010,Total,5636.545323812953
LĀNA'I,3,2010,Domestic,4523.325634357668
LĀNA'I,3,2010,International,1205.7481829425894
LĀNA'I,3,2010,Total,5729.073817300257
LĀNA'I,5,2010,Domestic,4387.685677443305
LĀNA'I,5,2010,International,1485.74479499979
LĀNA'I,5,2010,Total,5873.430472443095
LĀNA'I,11,2010,Domestic,4106.582362779242
LĀNA'I,11,2010,International,632.4195669522969
LĀNA'I,11,2010,Total,4739.001929731539
LĀNA'I,10,2010,Domestic,4650.291171002914
LĀNA'I,10,2010,International,689.8062895339846
LĀNA'I,10,2010,Total,5340.097460536898
LĀNA'I,9,2010,Domestic,4444.8864271000875
LĀNA'I,9,2010,International,1218.8549212111259
LĀNA'I,9,2010,Total,5663.741348311213
LĀNA'I,4,2011,Domestic,5055.368329593834
LĀNA'I,4,2011,International,1326.9882073232984
LĀNA'I,4,2011,Total,6382.356536917132
LĀNA'I,8,2011,Domestic,4553.132329378538
LĀNA'I,8,2011,International,1126.9575841345506
LĀNA'I,8,2011,Total,5680.0899135130885
LĀNA'I,12,2011,Domestic,4888.769432917493
LĀNA'I,12,2011,International,1961.7124281941526
LĀNA'I,12,2011,Total,6850.481861111645
LĀNA'I,2,2011,Domestic,5271.022058906444
LĀNA'I,2,2011,International,833.0927782677073
LĀNA'I,2,2011,Total,6104.114837174151
LĀNA'I,1,2011,Domestic,4878.903339194969
LĀNA'I,1,2011,International,904.0348894584689
LĀNA'I,1,2011,Total,5782.938228653437
LĀNA'I,7,2011,Domestic,5503.900495632222
LĀNA'I,7,2011,International,1019.2446149754411
LĀNA'I,7,2011,Total,6523.145110607664
LĀNA'I,6,2011,Domestic,5126.492261826909
LĀNA'I,6,2011,International,609.9330292277335
LĀNA'I,6,2011,Total,5736.425291054643
LĀNA'I,3,2011,Domestic,8525.122569050263
LĀNA'I,3,2011,International,1141.457940732968
LĀNA'I,3,2011,Total,9666.58050978323
LĀNA'I,5,2011,Domestic,4492.849815640279
LĀNA'I,5,2011,International,1543.678637317924
LĀNA'I,5,2011,Total,6036.528452958203
LĀNA'I,11,2011,Domestic,4429.20180057894
LĀNA'I,11,2011,International,596.0599035229005
LĀNA'I,11,2011,Total,5025.26170410184
LĀNA'I,10,2011,Domestic,4677.3074756539945
LĀNA'I,10,2011,International,930.4451815782012
LĀNA'I,10,2011,Total,5607.752657232196
LĀNA'I,9,2011,Domestic,4446.180015097862
LĀNA'I,9,2011,International,1162.4273392812058
LĀNA'I,9,2011,Total,5608.607354379068
LĀNA'I,4,2012,Domestic,4701.593053557432
LĀNA'I,4,2012,International,1617.7740112767988
LĀNA'I,4,2012,Total,6319.36706483423
LĀNA'I,8,2012,Domestic,5264.922797004141
LĀNA'I,8,2012,International,1327.6261495556796
LĀNA'I,8,2012,Total,6592.54894655982
LĀNA'I,12,2012,Domestic,5254.793040986489
LĀNA'I,12,2012,International,1179.134347243649
LĀNA'I,12,2012,Total,6433.927388230139
LĀNA'I,2,2012,Domestic,5148.0929302405175
LĀNA'I,2,2012,International,906.5232395031334
LĀNA'I,2,2012,Total,6054.616169743651
LĀNA'I,1,2012,Domestic,4887.311096672401
LĀNA'I,1,2012,International,1468.496796657122
LĀNA'I,1,2012,Total,6355.807893329523
LĀNA'I,7,2012,Domestic,5285.740145459165
LĀNA'I,7,2012,International,852.4235168018798
LĀNA'I,7,2012,Total,6138.163662261045
LĀNA'I,6,2012,Domestic,5405.033501629946
LĀNA'I,6,2012,International,1053.9937050947644
LĀNA'I,6,2012,Total,6459.027206724711
LĀNA'I,3,2012,Domestic,5326.864135129437
LĀNA'I,3,2012,International,1255.0162472368822
LĀNA'I,3,2012,Total,6581.880382366319
LĀNA'I,5,2012,Domestic,4125.772358523421
LĀNA'I,5,2012,International,1512.931172611817
LĀNA'I,5,2012,Total,5638.703531135237
LĀNA'I,11,2012,Domestic,4308.16379522838
LĀNA'I,11,2012,International,1009.2987276265994
LĀNA'I,11,2012,Total,5317.462522854979
LĀNA'I,10,2012,Domestic,4596.550595541223
LĀNA'I,10,2012,International,616.1667136335878
LĀNA'I,10,2012,Total,5212.717309174811
LĀNA'I,9,2012,Domestic,4572.248173380495
LĀNA'I,9,2012,International,972.4284027928542
LĀNA'I,9,2012,Total,5544.6765761733495
LĀNA'I,4,2013,Domestic,4296.088950273325
LĀNA'I,4,2013,International,1400.3099193801597
LĀNA'I,4,2013,Total,5696.398869653485
LĀNA'I,8,2013,Domestic,4999.128843734312
LĀNA'I,8,2013,International,1242.6769498103063
LĀNA'I,8,2013,Total,6241.805793544618
LĀNA'I,12,2013,Domestic,5388.909060895693
LĀNA'I,12,2013,International,1362.748722546305
LĀNA'I,12,2013,Total,6751.657783441999
LĀNA'I,2,2013,Domestic,4620.789560978374
LĀNA'I,2,2013,International,1523.8582921497095
LĀNA'I,2,2013,Total,6144.647853128083
LĀNA'I,1,2013,Domestic,4836.584882710528
LĀNA'I,1,2013,International,1465.5469480147376
LĀNA'I,1,2013,Total,6302.131830725266
LĀNA'I,7,2013,Domestic,5511.58739096496
LĀNA'I,7,2013,International,700.5916136540229
LĀNA'I,7,2013,Total,6212.179004618983
LĀNA'I,6,2013,Domestic,4949.295938022382
LĀNA'I,6,2013,International,2087.9527767323743
LĀNA'I,6,2013,Total,7037.248714754756
LĀNA'I,3,2013,Domestic,5656.719199199057
LĀNA'I,3,2013,International,1007.4442720099344
LĀNA'I,3,2013,Total,6664.163471208991
LĀNA'I,5,2013,Domestic,4619.245535568826
LĀNA'I,5,2013,International,857.5040764676281
LĀNA'I,5,2013,Total,5476.749612036454
LĀNA'I,11,2013,Domestic,4395.630026732631
LĀNA'I,11,2013,International,1111.7885153270627
LĀNA'I,11,2013,Total,5507.418542059694
LĀNA'I,10,2013,Domestic,4956.500855886836
LĀNA'I,10,2013,International,926.5287169546842
LĀNA'I,10,2013,Total,5883.02957284152
LĀNA'I,9,2013,Domestic,4103.924338207153
LĀNA'I,9,2013,International,2288.5406584284324
LĀNA'I,9,2013,Total,6392.464996635585
LĀNA'I,4,2014,Domestic,4601.093580548275
LĀNA'I,4,2014,International,949.2796548846718
LĀNA'I,4,2014,Total,5550.373235432947
LĀNA'I,8,2014,Domestic,4422.294442603713
LĀNA'I,8,2014,International,1210.0879740766306
LĀNA'I,8,2014,Total,5632.382416680343
LĀNA'I,12,2014,Domestic,5909.573264933462
LĀNA'I,12,2014,International,1323.4332231877238
LĀNA'I,12,2014,Total,7233.006488121186
LĀNA'I,2,2014,Domestic,4189.735177077357
LĀNA'I,2,2014,International,1066.5818120884353
LĀNA'I,2,2014,Total,5256.316989165792
LĀNA'I,1,2014,Domestic,4880.649783199961
LĀNA'I,1,2014,International,1146.0464908469523
LĀNA'I,1,2014,Total,6026.6962740469135
LĀNA'I,7,2014,Domestic,4878.380836548163
LĀNA'I,7,2014,International,661.1346027474901
LĀNA'I,7,2014,Total,5539.515439295653
LĀNA'I,6,2014,Domestic,4127.915083667793
LĀNA'I,6,2014,International,828.7180014596214
LĀNA'I,6,2014,Total,4956.633085127414
LĀNA'I,3,2014,Domestic,4531.2395966493405
LĀNA'I,3,2014,International,893.6375946097978
LĀNA'I,3,2014,Total,5424.877191259138
LĀNA'I,5,2014,Domestic,4679.5835075769455
LĀNA'I,5,2014,International,1245.106681251637
LĀNA'I,5,2014,Total,5924.690188828583
LĀNA'I,11,2014,Domestic,4379.14990686355
LĀNA'I,11,2014,International,1029.7945927644305
LĀNA'I,11,2014,Total,5408.944499627981
LĀNA'I,10,2014,Domestic,4433.912556538657
LĀNA'I,10,2014,International,978.230162363826
LĀNA'I,10,2014,Total,5412.142718902483
LĀNA'I,9,2014,Domestic,3818.4680064307345
LĀNA'I,9,2014,International,1966.3932606755727
LĀNA'I,9,2014,Total,5784.861267106307
LĀNA'I,4,2015,Domestic,3784.369630177634
LĀNA'I,4,2015,International,990.0508333855646
LĀNA'I,4,2015,Total,4774.420463563199
LĀNA'I,8,2015,Domestic,3101.122843635361
LĀNA'I,8,2015,International,1465.870245443803
LĀNA'I,8,2015,Total,4566.993089079164
LĀNA'I,12,2015,Domestic,3371.049767689544
LĀNA'I,12,2015,International,910.6763326294464
LĀNA'I,12,2015,Total,4281.726100318991
LĀNA'I,2,2015,Domestic,5035.770366401652
LĀNA'I,2,2015,International,1306.5524956811817
LĀNA'I,2,2015,Total,6342.322862082833
LĀNA'I,1,2015,Domestic,4452.176799242888
LĀNA'I,1,2015,International,1214.1037845235044
LĀNA'I,1,2015,Total,5666.280583766392
LĀNA'I,7,2015,Domestic,3548.350975031451
LĀNA'I,7,2015,International,550.2632631247127
LĀNA'I,7,2015,Total,4098.614238156164
LĀNA'I,6,2015,Domestic,3612.933133833566
LĀNA'I,6,2015,International,2788.5851689674114
LĀNA'I,6,2015,Total,6401.518302800978
LĀNA'I,3,2015,Domestic,5216.1327043031915
LĀNA'I,3,2015,International,1073.4936620851527
LĀNA'I,3,2015,Total,6289.626366388344
LĀNA'I,5,2015,Domestic,4179.617566428312
LĀNA'I,5,2015,International,1100.4377571538353
LĀNA'I,5,2015,Total,5280.055323582147
LĀNA'I,11,2015,Domestic,2584.8299905207036
LĀNA'I,11,2015,International,865.1760179804237
LĀNA'I,11,2015,Total,3450.0060085011273
LĀNA'I,10,2015,Domestic,2910.173793914949
LĀNA'I,10,2015,International,669.653088515059
LĀNA'I,10,2015,Total,3579.826882430008
LĀNA'I,9,2015,Domestic,2537.062891874963
LĀNA'I,9,2015,International,1121.8200311178637
LĀNA'I,9,2015,Total,3658.882922992827
LĀNA'I,4,2016,Domestic,4279.027496543668
LĀNA'I,4,2016,International,1807.4685763581215
LĀNA'I,4,2016,Total,6086.496072901789
LĀNA'I,8,2016,Domestic,4412.388142491289
LĀNA'I,8,2016,International,1734.8784447768344
LĀNA'I,8,2016,Total,6147.266587268123
LĀNA'I,12,2016,Domestic,4743.148683641075
LĀNA'I,12,2016,International,1215.7235444660816
LĀNA'I,12,2016,Total,5958.872228107157
LĀNA'I,2,2016,Domestic,3469.7292751315963
LĀNA'I,2,2016,International,680.5661100534983
LĀNA'I,2,2016,Total,4150.295385185094
LĀNA'I,1,2016,Domestic,3347.2256703431703
LĀNA'I,1,2016,International,986.8320674827534
LĀNA'I,1,2016,Total,4334.057737825924
LĀNA'I,7,2016,Domestic,4332.11785527212
LĀNA'I,7,2016,International,722.1823927526225
LĀNA'I,7,2016,Total,5054.300248024743
LĀNA'I,6,2016,Domestic,4483.539633969898
LĀNA'I,6,2016,International,643.4161359574279
LĀNA'I,6,2016,Total,5126.955769927326
LĀNA'I,3,2016,Domestic,4161.989443846074
LĀNA'I,3,2016,International,1170.6900728308867
LĀNA'I,3,2016,Total,5332.679516676961
LĀNA'I,5,2016,Domestic,4633.759787956875
LĀNA'I,5,2016,International,1193.0720865107612
LĀNA'I,5,2016,Total,5826.831874467636
LĀNA'I,11,2016,Domestic,3818.8350171722227
LĀNA'I,11,2016,International,1412.87095109465
LĀNA'I,11,2016,Total,5231.705968266873
LĀNA'I,10,2016,Domestic,3812.430370799969
LĀNA'I,10,2016,International,858.7072193847129
LĀNA'I,10,2016,Total,4671.137590184681
LĀNA'I,9,2016,Domestic,3805.2844328281035
LĀNA'I,9,2016,International,1298.5690376332257
LĀNA'I,9,2016,Total,5103.853470461329
LĀNA'I,4,2017,Domestic,3667.2210298977457
LĀNA'I,4,2017,International,1972.589464010437
LĀNA'I,4,2017,Total,5639.810493908273
LĀNA'I,8,2017,Domestic,3764.5336049684197
LĀNA'I,8,2017,International,1665.238186072453
LĀNA'I,8,2017,Total,5429.7717910407555
LĀNA'I,12,2017,Domestic,4804.595506715798
LĀNA'I,12,2017,International,1788.7297598000232
LĀNA'I,12,2017,Total,6593.325266515854
LĀNA'I,2,2017,Domestic,3415.282170500286
LĀNA'I,2,2017,International,940.8022467233104
LĀNA'I,2,2017,Total,4356.084417223615
LĀNA'I,1,2017,Domestic,3632.8790995615677
LĀNA'I,1,2017,International,1018.9567183990764
LĀNA'I,1,2017,Total,4651.835817960693
LĀNA'I,7,2017,Domestic,4363.873470630903
LĀNA'I,7,2017,International,906.0962379585067
LĀNA'I,7,2017,Total,5269.969708589408
LĀNA'I,6,2017,Domestic,4446.673465031856
LĀNA'I,6,2017,International,918.8904291250985
LĀNA'I,6,2017,Total,5365.563894156971
LĀNA'I,3,2017,Domestic,4623.563997569123
LĀNA'I,3,2017,International,1530.5663246602587
LĀNA'I,3,2017,Total,6154.130322229477
LĀNA'I,5,2017,Domestic,4401.962881267503
LĀNA'I,5,2017,International,1596.441381459342
LĀNA'I,5,2017,Total,5998.404262726807
LĀNA'I,11,2017,Domestic,3636.6905099556643
LĀNA'I,11,2017,International,1242.764167700294
LĀNA'I,11,2017,Total,4879.454677655995
LĀNA'I,10,2017,Domestic,3742.260260218006
LĀNA'I,10,2017,International,1233.1663363536966
LĀNA'I,10,2017,Total,4975.426596571655
LĀNA'I,9,2017,Domestic,3521.1671242186503
LĀNA'I,9,2017,International,1693.9468852985474
LĀNA'I,9,2017,Total,5215.1140095172395
LĀNA'I,4,2018,Domestic,4436.893543872376
LĀNA'I,4,2018,International,2078.2681169708844
LĀNA'I,4,2018,Total,6515.161660843394
LĀNA'I,8,2018,Domestic,4200.22063776442
LĀNA'I,8,2018,International,2221.42933612634
LĀNA'I,8,2018,Total,6421.649973890722
LĀNA'I,12,2018,Domestic,4773.438491554028
LĀNA'I,12,2018,International,983.1230364605944
LĀNA'I,12,2018,Total,5756.561528014555
LĀNA'I,2,2018,Domestic,4262.109919370107
LĀNA'I,2,2018,International,2144.6278786188523
LĀNA'I,2,2018,Total,6406.737797989096
LĀNA'I,1,2018,Domestic,4695.950511173286
LĀNA'I,1,2018,International,1432.6981816401524
LĀNA'I,1,2018,Total,6128.648692813361
LĀNA'I,7,2018,Domestic,5069.431257062529
LĀNA'I,7,2018,International,1145.6573276037338
LĀNA'I,7,2018,Total,6215.088584666299
LĀNA'I,6,2018,Domestic,4968.971395194531
LĀNA'I,6,2018,International,2065.275495372651
LĀNA'I,6,2018,Total,7034.246890567332
LĀNA'I,3,2018,Domestic,5368.378764298416
LĀNA'I,3,2018,International,1638.1520589554598
LĀNA'I,3,2018,Total,7006.530823253921
LĀNA'I,5,2018,Domestic,4824.095318554328
LĀNA'I,5,2018,International,1705.447112334247
LĀNA'I,5,2018,Total,6529.542430888479
LĀNA'I,11,2018,Domestic,4246.6738514665085
LĀNA'I,11,2018,International,1851.9135734892548
LĀNA'I,11,2018,Total,6098.587424955759
LĀNA'I,10,2018,Domestic,3950.758921812792
LĀNA'I,10,2018,International,1652.8507592993749
LĀNA'I,10,2018,Total,5603.609681112217
LĀNA'I,9,2018,Domestic,3513.150405708404
LĀNA'I,9,2018,International,1780.789719711873
LĀNA'I,9,2018,Total,5293.940125420213
LĀNA'I,4,2019,Domestic,4403.985850446326
LĀNA'I,4,2019,International,991.4961223037258
LĀNA'I,4,2019,Total,5395.481972749986
LĀNA'I,8,2019,Domestic,5246.4705255890385
LĀNA'I,8,2019,International,2492.923718618065
LĀNA'I,8,2019,Total,7739.394244207111
LĀNA'I,12,2019,Domestic,5802.98703847498
LĀNA'I,12,2019,International,1201.4809649984475
LĀNA'I,12,2019,Total,7004.468003473337
LĀNA'I,2,2019,Domestic,4469.589238391069
LĀNA'I,2,2019,International,1738.0504361674693
LĀNA'I,2,2019,Total,6207.639674558631
LĀNA'I,1,2019,Domestic,4363.795204247137
LĀNA'I,1,2019,International,2061.331820428266
LĀNA'I,1,2019,Total,6425.127024675444
LĀNA'I,7,2019,Domestic,5620.602830971164
LĀNA'I,7,2019,International,3569.2494676989204
LĀNA'I,7,2019,Total,9189.852298669759
LĀNA'I,6,2019,Domestic,5667.607651511063
LĀNA'I,6,2019,International,3352.365192389693
LĀNA'I,6,2019,Total,9019.972843900807
LĀNA'I,3,2019,Domestic,4836.176295446741
LĀNA'I,3,2019,International,4128.166718160373
LĀNA'I,3,2019,Total,8964.343013607222
LĀNA'I,5,2019,Domestic,5235.776250298628
LĀNA'I,5,2019,International,1344.595824538233
LĀNA'I,5,2019,Total,6580.372074836696
LĀNA'I,11,2019,Domestic,4361.628140747422
LĀNA'I,11,2019,International,1006.1209118549449
LĀNA'I,11,2019,Total,5367.749052602279
LĀNA'I,10,2019,Domestic,4503.460283971719
LĀNA'I,10,2019,International,1935.3113789620677
LĀNA'I,10,2019,Total,6438.771662934028
LĀNA'I,9,2019,Domestic,4287.029526831409
LĀNA'I,9,2019,International,1482.7583674273262
LĀNA'I,9,2019,Total,5769.787894258746
LĀNA'I,4,2020,Domestic,21.279616013071898
LĀNA'I,4,2020,International,0.0
LĀNA'I,4,2020,Total,21.279616013071898
LĀNA'I,8,2020,Domestic,80.80845598345658
LĀNA'I,8,2020,International,0.0
LĀNA'I,8,2020,Total,80.80845598345658
LĀNA'I,12,2020,Domestic,1257.1063883313846
LĀNA'I,12,2020,International,0.0
LĀNA'I,12,2020,Total,1257.1063883313846
LĀNA'I,2,2020,Domestic,5132.065294575705
LĀNA'I,2,2020,International,1013.5421223790929
LĀNA'I,2,2020,Total,6145.6074169547055
LĀNA'I,1,2020,Domestic,4826.201490794565
LĀNA'I,1,2020,International,1239.622634592819
LĀNA'I,1,2020,Total,6065.824125387288
LĀNA'I,7,2020,Domestic,121.01569961958093
LĀNA'I,7,2020,International,0.0
LĀNA'I,7,2020,Total,121.01569961958093
LĀNA'I,6,2020,Domestic,63.54002978058106
LĀNA'I,6,2020,International,0.0
LĀNA'I,6,2020,Total,63.54002978058106
LĀNA'I,3,2020,Domestic,2422.503831076385
LĀNA'I,3,2020,International,181.87399158757003
LĀNA'I,3,2020,Total,2604.377822663968
LĀNA'I,5,2020,Domestic,25.903379836530775
LĀNA'I,5,2020,International,0.0
LĀNA'I,5,2020,Total,25.903379836530775
LĀNA'I,11,2020,Domestic,903.9767358130242
LĀNA'I,11,2020,International,0.0
LĀNA'I,11,2020,Total,903.9767358130242
LĀNA'I,10,2020,Domestic,595.4992415425116
LĀNA'I,10,2020,International,0.0
LĀNA'I,10,2020,Total,595.4992415425116
LĀNA'I,9,2020,Domestic,39.083286948068
LĀNA'I,9,2020,International,0.0
LĀNA'I,9,2020,Total,39.083286948068
LĀNA'I,4,2021,Domestic,3379.626563312452
LĀNA'I,4,2021,International,5.116740500405565
LĀNA'I,4,2021,Total,3384.743303812858
LĀNA'I,8,2021,Domestic,5615.5851541586135
LĀNA'I,8,2021,International,6.505133470225872
LĀNA'I,8,2021,Total,5622.090287628839
LĀNA'I,12,2021,Domestic,5199.705547802605
LĀNA'I,12,2021,International,362.73035309501637
LĀNA'I,12,2021,Total,5562.435900897596
LĀNA'I,2,2021,Domestic,1600.600339504306
LĀNA'I,2,2021,International,2.577167331265692
LĀNA'I,2,2021,Total,1603.1775068355719
LĀNA'I,1,2021,Domestic,941.4588965846422
LĀNA'I,1,2021,International,12.725312292279225
LĀNA'I,1,2021,Total,954.1842088769214
LĀNA'I,7,2021,Domestic,6039.215359400411
LĀNA'I,7,2021,International,0.4116022099447514
LĀNA'I,7,2021,Total,6039.6269616103555
LĀNA'I,6,2021,Domestic,5055.881235729735
LĀNA'I,6,2021,International,0.0
LĀNA'I,6,2021,Total,5055.881235729735
LĀNA'I,3,2021,Domestic,2590.064267215151
LĀNA'I,3,2021,International,0.0
LĀNA'I,3,2021,Total,2590.064267215151
LĀNA'I,5,2021,Domestic,4338.188309587765
LĀNA'I,5,2021,International,1.2781954887218046
LĀNA'I,5,2021,Total,4339.466505076487
LĀNA'I,11,2021,Domestic,4215.040567625096
LĀNA'I,11,2021,International,132.377972465582
LĀNA'I,11,2021,Total,4347.418540090696
LĀNA'I,10,2021,Domestic,4408.5519106863
LĀNA'I,10,2021,International,7.03024227365333
LĀNA'I,10,2021,Total,4415.582152959954
LĀNA'I,9,2021,Domestic,3906.7220215206366
LĀNA'I,9,2021,International,7.8522372528616025
LĀNA'I,9,2021,Total,3914.574258773498
LĀNA'I,4,2022,Domestic,5561.722577503302
LĀNA'I,4,2022,International,840.9250139808386
LĀNA'I,4,2022,Total,6402.647591484092
LĀNA'I,8,2022,Domestic,5404.194596180211
LĀNA'I,8,2022,International,210.42270255273158
LĀNA'I,8,2022,Total,5614.61729873296
LĀNA'I,12,2022,Domestic,5056.279741144497
LĀNA'I,12,2022,International,1231.2351300775154
LĀNA'I,12,2022,Total,6287.514871221944
LĀNA'I,2,2022,Domestic,4321.629557928985
LĀNA'I,2,2022,International,447.7411938996434
LĀNA'I,2,2022,Total,4769.370751828635
LĀNA'I,1,2022,Domestic,3685.717529128409
LĀNA'I,1,2022,International,189.82263377292668
LĀNA'I,1,2022,Total,3875.5401629013277
LĀNA'I,7,2022,Domestic,5691.5307067047215
LĀNA'I,7,2022,International,481.02416448980233
LĀNA'I,7,2022,Total,6172.554871194471
LĀNA'I,6,2022,Domestic,5642.265843672515
LĀNA'I,6,2022,International,433.08747902160405
LĀNA'I,6,2022,Total,6075.353322694131
LĀNA'I,3,2022,Domestic,5074.737371110084
LĀNA'I,3,2022,International,294.19202395792627
LĀNA'I,3,2022,Total,5368.929395068027
LĀNA'I,5,2022,Domestic,5264.535569470689
LĀNA'I,5,2022,International,417.92893293076986
LĀNA'I,5,2022,Total,5682.464502401405
LĀNA'I,11,2022,Domestic,4637.008227881529
LĀNA'I,11,2022,International,1144.4707647781543
LĀNA'I,11,2022,Total,5781.478992659671
LĀNA'I,10,2022,Domestic,5170.701085679431
LĀNA'I,10,2022,International,1130.9757387312782
LĀNA'I,10,2022,Total,6301.676824410636
LĀNA'I,9,2022,Domestic,4863.298614651777
LĀNA'I,9,2022,International,820.9487481466188
LĀNA'I,9,2022,Total,5684.247362798375
MAUI ,4,1990,Domestic,
MAUI ,4,1990,International,
MAUI ,4,1990,Total,
MAUI ,8,1990,Domestic,
MAUI ,8,1990,International,
MAUI ,8,1990,Total,
MAUI ,12,1990,Domestic,
MAUI ,12,1990,International,
MAUI ,12,1990,Total,
MAUI ,2,1990,Domestic,
MAUI ,2,1990,International,
MAUI ,2,1990,Total,
MAUI ,1,1990,Domestic,
MAUI ,1,1990,International,
MAUI ,1,1990,Total,
MAUI ,7,1990,Domestic,
MAUI ,7,1990,International,
MAUI ,7,1990,Total,
MAUI ,6,1990,Domestic,
MAUI ,6,1990,International,
MAUI ,6,1990,Total,
MAUI ,3,1990,Domestic,
MAUI ,3,1990,International,
MAUI ,3,1990,Total,
MAUI ,5,1990,Domestic,
MAUI ,5,1990,International,
MAUI ,5,1990,Total,
MAUI ,11,1990,Domestic,
MAUI ,11,1990,International,
MAUI ,11,1990,Total,
MAUI ,10,1990,Domestic,
MAUI ,10,1990,International,
MAUI ,10,1990,Total,
MAUI ,9,1990,Domestic,
MAUI ,9,1990,International,
MAUI ,9,1990,Total,
MAUI ,4,1991,Domestic,141797.06873272537
MAUI ,4,1991,International,35461.34142196555
MAUI ,4,1991,Total,177258.4101546909
MAUI ,8,1991,Domestic,162798.61376817463
MAUI ,8,1991,International,41539.427403215996
MAUI ,8,1991,Total,204338.04117139062
MAUI ,12,1991,Domestic,124907.37067633813
MAUI ,12,1991,International,45866.78057415786
MAUI ,12,1991,Total,170774.15125049598
MAUI ,2,1991,Domestic,110464.88155877923
MAUI ,2,1991,International,29749.97438430595
MAUI ,2,1991,Total,140214.8559430852
MAUI ,1,1991,Domestic,119233.37198221943
MAUI ,1,1991,International,47764.28077213211
MAUI ,1,1991,Total,166997.65275435153
MAUI ,7,1991,Domestic,158444.45159476026
MAUI ,7,1991,International,44384.04787207273
MAUI ,7,1991,Total,202828.499466833
MAUI ,6,1991,Domestic,154137.11413968258
MAUI ,6,1991,International,41483.7452564766
MAUI ,6,1991,Total,195620.85939615918
MAUI ,3,1991,Domestic,145683.62483126385
MAUI ,3,1991,International,37206.41788662157
MAUI ,3,1991,Total,182890.04271788543
MAUI ,5,1991,Domestic,140977.25013735046
MAUI ,5,1991,International,32045.0050488895
MAUI ,5,1991,Total,173022.25518623996
MAUI ,11,1991,Domestic,127071.57624158652
MAUI ,11,1991,International,44900.465512524985
MAUI ,11,1991,Total,171972.0417541115
MAUI ,10,1991,Domestic,138533.48236971957
MAUI ,10,1991,International,40802.22707590475
MAUI ,10,1991,Total,179335.70944562432
MAUI ,9,1991,Domestic,129780.60275435432
MAUI ,9,1991,International,33986.83232841711
MAUI ,9,1991,Total,163767.43508277144
MAUI ,4,1992,Domestic,139955.78015939047
MAUI ,4,1992,International,38770.524763922156
MAUI ,4,1992,Total,178726.30492331262
MAUI ,8,1992,Domestic,151454.30287214232
MAUI ,8,1992,International,45891.84349245916
MAUI ,8,1992,Total,197346.14636460147
MAUI ,12,1992,Domestic,135012.57964259145
MAUI ,12,1992,International,62795.165904410824
MAUI ,12,1992,Total,197807.74554700227
MAUI ,2,1992,Domestic,134211.00409470405
MAUI ,2,1992,International,48439.651797626524
MAUI ,2,1992,Total,182650.65589233057
MAUI ,1,1992,Domestic,118195.63315288618
MAUI ,1,1992,International,47274.691044540814
MAUI ,1,1992,Total,165470.324197427
MAUI ,7,1992,Domestic,152829.4419285288
MAUI ,7,1992,International,47717.1709931661
MAUI ,7,1992,Total,200546.6129216949
MAUI ,6,1992,Domestic,144322.4749114052
MAUI ,6,1992,International,51835.648189455205
MAUI ,6,1992,Total,196158.12310086042
MAUI ,3,1992,Domestic,146208.79699190115
MAUI ,3,1992,International,42158.46297063698
MAUI ,3,1992,Total,188367.25996253814
MAUI ,5,1992,Domestic,134477.71731629447
MAUI ,5,1992,International,44261.30130300713
MAUI ,5,1992,Total,178739.0186193016
MAUI ,11,1992,Domestic,150912.68946168252
MAUI ,11,1992,International,50336.827918147916
MAUI ,11,1992,Total,201249.51737983042
MAUI ,10,1992,Domestic,164905.79332183095
MAUI ,10,1992,International,44079.90151888039
MAUI ,10,1992,Total,208985.69484071134
MAUI ,9,1992,Domestic,136272.15566639
MAUI ,9,1992,International,34700.505086693716
MAUI ,9,1992,Total,170972.6607530837
MAUI ,4,1993,Domestic,144108.15486187136
MAUI ,4,1993,International,48968.333263116896
MAUI ,4,1993,Total,193076.48812498825
MAUI ,8,1993,Domestic,148188.46127301015
MAUI ,8,1993,International,46588.9908306849
MAUI ,8,1993,Total,194777.45210369505
MAUI ,12,1993,Domestic,119632.10526016304
MAUI ,12,1993,International,45578.95314636168
MAUI ,12,1993,Total,165211.0584065247
MAUI ,2,1993,Domestic,137592.90926135515
MAUI ,2,1993,International,55790.670864229156
MAUI ,2,1993,Total,193383.5801255843
MAUI ,1,1993,Domestic,130680.41110935711
MAUI ,1,1993,International,56272.58451238439
MAUI ,1,1993,Total,186952.99562174152
MAUI ,7,1993,Domestic,152143.00959477297
MAUI ,7,1993,International,37939.08857226987
MAUI ,7,1993,Total,190082.09816704283
MAUI ,6,1993,Domestic,137996.49948496022
MAUI ,6,1993,International,42421.675609350554
MAUI ,6,1993,Total,180418.17509431078
MAUI ,3,1993,Domestic,149872.59172248948
MAUI ,3,1993,International,54138.403804026006
MAUI ,3,1993,Total,204010.99552651547
MAUI ,5,1993,Domestic,136961.45300085327
MAUI ,5,1993,International,34466.653027842316
MAUI ,5,1993,Total,171428.1060286956
MAUI ,11,1993,Domestic,127904.10711615416
MAUI ,11,1993,International,44023.74655455906
MAUI ,11,1993,Total,171927.85367071323
MAUI ,10,1993,Domestic,146795.2325416476
MAUI ,10,1993,International,44159.61007658662
MAUI ,10,1993,Total,190954.84261823422
MAUI ,9,1993,Domestic,120023.72093701296
MAUI ,9,1993,International,49881.86865606164
MAUI ,9,1993,Total,169905.5895930746
MAUI ,4,1994,Domestic,155192.42709316805
MAUI ,4,1994,International,35065.33521253318
MAUI ,4,1994,Total,190257.76230570124
MAUI ,8,1994,Domestic,168876.06992514536
MAUI ,8,1994,International,43485.98917929341
MAUI ,8,1994,Total,212362.05910443875
MAUI ,12,1994,Domestic,136413.50136464124
MAUI ,12,1994,International,50707.57721657086
MAUI ,12,1994,Total,187121.0785812121
MAUI ,2,1994,Domestic,142195.68859802608
MAUI ,2,1994,International,54180.06672562323
MAUI ,2,1994,Total,196375.75532364933
MAUI ,1,1994,Domestic,123418.88049811918
MAUI ,1,1994,International,60392.704936762275
MAUI ,1,1994,Total,183811.58543488145
MAUI ,7,1994,Domestic,168327.23532381255
MAUI ,7,1994,International,38069.88163341939
MAUI ,7,1994,Total,206397.11695723195
MAUI ,6,1994,Domestic,156686.18373779903
MAUI ,6,1994,International,37813.38159820692
MAUI ,6,1994,Total,194499.56533600594
MAUI ,3,1994,Domestic,165213.64046838766
MAUI ,3,1994,International,41839.81328101573
MAUI ,3,1994,Total,207053.4537494034
MAUI ,5,1994,Domestic,137489.9606010687
MAUI ,5,1994,International,39467.99901200093
MAUI ,5,1994,Total,176957.95961306966
MAUI ,11,1994,Domestic,143849.49153318704
MAUI ,11,1994,International,46357.258787901694
MAUI ,11,1994,Total,190206.75032108874
MAUI ,10,1994,Domestic,143231.2024766735
MAUI ,10,1994,International,35400.41780765225
MAUI ,10,1994,Total,178631.62028432573
MAUI ,9,1994,Domestic,122522.16999287468
MAUI ,9,1994,International,42612.15047057813
MAUI ,9,1994,Total,165134.3204634528
MAUI ,4,1995,Domestic,150365.3487691778
MAUI ,4,1995,International,33729.50231592271
MAUI ,4,1995,Total,184094.8510851005
MAUI ,8,1995,Domestic,161955.8904498103
MAUI ,8,1995,International,61657.57430247771
MAUI ,8,1995,Total,223613.464752288
MAUI ,12,1995,Domestic,129513.83363613741
MAUI ,12,1995,International,51948.63128848832
MAUI ,12,1995,Total,181462.46492462573
MAUI ,2,1995,Domestic,141956.9104701093
MAUI ,2,1995,International,32332.640215786145
MAUI ,2,1995,Total,174289.55068589543
MAUI ,1,1995,Domestic,133569.1177514952
MAUI ,1,1995,International,46862.50738992365
MAUI ,1,1995,Total,180431.62514141886
MAUI ,7,1995,Domestic,161319.00861530114
MAUI ,7,1995,International,66920.5076736576
MAUI ,7,1995,Total,228239.51628895872
MAUI ,6,1995,Domestic,154812.940966916
MAUI ,6,1995,International,39857.6925899549
MAUI ,6,1995,Total,194670.63355687092
MAUI ,3,1995,Domestic,154817.48435301153
MAUI ,3,1995,International,44453.68143235823
MAUI ,3,1995,Total,199271.16578536975
MAUI ,5,1995,Domestic,129916.31277161991
MAUI ,5,1995,International,31946.135731576087
MAUI ,5,1995,Total,161862.448503196
MAUI ,11,1995,Domestic,131751.23372987597
MAUI ,11,1995,International,51635.69635262313
MAUI ,11,1995,Total,183386.9300824991
MAUI ,10,1995,Domestic,142536.0657224726
MAUI ,10,1995,International,38984.13558574342
MAUI ,10,1995,Total,181520.201308216
MAUI ,9,1995,Domestic,119597.9968576973
MAUI ,9,1995,International,55832.504327526454
MAUI ,9,1995,Total,175430.50118522375
MAUI ,4,1996,Domestic,140775.4552970072
MAUI ,4,1996,International,39330.80400071152
MAUI ,4,1996,Total,180106.2592977187
MAUI ,8,1996,Domestic,164085.4418295968
MAUI ,8,1996,International,46936.61155964372
MAUI ,8,1996,Total,211022.05338924052
MAUI ,12,1996,Domestic,121633.57939817909
MAUI ,12,1996,International,54344.517749820574
MAUI ,12,1996,Total,175978.09714799968
MAUI ,2,1996,Domestic,144147.754808335
MAUI ,2,1996,International,58390.84720729984
MAUI ,2,1996,Total,202538.60201563485
MAUI ,1,1996,Domestic,126977.89118020161
MAUI ,1,1996,International,58352.814511523415
MAUI ,1,1996,Total,185330.70569172502
MAUI ,7,1996,Domestic,151863.1071238406
MAUI ,7,1996,International,80798.94461279658
MAUI ,7,1996,Total,232662.0517366372
MAUI ,6,1996,Domestic,160125.22303348707
MAUI ,6,1996,International,29149.020235106673
MAUI ,6,1996,Total,189274.24326859374
MAUI ,3,1996,Domestic,154007.87003030762
MAUI ,3,1996,International,43874.89865713826
MAUI ,3,1996,Total,197882.76868744587
MAUI ,5,1996,Domestic,135142.2413764197
MAUI ,5,1996,International,40327.877499756614
MAUI ,5,1996,Total,175470.1188761763
MAUI ,11,1996,Domestic,127877.14151624811
MAUI ,11,1996,International,47300.002584156224
MAUI ,11,1996,Total,175177.14410040434
MAUI ,10,1996,Domestic,130340.95406567576
MAUI ,10,1996,International,37187.67985982719
MAUI ,10,1996,Total,167528.63392550295
MAUI ,9,1996,Domestic,122850.26765192233
MAUI ,9,1996,International,44633.269820626854
MAUI ,9,1996,Total,167483.5374725492
MAUI ,4,1997,Domestic,148269.29890413885
MAUI ,4,1997,International,40804.64920058406
MAUI ,4,1997,Total,189073.94810472292
MAUI ,8,1997,Domestic,163608.50620520537
MAUI ,8,1997,International,43946.40594188702
MAUI ,8,1997,Total,207554.9121470924
MAUI ,12,1997,Domestic,128247.94681695102
MAUI ,12,1997,International,49248.77450170783
MAUI ,12,1997,Total,177496.72131865885
MAUI ,2,1997,Domestic,132964.35164492545
MAUI ,2,1997,International,52037.17494827332
MAUI ,2,1997,Total,185001.52659319877
MAUI ,1,1997,Domestic,128493.7496856794
MAUI ,1,1997,International,50289.10701400955
MAUI ,1,1997,Total,178782.85669968894
MAUI ,7,1997,Domestic,166063.67893571273
MAUI ,7,1997,International,56152.75018094314
MAUI ,7,1997,Total,222216.42911665587
MAUI ,6,1997,Domestic,158293.15871481053
MAUI ,6,1997,International,34401.22856709914
MAUI ,6,1997,Total,192694.38728190967
MAUI ,3,1997,Domestic,161528.55809978393
MAUI ,3,1997,International,51898.44284093801
MAUI ,3,1997,Total,213427.00094072195
MAUI ,5,1997,Domestic,129346.48748486424
MAUI ,5,1997,International,36406.36545234339
MAUI ,5,1997,Total,165752.85293720762
MAUI ,11,1997,Domestic,133214.2585680399
MAUI ,11,1997,International,43571.004818408306
MAUI ,11,1997,Total,176785.2633864482
MAUI ,10,1997,Domestic,148667.1371013131
MAUI ,10,1997,International,40466.84368568412
MAUI ,10,1997,Total,189133.9807869972
MAUI ,9,1997,Domestic,135541.37938578165
MAUI ,9,1997,International,27459.410850482815
MAUI ,9,1997,Total,163000.79023626447
MAUI ,4,1998,Domestic,159197.35087215848
MAUI ,4,1998,International,40900.732613145374
MAUI ,4,1998,Total,200098.08348530385
MAUI ,8,1998,Domestic,156723.57408673695
MAUI ,8,1998,International,44192.31557656225
MAUI ,8,1998,Total,200915.8896632992
MAUI ,12,1998,Domestic,127234.64998715198
MAUI ,12,1998,International,56592.22718360349
MAUI ,12,1998,Total,183826.87717075547
MAUI ,2,1998,Domestic,136929.05284006338
MAUI ,2,1998,International,51010.45380654275
MAUI ,2,1998,Total,187939.50664660614
MAUI ,1,1998,Domestic,128032.65924173011
MAUI ,1,1998,International,48871.0830575211
MAUI ,1,1998,Total,176903.7422992512
MAUI ,7,1998,Domestic,161950.19129677865
MAUI ,7,1998,International,42238.00654709874
MAUI ,7,1998,Total,204188.1978438774
MAUI ,6,1998,Domestic,158916.68056123317
MAUI ,6,1998,International,32802.48083071958
MAUI ,6,1998,Total,191719.16139195274
MAUI ,3,1998,Domestic,156128.3553877339
MAUI ,3,1998,International,48077.88077140829
MAUI ,3,1998,Total,204206.2361591422
MAUI ,5,1998,Domestic,141906.169926873
MAUI ,5,1998,International,38343.49359581392
MAUI ,5,1998,Total,180249.66352268693
MAUI ,11,1998,Domestic,125874.74990260694
MAUI ,11,1998,International,44190.559538872716
MAUI ,11,1998,Total,170065.30944147965
MAUI ,10,1998,Domestic,145953.35371077032
MAUI ,10,1998,International,36438.420283177766
MAUI ,10,1998,Total,182391.77399394807
MAUI ,9,1998,Domestic,126286.73121804667
MAUI ,9,1998,International,35120.85095818447
MAUI ,9,1998,Total,161407.58217623114
MAUI ,4,1999,Domestic,150269.6425469517
MAUI ,4,1999,International,37592.9715248353
MAUI ,4,1999,Total,187862.61407178701
MAUI ,8,1999,Domestic,171879.60458805575
MAUI ,8,1999,International,40093.74892464391
MAUI ,8,1999,Total,211973.35351269966
MAUI ,12,1999,Domestic,118700.83511681898
MAUI ,12,1999,International,42963.28678733461
MAUI ,12,1999,Total,161664.1219041536
MAUI ,2,1999,Domestic,145908.38978891345
MAUI ,2,1999,International,49706.95686830342
MAUI ,2,1999,Total,195615.34665721687
MAUI ,1,1999,Domestic,135097.62714289894
MAUI ,1,1999,International,44775.775058516665
MAUI ,1,1999,Total,179873.40220141562
MAUI ,7,1999,Domestic,182404.98735697917
MAUI ,7,1999,International,38076.398241815295
MAUI ,7,1999,Total,220481.38559879447
MAUI ,6,1999,Domestic,166209.5125467395
MAUI ,6,1999,International,31883.458929879558
MAUI ,6,1999,Total,198092.97147661907
MAUI ,3,1999,Domestic,167083.614772898
MAUI ,3,1999,International,44268.901870542206
MAUI ,3,1999,Total,211352.5166434402
MAUI ,5,1999,Domestic,142431.75283429024
MAUI ,5,1999,International,34817.28879126565
MAUI ,5,1999,Total,177249.0416255559
MAUI ,11,1999,Domestic,137058.74441564924
MAUI ,11,1999,International,37321.33708801991
MAUI ,11,1999,Total,174380.08150366915
MAUI ,10,1999,Domestic,164502.76622132031
MAUI ,10,1999,International,32942.0361695473
MAUI ,10,1999,Total,197444.8023908676
MAUI ,9,1999,Domestic,131940.05301560246
MAUI ,9,1999,International,31003.760023884573
MAUI ,9,1999,Total,162943.81303948702
MAUI ,4,2000,Domestic,159163.77759220477
MAUI ,4,2000,International,33884.85289237654
MAUI ,4,2000,Total,193048.6304845813
MAUI ,8,2000,Domestic,162274.0
MAUI ,8,2000,International,40257.632515152145
MAUI ,8,2000,Total,202531.63251515216
MAUI ,12,2000,Domestic,130107.0
MAUI ,12,2000,International,44895.70017908787
MAUI ,12,2000,Total,175002.70017908787
MAUI ,2,2000,Domestic,143963.73642535385
MAUI ,2,2000,International,47224.148123612795
MAUI ,2,2000,Total,191187.88454896666
MAUI ,1,2000,Domestic,118044.0
MAUI ,1,2000,International,39513.06524926535
MAUI ,1,2000,Total,157557.06524926535
MAUI ,7,2000,Domestic,175156.0
MAUI ,7,2000,International,34416.60318588801
MAUI ,7,2000,Total,209572.603185888
MAUI ,6,2000,Domestic,171703.45233024302
MAUI ,6,2000,International,33651.1279699293
MAUI ,6,2000,Total,205354.58030017233
MAUI ,3,2000,Domestic,166265.77759476815
MAUI ,3,2000,International,41340.22548662641
MAUI ,3,2000,Total,207606.00308139456
MAUI ,5,2000,Domestic,147758.78237647953
MAUI ,5,2000,International,33621.22697925697
MAUI ,5,2000,Total,181380.0093557365
MAUI ,11,2000,Domestic,131589.0
MAUI ,11,2000,International,38027.247410691736
MAUI ,11,2000,Total,169616.24741069175
MAUI ,10,2000,Domestic,146589.0
MAUI ,10,2000,International,36126.94047511154
MAUI ,10,2000,Total,182715.94047511154
MAUI ,9,2000,Domestic,131205.0
MAUI ,9,2000,International,39474.342371202954
MAUI ,9,2000,Total,170679.34237120295
MAUI ,4,2001,Domestic,149516.0
MAUI ,4,2001,International,39740.074680641155
MAUI ,4,2001,Total,189256.07468064115
MAUI ,8,2001,Domestic,162198.0
MAUI ,8,2001,International,41864.24904610125
MAUI ,8,2001,Total,204062.24904610123
MAUI ,12,2001,Domestic,119787.0
MAUI ,12,2001,International,25888.19655294659
MAUI ,12,2001,Total,145675.19655294658
MAUI ,2,2001,Domestic,132710.0
MAUI ,2,2001,International,44451.146028167255
MAUI ,2,2001,Total,177161.14602816725
MAUI ,1,2001,Domestic,125803.0
MAUI ,1,2001,International,51328.81946335295
MAUI ,1,2001,Total,177131.81946335296
MAUI ,7,2001,Domestic,172917.8
MAUI ,7,2001,International,38645.67454016755
MAUI ,7,2001,Total,211563.47454016755
MAUI ,6,2001,Domestic,163837.6
MAUI ,6,2001,International,34617.00043419942
MAUI ,6,2001,Total,198454.60043419944
MAUI ,3,2001,Domestic,157765.0
MAUI ,3,2001,International,41908.84572880427
MAUI ,3,2001,Total,199673.84572880427
MAUI ,5,2001,Domestic,135258.0
MAUI ,5,2001,International,31350.11820500933
MAUI ,5,2001,Total,166608.11820500932
MAUI ,11,2001,Domestic,112268.0
MAUI ,11,2001,International,26134.256977024037
MAUI ,11,2001,Total,138402.25697702402
MAUI ,10,2001,Domestic,112018.0
MAUI ,10,2001,International,16842.59455412493
MAUI ,10,2001,Total,128860.59455412492
MAUI ,9,2001,Domestic,96882.0
MAUI ,9,2001,International,15035.390977932897
MAUI ,9,2001,Total,111917.3909779329
MAUI ,4,2002,Domestic,128031.68163634627
MAUI ,4,2002,International,23563.749928649337
MAUI ,4,2002,Total,151595.4315649956
MAUI ,8,2002,Domestic,172333.81811575117
MAUI ,8,2002,International,30372.668564437965
MAUI ,8,2002,Total,202706.48668018915
MAUI ,12,2002,Domestic,136269.91536196865
MAUI ,12,2002,International,36047.31307154429
MAUI ,12,2002,Total,172317.22843351294
MAUI ,2,2002,Domestic,132069.4430890357
MAUI ,2,2002,International,34837.72448760086
MAUI ,2,2002,Total,166907.16757663654
MAUI ,1,2002,Domestic,117391.80878202742
MAUI ,1,2002,International,30196.0
MAUI ,1,2002,Total,147587.80878202742
MAUI ,7,2002,Domestic,182539.1653700418
MAUI ,7,2002,International,30301.304015998307
MAUI ,7,2002,Total,212840.46938604012
MAUI ,6,2002,Domestic,171739.96159095716
MAUI ,6,2002,International,24282.929936255845
MAUI ,6,2002,Total,196022.891527213
MAUI ,3,2002,Domestic,153001.6283259939
MAUI ,3,2002,International,33444.819674483835
MAUI ,3,2002,Total,186446.44800047774
MAUI ,5,2002,Domestic,140646.906589265
MAUI ,5,2002,International,22092.226347823198
MAUI ,5,2002,Total,162739.1329370882
MAUI ,11,2002,Domestic,126661.41839021923
MAUI ,11,2002,International,33919.23206544882
MAUI ,11,2002,Total,160580.65045566804
MAUI ,10,2002,Domestic,140955.9486065985
MAUI ,10,2002,International,24192.589946823162
MAUI ,10,2002,Total,165148.53855342168
MAUI ,9,2002,Domestic,123409.07472389094
MAUI ,9,2002,International,24750.143242719038
MAUI ,9,2002,Total,148159.21796660998
MAUI ,4,2003,Domestic,160385.45348319696
MAUI ,4,2003,International,18909.849368631763
MAUI ,4,2003,Total,179295.30285182872
MAUI ,8,2003,Domestic,182509.79387592204
MAUI ,8,2003,International,23369.23748148177
MAUI ,8,2003,Total,205879.03135740382
MAUI ,12,2003,Domestic,149911.10340111973
MAUI ,12,2003,International,27160.742280635262
MAUI ,12,2003,Total,177071.845681755
MAUI ,2,2003,Domestic,136661.45308923855
MAUI ,2,2003,International,33970.05090235511
MAUI ,2,2003,Total,170631.50399159366
MAUI ,1,2003,Domestic,133721.26475143313
MAUI ,1,2003,International,35572.2137311119
MAUI ,1,2003,Total,169293.47848254503
MAUI ,7,2003,Domestic,197018.7394832262
MAUI ,7,2003,International,18334.501497896355
MAUI ,7,2003,Total,215353.24098112257
MAUI ,6,2003,Domestic,179075.70313176845
MAUI ,6,2003,International,14149.621855841457
MAUI ,6,2003,Total,193225.3249876099
MAUI ,3,2003,Domestic,157749.66611781015
MAUI ,3,2003,International,22809.0857645344
MAUI ,3,2003,Total,180558.75188234454
MAUI ,5,2003,Domestic,152532.117479571
MAUI ,5,2003,International,17730.24497802419
MAUI ,5,2003,Total,170262.36245759518
MAUI ,11,2003,Domestic,133783.27712169278
MAUI ,11,2003,International,21809.16158926012
MAUI ,11,2003,Total,155592.4387109529
MAUI ,10,2003,Domestic,144249.37461613925
MAUI ,10,2003,International,19867.7528979074
MAUI ,10,2003,Total,164117.12751404665
MAUI ,9,2003,Domestic,124546.40337780179
MAUI ,9,2003,International,19594.46237112639
MAUI ,9,2003,Total,144140.8657489282
MAUI ,4,2004,Domestic,159343.28389715118
MAUI ,4,2004,International,16742.214693547183
MAUI ,4,2004,Total,176085.49859069835
MAUI ,8,2004,Domestic,180339.24212447234
MAUI ,8,2004,International,25116.14282655385
MAUI ,8,2004,Total,205455.38495102618
MAUI ,12,2004,Domestic,154665.66181898786
MAUI ,12,2004,International,22404.396140315668
MAUI ,12,2004,Total,177070.05795930352
MAUI ,2,2004,Domestic,142156.3281635072
MAUI ,2,2004,International,24271.155420546376
MAUI ,2,2004,Total,166427.48358405358
MAUI ,1,2004,Domestic,137987.9283507574
MAUI ,1,2004,International,29255.374530148874
MAUI ,1,2004,Total,167243.30288090627
MAUI ,7,2004,Domestic,204286.12707122817
MAUI ,7,2004,International,22180.308248788246
MAUI ,7,2004,Total,226466.4353200164
MAUI ,6,2004,Domestic,168716.33173315637
MAUI ,6,2004,International,16826.019311708358
MAUI ,6,2004,Total,185542.35104486474
MAUI ,3,2004,Domestic,161199.18654312586
MAUI ,3,2004,International,29794.55081859418
MAUI ,3,2004,Total,190993.73736172004
MAUI ,5,2004,Domestic,154487.91874026752
MAUI ,5,2004,International,20470.1733470228
MAUI ,5,2004,Total,174958.0920872903
MAUI ,11,2004,Domestic,140602.04853137507
MAUI ,11,2004,International,17378.23531679951
MAUI ,11,2004,Total,157980.2838481746
MAUI ,10,2004,Domestic,156353.89482766032
MAUI ,10,2004,International,17884.107563555546
MAUI ,10,2004,Total,174238.00239121588
MAUI ,9,2004,Domestic,135444.0145524878
MAUI ,9,2004,International,17655.924940566554
MAUI ,9,2004,Total,153099.93949305435
MAUI ,4,2005,Domestic,152716.64365870124
MAUI ,4,2005,International,19576.694063086914
MAUI ,4,2005,Total,172293.33772178815
MAUI ,8,2005,Domestic,195783.25531824716
MAUI ,8,2005,International,24290.40018811564
MAUI ,8,2005,Total,220073.6555063628
MAUI ,12,2005,Domestic,166342.06538968318
MAUI ,12,2005,International,22650.98357870702
MAUI ,12,2005,Total,188993.0489683902
MAUI ,2,2005,Domestic,154386.82147811024
MAUI ,2,2005,International,24964.592044113004
MAUI ,2,2005,Total,179351.41352222324
MAUI ,1,2005,Domestic,148949.51585376472
MAUI ,1,2005,International,25344.74725273681
MAUI ,1,2005,Total,174294.26310650154
MAUI ,7,2005,Domestic,217245.19314483827
MAUI ,7,2005,International,18147.54638483777
MAUI ,7,2005,Total,235392.73952967604
MAUI ,6,2005,Domestic,179161.71061637547
MAUI ,6,2005,International,18730.55482062855
MAUI ,6,2005,Total,197892.265437004
MAUI ,3,2005,Domestic,189036.62097831612
MAUI ,3,2005,International,23974.707712212636
MAUI ,3,2005,Total,213011.32869052875
MAUI ,5,2005,Domestic,160967.3986611161
MAUI ,5,2005,International,15829.08600206213
MAUI ,5,2005,Total,176796.48466317824
MAUI ,11,2005,Domestic,156871.33611282965
MAUI ,11,2005,International,18549.78995716483
MAUI ,11,2005,Total,175421.12606999447
MAUI ,10,2005,Domestic,168147.78546642244
MAUI ,10,2005,International,25518.609922816657
MAUI ,10,2005,Total,193666.3953892391
MAUI ,9,2005,Domestic,151246.27497070958
MAUI ,9,2005,International,16264.931659590016
MAUI ,9,2005,Total,167511.2066302996
MAUI ,4,2006,Domestic,173709.3843188868
MAUI ,4,2006,International,19312.018169024686
MAUI ,4,2006,Total,193021.4024879115
MAUI ,8,2006,Domestic,200529.22828314372
MAUI ,8,2006,International,21245.648222641667
MAUI ,8,2006,Total,221774.8765057854
MAUI ,12,2006,Domestic,186290.49158679333
MAUI ,12,2006,International,29226.336915547134
MAUI ,12,2006,Total,215516.82850234048
MAUI ,2,2006,Domestic,160881.8420357623
MAUI ,2,2006,International,28838.3990790655
MAUI ,2,2006,Total,189720.2411148278
MAUI ,1,2006,Domestic,162461.94885760618
MAUI ,1,2006,International,31103.50834359458
MAUI ,1,2006,Total,193565.45720120077
MAUI ,7,2006,Domestic,226045.47378202394
MAUI ,7,2006,International,19077.652297271983
MAUI ,7,2006,Total,245123.12607929594
MAUI ,6,2006,Domestic,209991.06636142958
MAUI ,6,2006,International,28970.522328874238
MAUI ,6,2006,Total,238961.58869030382
MAUI ,3,2006,Domestic,180232.31005450684
MAUI ,3,2006,International,27184.77004708252
MAUI ,3,2006,Total,207417.08010158935
MAUI ,5,2006,Domestic,163259.51973019377
MAUI ,5,2006,International,18002.43610087399
MAUI ,5,2006,Total,181261.95583106775
MAUI ,11,2006,Domestic,159793.52305185742
MAUI ,11,2006,International,22521.888546049668
MAUI ,11,2006,Total,182315.41159790708
MAUI ,10,2006,Domestic,172256.24010098344
MAUI ,10,2006,International,25120.42265539438
MAUI ,10,2006,Total,197376.66275637783
MAUI ,9,2006,Domestic,158352.95663225593
MAUI ,9,2006,International,22182.568465529555
MAUI ,9,2006,Total,180535.5250977855
MAUI ,4,2007,Domestic,173911.9900715601
MAUI ,4,2007,International,23556.368395496895
MAUI ,4,2007,Total,197468.358467057
MAUI ,8,2007,Domestic,207818.69498723853
MAUI ,8,2007,International,24129.762155457607
MAUI ,8,2007,Total,231948.45714269613
MAUI ,12,2007,Domestic,177743.30870699536
MAUI ,12,2007,International,30855.550667938838
MAUI ,12,2007,Total,208598.8593749342
MAUI ,2,2007,Domestic,162300.1503768491
MAUI ,2,2007,International,29869.39018797631
MAUI ,2,2007,Total,192169.5405648254
MAUI ,1,2007,Domestic,158562.10336354686
MAUI ,1,2007,International,31341.933336144728
MAUI ,1,2007,Total,189904.03669969158
MAUI ,7,2007,Domestic,221216.3360078899
MAUI ,7,2007,International,21114.889848241506
MAUI ,7,2007,Total,242331.2258561314
MAUI ,6,2007,Domestic,212392.55964509695
MAUI ,6,2007,International,24498.553787574434
MAUI ,6,2007,Total,236891.11343267138
MAUI ,3,2007,Domestic,193247.32460910128
MAUI ,3,2007,International,29233.603111429493
MAUI ,3,2007,Total,222480.92772053077
MAUI ,5,2007,Domestic,177841.51687253502
MAUI ,5,2007,International,15939.569362244296
MAUI ,5,2007,Total,193781.08623477933
MAUI ,11,2007,Domestic,158584.33897733464
MAUI ,11,2007,International,21156.99640012655
MAUI ,11,2007,Total,179741.3353774612
MAUI ,10,2007,Domestic,167979.93516448548
MAUI ,10,2007,International,18169.932170058444
MAUI ,10,2007,Total,186149.86733454393
MAUI ,9,2007,Domestic,161083.4232840051
MAUI ,9,2007,International,21046.032913123305
MAUI ,9,2007,Total,182129.45619712843
MAUI ,4,2008,Domestic,148267.0
MAUI ,4,2008,International,21662.0
MAUI ,4,2008,Total,169929.0
MAUI ,8,2008,Domestic,159602.0
MAUI ,8,2008,International,21577.0
MAUI ,8,2008,Total,181179.0
MAUI ,12,2008,Domestic,136745.0
MAUI ,12,2008,International,30672.0
MAUI ,12,2008,Total,167417.0
MAUI ,2,2008,Domestic,160658.0
MAUI ,2,2008,International,30098.0
MAUI ,2,2008,Total,190756.0
MAUI ,1,2008,Domestic,160153.0
MAUI ,1,2008,International,29422.0
MAUI ,1,2008,Total,189575.0
MAUI ,7,2008,Domestic,170926.0
MAUI ,7,2008,International,17588.0
MAUI ,7,2008,Total,188514.0
MAUI ,6,2008,Domestic,165557.0
MAUI ,6,2008,International,18850.0
MAUI ,6,2008,Total,184407.0
MAUI ,3,2008,Domestic,184889.0
MAUI ,3,2008,International,26114.0
MAUI ,3,2008,Total,211003.0
MAUI ,5,2008,Domestic,147922.0
MAUI ,5,2008,International,19909.0
MAUI ,5,2008,Total,167831.0
MAUI ,11,2008,Domestic,124548.0
MAUI ,11,2008,International,19188.0
MAUI ,11,2008,Total,143736.0
MAUI ,10,2008,Domestic,130462.0
MAUI ,10,2008,International,18399.0
MAUI ,10,2008,Total,148861.0
MAUI ,9,2008,Domestic,115260.0
MAUI ,9,2008,International,17333.0
MAUI ,9,2008,Total,132593.0
MAUI ,4,2009,Domestic,134259.20582893532
MAUI ,4,2009,International,22155.709221318073
MAUI ,4,2009,Total,156414.9150502534
MAUI ,8,2009,Domestic,160243.0263056722
MAUI ,8,2009,International,16447.389155690977
MAUI ,8,2009,Total,176690.41546136315
MAUI ,12,2009,Domestic,136888.1319083845
MAUI ,12,2009,International,28569.715115758256
MAUI ,12,2009,Total,165457.84702414274
MAUI ,2,2009,Domestic,129348.02450207331
MAUI ,2,2009,International,22946.069030390758
MAUI ,2,2009,Total,152294.09353246406
MAUI ,1,2009,Domestic,126646.44238516947
MAUI ,1,2009,International,28650.11511764773
MAUI ,1,2009,Total,155296.5575028172
MAUI ,7,2009,Domestic,173803.2889101724
MAUI ,7,2009,International,15843.005103156218
MAUI ,7,2009,Total,189646.29401332862
MAUI ,6,2009,Domestic,162501.92597779297
MAUI ,6,2009,International,13855.740761977422
MAUI ,6,2009,Total,176357.6667397704
MAUI ,3,2009,Domestic,133508.55639989386
MAUI ,3,2009,International,25202.680313765843
MAUI ,3,2009,Total,158711.23671365972
MAUI ,5,2009,Domestic,129868.76116510673
MAUI ,5,2009,International,15530.03812320093
MAUI ,5,2009,Total,145398.79928830767
MAUI ,11,2009,Domestic,117433.56758117022
MAUI ,11,2009,International,21075.66233124615
MAUI ,11,2009,Total,138509.22991241637
MAUI ,10,2009,Domestic,127450.8778352702
MAUI ,10,2009,International,15335.212678310327
MAUI ,10,2009,Total,142786.09051358054
MAUI ,9,2009,Domestic,120017.95856697267
MAUI ,9,2009,International,14815.273091671992
MAUI ,9,2009,Total,134833.23165864465
MAUI ,4,2010,Domestic,137613.0227019742
MAUI ,4,2010,International,25038.097992432788
MAUI ,4,2010,Total,162651.120694407
MAUI ,8,2010,Domestic,169768.3568552255
MAUI ,8,2010,International,18633.536172082473
MAUI ,8,2010,Total,188401.89302730796
MAUI ,12,2010,Domestic,154533.73046969905
MAUI ,12,2010,International,30980.986604278984
MAUI ,12,2010,Total,185514.71707397804
MAUI ,2,2010,Domestic,131755.06612616108
MAUI ,2,2010,International,30881.334238894764
MAUI ,2,2010,Total,162636.40036505583
MAUI ,1,2010,Domestic,127283.27658308407
MAUI ,1,2010,International,31679.4174540432
MAUI ,1,2010,Total,158962.69403712725
MAUI ,7,2010,Domestic,190675.49872661525
MAUI ,7,2010,International,19828.652104407352
MAUI ,7,2010,Total,210504.1508310226
MAUI ,6,2010,Domestic,168627.01704459978
MAUI ,6,2010,International,14742.952312290668
MAUI ,6,2010,Total,183369.96935689045
MAUI ,3,2010,Domestic,149440.35813861675
MAUI ,3,2010,International,31896.573545898293
MAUI ,3,2010,Total,181336.93168451503
MAUI ,5,2010,Domestic,139699.09350233787
MAUI ,5,2010,International,21742.105050695143
MAUI ,5,2010,Total,161441.198553033
MAUI ,11,2010,Domestic,136283.8576708487
MAUI ,11,2010,International,25868.631634879686
MAUI ,11,2010,Total,162152.48930572838
MAUI ,10,2010,Domestic,150880.03642769365
MAUI ,10,2010,International,20395.161015883794
MAUI ,10,2010,Total,171275.19744357743
MAUI ,9,2010,Domestic,134028.65484817486
MAUI ,9,2010,International,18127.68862485669
MAUI ,9,2010,Total,152156.34347303156
MAUI ,4,2011,Domestic,148885.64328072086
MAUI ,4,2011,International,30384.41199232411
MAUI ,4,2011,Total,179270.05527304497
MAUI ,8,2011,Domestic,161301.08531111028
MAUI ,8,2011,International,24050.95835236764
MAUI ,8,2011,Total,185352.04366347793
MAUI ,12,2011,Domestic,155294.61520102888
MAUI ,12,2011,International,40220.47391863229
MAUI ,12,2011,Total,195515.08911966116
MAUI ,2,2011,Domestic,143787.09222174424
MAUI ,2,2011,International,33644.373596603444
MAUI ,2,2011,Total,177431.4658183477
MAUI ,1,2011,Domestic,141980.27571211683
MAUI ,1,2011,International,32943.84475938341
MAUI ,1,2011,Total,174924.12047150024
MAUI ,7,2011,Domestic,186095.43441665216
MAUI ,7,2011,International,22758.156060063666
MAUI ,7,2011,Total,208853.59047671582
MAUI ,6,2011,Domestic,169857.03124567927
MAUI ,6,2011,International,19873.640812478592
MAUI ,6,2011,Total,189730.67205815786
MAUI ,3,2011,Domestic,163018.43950347797
MAUI ,3,2011,International,39773.049971545144
MAUI ,3,2011,Total,202791.48947502312
MAUI ,5,2011,Domestic,142223.54545031968
MAUI ,5,2011,International,19838.370238007017
MAUI ,5,2011,Total,162061.9156883267
MAUI ,11,2011,Domestic,139055.3005057529
MAUI ,11,2011,International,27511.35371622674
MAUI ,11,2011,Total,166566.65422197964
MAUI ,10,2011,Domestic,145261.15399119482
MAUI ,10,2011,International,22781.99522930815
MAUI ,10,2011,Total,168043.14922050296
MAUI ,9,2011,Domestic,134328.22594250104
MAUI ,9,2011,International,23618.858488505015
MAUI ,9,2011,Total,157947.08443100605
MAUI ,4,2012,Domestic,152916.36821009385
MAUI ,4,2012,International,33694.26584267038
MAUI ,4,2012,Total,186610.63405276422
MAUI ,8,2012,Domestic,178016.5487188094
MAUI ,8,2012,International,26652.706985926317
MAUI ,8,2012,Total,204669.25570473573
MAUI ,12,2012,Domestic,167968.239816459
MAUI ,12,2012,International,42466.049270602176
MAUI ,12,2012,Total,210434.2890870612
MAUI ,2,2012,Domestic,144419.58740249436
MAUI ,2,2012,International,40800.53569584694
MAUI ,2,2012,Total,185220.1230983413
MAUI ,1,2012,Domestic,146289.64795332114
MAUI ,1,2012,International,44034.168587228174
MAUI ,1,2012,Total,190323.8165405493
MAUI ,7,2012,Domestic,188180.742579834
MAUI ,7,2012,International,25519.583231641165
MAUI ,7,2012,Total,213700.32581147517
MAUI ,6,2012,Domestic,177586.11614763018
MAUI ,6,2012,International,29360.498964422983
MAUI ,6,2012,Total,206946.61511205317
MAUI ,3,2012,Domestic,168376.76115590287
MAUI ,3,2012,International,46755.332743202234
MAUI ,3,2012,Total,215132.0938991051
MAUI ,5,2012,Domestic,150719.13350040888
MAUI ,5,2012,International,21397.595678994803
MAUI ,5,2012,Total,172116.7291794037
MAUI ,11,2012,Domestic,152005.34720867543
MAUI ,11,2012,International,30437.463494621406
MAUI ,11,2012,Total,182442.81070329685
MAUI ,10,2012,Domestic,152906.74430639762
MAUI ,10,2012,International,25523.309589288423
MAUI ,10,2012,Total,178430.05389568605
MAUI ,9,2012,Domestic,135321.05462201894
MAUI ,9,2012,International,27846.01959944675
MAUI ,9,2012,Total,163167.07422146568
MAUI ,4,2013,Domestic,155259.14612789563
MAUI ,4,2013,International,34148.52558226967
MAUI ,4,2013,Total,189407.6717101653
MAUI ,8,2013,Domestic,177068.953444728
MAUI ,8,2013,International,31331.749414800193
MAUI ,8,2013,Total,208400.7028595282
MAUI ,12,2013,Domestic,165210.18423754643
MAUI ,12,2013,International,45932.16408492294
MAUI ,12,2013,Total,211142.34832246936
MAUI ,2,2013,Domestic,146176.56768878867
MAUI ,2,2013,International,44575.84838252583
MAUI ,2,2013,Total,190752.41607131448
MAUI ,1,2013,Domestic,151351.26232470482
MAUI ,1,2013,International,47470.332781707475
MAUI ,1,2013,Total,198821.5951064123
MAUI ,7,2013,Domestic,193462.02091463655
MAUI ,7,2013,International,31812.06684092544
MAUI ,7,2013,Total,225274.08775556198
MAUI ,6,2013,Domestic,183990.53267749387
MAUI ,6,2013,International,27897.065383459416
MAUI ,6,2013,Total,211887.59806095329
MAUI ,3,2013,Domestic,171291.13410516066
MAUI ,3,2013,International,46529.000351346665
MAUI ,3,2013,Total,217820.13445650734
MAUI ,5,2013,Domestic,155372.628643041
MAUI ,5,2013,International,26817.645239027846
MAUI ,5,2013,Total,182190.27388206887
MAUI ,11,2013,Domestic,145167.6637005055
MAUI ,11,2013,International,35706.71949737032
MAUI ,11,2013,Total,180874.38319787584
MAUI ,10,2013,Domestic,144663.8426178758
MAUI ,10,2013,International,31566.74300468643
MAUI ,10,2013,Total,176230.58562256224
MAUI ,9,2013,Domestic,132348.53976662547
MAUI ,9,2013,International,33633.20128618884
MAUI ,9,2013,Total,165981.74105281432
MAUI ,4,2014,Domestic,157364.67373241912
MAUI ,4,2014,International,42009.542342034525
MAUI ,4,2014,Total,199374.21607445364
MAUI ,8,2014,Domestic,176964.41655297554
MAUI ,8,2014,International,27921.79832090058
MAUI ,8,2014,Total,204886.21487387613
MAUI ,12,2014,Domestic,175937.14017163316
MAUI ,12,2014,International,52250.2895324822
MAUI ,12,2014,Total,228187.42970411538
MAUI ,2,2014,Domestic,145682.24082098118
MAUI ,2,2014,International,46076.01594901363
MAUI ,2,2014,Total,191758.2567699948
MAUI ,1,2014,Domestic,151248.08982854968
MAUI ,1,2014,International,49393.67688778299
MAUI ,1,2014,Total,200641.76671633267
MAUI ,7,2014,Domestic,199417.3183038717
MAUI ,7,2014,International,27810.317668608157
MAUI ,7,2014,Total,227227.63597247985
MAUI ,6,2014,Domestic,184123.2279398546
MAUI ,6,2014,International,24511.38367136146
MAUI ,6,2014,Total,208634.61161121607
MAUI ,3,2014,Domestic,170945.0733590244
MAUI ,3,2014,International,45616.83636539213
MAUI ,3,2014,Total,216561.90972441653
MAUI ,5,2014,Domestic,162981.93114033883
MAUI ,5,2014,International,27858.680673864303
MAUI ,5,2014,Total,190840.61181420312
MAUI ,11,2014,Domestic,151879.94259368314
MAUI ,11,2014,International,36719.24881860712
MAUI ,11,2014,Total,188599.19141229027
MAUI ,10,2014,Domestic,157628.70990763107
MAUI ,10,2014,International,31761.25211904607
MAUI ,10,2014,Total,189389.96202667715
MAUI ,9,2014,Domestic,143544.8457648923
MAUI ,9,2014,International,27770.83621863245
MAUI ,9,2014,Total,171315.68198352473
MAUI ,4,2015,Domestic,166580.48917867153
MAUI ,4,2015,International,36501.770432959296
MAUI ,4,2015,Total,203082.2596116308
MAUI ,8,2015,Domestic,182673.6161416786
MAUI ,8,2015,International,33591.802147957955
MAUI ,8,2015,Total,216265.41828963655
MAUI ,12,2015,Domestic,182491.64983936428
MAUI ,12,2015,International,50080.851382786
MAUI ,12,2015,Total,232572.50122215028
MAUI ,2,2015,Domestic,153182.3315886605
MAUI ,2,2015,International,44649.556315504095
MAUI ,2,2015,Total,197831.8879041646
MAUI ,1,2015,Domestic,159066.0006142133
MAUI ,1,2015,International,53911.317752056784
MAUI ,1,2015,Total,212977.31836627008
MAUI ,7,2015,Domestic,209067.42151473853
MAUI ,7,2015,International,34640.92858498713
MAUI ,7,2015,Total,243708.35009972565
MAUI ,6,2015,Domestic,203803.28527210053
MAUI ,6,2015,International,28493.765639307803
MAUI ,6,2015,Total,232297.05091140833
MAUI ,3,2015,Domestic,183414.46238509833
MAUI ,3,2015,International,48377.703072780314
MAUI ,3,2015,Total,231792.16545787864
MAUI ,5,2015,Domestic,177419.39839021486
MAUI ,5,2015,International,29074.940218303695
MAUI ,5,2015,Total,206494.33860851856
MAUI ,11,2015,Domestic,154217.5684824974
MAUI ,11,2015,International,40667.85969045088
MAUI ,11,2015,Total,194885.42817294828
MAUI ,10,2015,Domestic,162576.71150950613
MAUI ,10,2015,International,28525.62578076069
MAUI ,10,2015,Total,191102.33729026682
MAUI ,9,2015,Domestic,149505.80377975418
MAUI ,9,2015,International,27646.77552704737
MAUI ,9,2015,Total,177152.57930680155
MAUI ,4,2016,Domestic,172953.79553002425
MAUI ,4,2016,International,38708.7717599449
MAUI ,4,2016,Total,211662.56728996916
MAUI ,8,2016,Domestic,190410.5489181533
MAUI ,8,2016,International,35779.02337246819
MAUI ,8,2016,Total,226189.5722906215
MAUI ,12,2016,Domestic,194285.35440288705
MAUI ,12,2016,International,45088.659927750785
MAUI ,12,2016,Total,239374.01433063784
MAUI ,2,2016,Domestic,156363.87669551407
MAUI ,2,2016,International,49043.25336324671
MAUI ,2,2016,Total,205407.13005876078
MAUI ,1,2016,Domestic,161389.69782414628
MAUI ,1,2016,International,54357.56964699647
MAUI ,1,2016,Total,215747.26747114275
MAUI ,7,2016,Domestic,219884.0227666895
MAUI ,7,2016,International,34844.3528546593
MAUI ,7,2016,Total,254728.3756213488
MAUI ,6,2016,Domestic,208750.7404510126
MAUI ,6,2016,International,29896.911096627206
MAUI ,6,2016,Total,238647.6515476398
MAUI ,3,2016,Domestic,188472.3231947626
MAUI ,3,2016,International,43902.849857071036
MAUI ,3,2016,Total,232375.17305183364
MAUI ,5,2016,Domestic,181858.97145271115
MAUI ,5,2016,International,30275.63385193632
MAUI ,5,2016,Total,212134.60530464747
MAUI ,11,2016,Domestic,162365.97260615847
MAUI ,11,2016,International,34580.048934351005
MAUI ,11,2016,Total,196946.02154050948
MAUI ,10,2016,Domestic,172865.9660481558
MAUI ,10,2016,International,33641.19415077405
MAUI ,10,2016,Total,206507.16019892984
MAUI ,9,2016,Domestic,162312.85503235762
MAUI ,9,2016,International,32204.49532508604
MAUI ,9,2016,Total,194517.35035744368
MAUI ,4,2017,Domestic,184127.7618517521
MAUI ,4,2017,International,44952.33955161338
MAUI ,4,2017,Total,229080.10140330702
MAUI ,8,2017,Domestic,199008.81427305116
MAUI ,8,2017,International,33575.45722613682
MAUI ,8,2017,Total,232584.27149914575
MAUI ,12,2017,Domestic,206261.2193498784
MAUI ,12,2017,International,52741.10723252016
MAUI ,12,2017,Total,259002.32658244699
MAUI ,2,2017,Domestic,156763.80598477428
MAUI ,2,2017,International,45606.20518141893
MAUI ,2,2017,Total,202370.01116613657
MAUI ,1,2017,Domestic,164698.51313510368
MAUI ,1,2017,International,57059.467791591676
MAUI ,1,2017,Total,221757.98092675305
MAUI ,7,2017,Domestic,232131.9766330392
MAUI ,7,2017,International,31006.569124998012
MAUI ,7,2017,Total,263138.5457580706
MAUI ,6,2017,Domestic,219328.87404409458
MAUI ,6,2017,International,33300.54167404797
MAUI ,6,2017,Total,252629.41571819855
MAUI ,3,2017,Domestic,193508.77952161996
MAUI ,3,2017,International,46892.806991431935
MAUI ,3,2017,Total,240401.58651299906
MAUI ,5,2017,Domestic,191056.6636086594
MAUI ,5,2017,International,31893.3162550265
MAUI ,5,2017,Total,222949.97986367924
MAUI ,11,2017,Domestic,174642.15461217047
MAUI ,11,2017,International,42508.03141710008
MAUI ,11,2017,Total,217150.1860292458
MAUI ,10,2017,Domestic,178317.72138807544
MAUI ,10,2017,International,37219.60788992503
MAUI ,10,2017,Total,215537.3292779592
MAUI ,9,2017,Domestic,169273.0941860112
MAUI ,9,2017,International,31900.91500207973
MAUI ,9,2017,Total,201174.00918794834
MAUI ,4,2018,Domestic,192993.91523913757
MAUI ,4,2018,International,43921.488691429775
MAUI ,4,2018,Total,236915.40393055935
MAUI ,8,2018,Domestic,210268.27744411427
MAUI ,8,2018,International,34809.33692972835
MAUI ,8,2018,Total,245077.61437380454
MAUI ,12,2018,Domestic,207655.27341564492
MAUI ,12,2018,International,46773.039950861035
MAUI ,12,2018,Total,254428.31336653687
MAUI ,2,2018,Domestic,172676.18805921084
MAUI ,2,2018,International,46033.02056795803
MAUI ,2,2018,Total,218709.2086272566
MAUI ,1,2018,Domestic,179483.16090880634
MAUI ,1,2018,International,50795.60770779421
MAUI ,1,2018,Total,230278.76861654807
MAUI ,7,2018,Domestic,257885.16782243692
MAUI ,7,2018,International,38169.5143887616
MAUI ,7,2018,Total,296054.68221102323
MAUI ,6,2018,Domestic,244010.12311161653
MAUI ,6,2018,International,37690.989482291676
MAUI ,6,2018,Total,281701.11259380216
MAUI ,3,2018,Domestic,213854.55635536954
MAUI ,3,2018,International,45252.03688974266
MAUI ,3,2018,Total,259106.59324506496
MAUI ,5,2018,Domestic,208763.2414429775
MAUI ,5,2018,International,29687.41016217276
MAUI ,5,2018,Total,238450.65160508335
MAUI ,11,2018,Domestic,183162.81519975342
MAUI ,11,2018,International,43752.38145901785
MAUI ,11,2018,Total,226915.19665874532
MAUI ,10,2018,Domestic,186510.53879152567
MAUI ,10,2018,International,30007.697771932355
MAUI ,10,2018,Total,216518.2365633771
MAUI ,9,2018,Domestic,175590.35049425947
MAUI ,9,2018,International,35165.93787204059
MAUI ,9,2018,Total,210756.28836644712
MAUI ,4,2019,Domestic,209545.55199879134
MAUI ,4,2019,International,38438.632844096595
MAUI ,4,2019,Total,247984.18484295177
MAUI ,8,2019,Domestic,243943.2908520967
MAUI ,8,2019,International,29694.48252772124
MAUI ,8,2019,Total,273637.7733798045
MAUI ,12,2019,Domestic,235854.73383115217
MAUI ,12,2019,International,39564.5533158491
MAUI ,12,2019,Total,275419.2871469615
MAUI ,2,2019,Domestic,173397.62287384702
MAUI ,2,2019,International,48204.99495415763
MAUI ,2,2019,Total,221602.61782790005
MAUI ,1,2019,Domestic,181168.06249361494
MAUI ,1,2019,International,52254.43679834606
MAUI ,1,2019,Total,233422.49929178177
MAUI ,7,2019,Domestic,275730.9766143616
MAUI ,7,2019,International,32102.57333263742
MAUI ,7,2019,Total,307833.5499469661
MAUI ,6,2019,Domestic,262762.7373745207
MAUI ,6,2019,International,33163.334440886654
MAUI ,6,2019,Total,295926.07181556406
MAUI ,3,2019,Domestic,220739.3631474297
MAUI ,3,2019,International,51194.216132155576
MAUI ,3,2019,Total,271933.5792795163
MAUI ,5,2019,Domestic,225088.3735209716
MAUI ,5,2019,International,26576.284555025548
MAUI ,5,2019,Total,251664.65807605593
MAUI ,11,2019,Domestic,194777.26730330507
MAUI ,11,2019,International,37552.79599846463
MAUI ,11,2019,Total,232330.06330167234
MAUI ,10,2019,Domestic,204416.32406168128
MAUI ,10,2019,International,33626.376905716585
MAUI ,10,2019,Total,238042.70096730188
MAUI ,9,2019,Domestic,182373.33965613059
MAUI ,9,2019,International,27734.42376107215
MAUI ,9,2019,Total,210107.76341720967
MAUI ,4,2020,Domestic,624.3464476761516
MAUI ,4,2020,International,0.0
MAUI ,4,2020,Total,624.3464476761516
MAUI ,8,2020,Domestic,2453.0201760228056
MAUI ,8,2020,International,0.0
MAUI ,8,2020,Total,2453.0201760228056
MAUI ,12,2020,Domestic,88781.33922621276
MAUI ,12,2020,International,2389.8564616291233
MAUI ,12,2020,Total,91171.19568784503
MAUI ,2,2020,Domestic,197505.89686471765
MAUI ,2,2020,International,37316.66438873388
MAUI ,2,2020,Total,234822.56125335113
MAUI ,1,2020,Domestic,196051.8166041255
MAUI ,1,2020,International,47034.00303563797
MAUI ,1,2020,Total,243085.81963975952
MAUI ,7,2020,Domestic,2568.1089843712152
MAUI ,7,2020,International,0.0
MAUI ,7,2020,Total,2568.1089843712152
MAUI ,6,2020,Domestic,1988.1861391568975
MAUI ,6,2020,International,0.0
MAUI ,6,2020,Total,1988.1861391568975
MAUI ,3,2020,Domestic,112718.91392893778
MAUI ,3,2020,International,12633.82185626667
MAUI ,3,2020,Total,125352.73578518737
MAUI ,5,2020,Domestic,1130.544123967829
MAUI ,5,2020,International,0.0
MAUI ,5,2020,Total,1130.544123967829
MAUI ,11,2020,Domestic,63717.727245634866
MAUI ,11,2020,International,30.027027027027028
MAUI ,11,2020,Total,63747.75427266189
MAUI ,10,2020,Domestic,23178.156160967428
MAUI ,10,2020,International,0.0
MAUI ,10,2020,Total,23178.156160967428
MAUI ,9,2020,Domestic,2479.2649839216897
MAUI ,9,2020,International,0.0
MAUI ,9,2020,Total,2479.2649839216897
MAUI ,4,2021,Domestic,178418.9076439046
MAUI ,4,2021,International,159.7183363041383
MAUI ,4,2021,Total,178578.62598020837
MAUI ,8,2021,Domestic,230909.72366574575
MAUI ,8,2021,International,2082.379260485399
MAUI ,8,2021,Total,232992.1029262317
MAUI ,12,2021,Domestic,217037.76342381188
MAUI ,12,2021,International,18842.030460995655
MAUI ,12,2021,Total,235879.79388481122
MAUI ,2,2021,Domestic,92419.64615834471
MAUI ,2,2021,International,191.45239437689523
MAUI ,2,2021,Total,92611.09855272155
MAUI ,1,2021,Domestic,65406.89052068886
MAUI ,1,2021,International,1622.5902768883184
MAUI ,1,2021,Total,67029.48079757673
MAUI ,7,2021,Domestic,282389.2675277843
MAUI ,7,2021,International,346.3176036033426
MAUI ,7,2021,Total,282735.5851313882
MAUI ,6,2021,Domestic,260986.2700608213
MAUI ,6,2021,International,59.18905019213912
MAUI ,6,2021,Total,261045.4591110135
MAUI ,3,2021,Domestic,170664.66552949575
MAUI ,3,2021,International,101.76727429433299
MAUI ,3,2021,Total,170766.43280379017
MAUI ,5,2021,Domestic,216359.10080490896
MAUI ,5,2021,International,53.80434218925095
MAUI ,5,2021,Total,216412.90514709824
MAUI ,11,2021,Domestic,190223.7883882904
MAUI ,11,2021,International,12695.055304263129
MAUI ,11,2021,Total,202918.8436925067
MAUI ,10,2021,Domestic,186012.81926814406
MAUI ,10,2021,International,4196.822753485246
MAUI ,10,2021,Total,190209.64202163139
MAUI ,9,2021,Domestic,171308.10778473306
MAUI ,9,2021,International,1453.4397084864233
MAUI ,9,2021,Total,172761.54749322278
MAUI ,4,2022,Domestic,233880.577611286
MAUI ,4,2022,International,21552.899849206187
MAUI ,4,2022,Total,255433.47746046798
MAUI ,8,2022,Domestic,245040.54510515582
MAUI ,8,2022,International,21135.853285560534
MAUI ,8,2022,Total,266176.39839070424
MAUI ,12,2022,Domestic,227983.44485999606
MAUI ,12,2022,International,33096.501740111235
MAUI ,12,2022,Total,261079.94660010398
MAUI ,2,2022,Domestic,180009.17559254047
MAUI ,2,2022,International,13139.36010460081
MAUI ,2,2022,Total,193148.53569712935
MAUI ,1,2022,Domestic,171760.15841739342
MAUI ,1,2022,International,11676.037956598811
MAUI ,1,2022,Total,183436.196373992
MAUI ,7,2022,Domestic,283603.7223904588
MAUI ,7,2022,International,22258.383353483277
MAUI ,7,2022,Total,305862.1057440302
MAUI ,6,2022,Domestic,273715.377248845
MAUI ,6,2022,International,14162.199608588906
MAUI ,6,2022,Total,287877.5768574633
MAUI ,3,2022,Domestic,213996.20126688713
MAUI ,3,2022,International,26260.3870157746
MAUI ,3,2022,Total,240256.58828268305
MAUI ,5,2022,Domestic,233758.81497724328
MAUI ,5,2022,International,13569.988636492038
MAUI ,5,2022,Total,247328.80361377148
MAUI ,11,2022,Domestic,198139.26381499995
MAUI ,11,2022,International,32241.10039570062
MAUI ,11,2022,Total,230380.36421063135
MAUI ,10,2022,Domestic,206551.88319342482
MAUI ,10,2022,International,23960.289402472677
MAUI ,10,2022,Total,230512.1725958376
MAUI ,9,2022,Domestic,204270.4999503859
MAUI ,9,2022,International,15396.358029138382
MAUI ,9,2022,Total,219666.85797955183
MAUI CTY,4,1990,Domestic,153358.60916948938
MAUI CTY,4,1990,International,37838.37649064344
MAUI CTY,4,1990,Total,191196.98566013284
MAUI CTY,8,1990,Domestic,173613.33592218132
MAUI CTY,8,1990,International,47873.17562103028
MAUI CTY,8,1990,Total,221486.51154321159
MAUI CTY,12,1990,Domestic,132745.54280240287
MAUI CTY,12,1990,International,45485.498028015594
MAUI CTY,12,1990,Total,178231.04083041847
MAUI CTY,2,1990,Domestic,142281.46084804792
MAUI CTY,2,1990,International,42206.517454937275
MAUI CTY,2,1990,Total,184487.9783029852
MAUI CTY,1,1990,Domestic,139620.39979843865
MAUI CTY,1,1990,International,44166.29776667662
MAUI CTY,1,1990,Total,183786.69756511526
MAUI CTY,7,1990,Domestic,171524.84989063386
MAUI CTY,7,1990,International,39042.52704081526
MAUI CTY,7,1990,Total,210567.3769314491
MAUI CTY,6,1990,Domestic,167605.0987365797
MAUI CTY,6,1990,International,35799.542718754026
MAUI CTY,6,1990,Total,203404.64145533374
MAUI CTY,3,1990,Domestic,156281.3554621356
MAUI CTY,3,1990,International,43867.39637316607
MAUI CTY,3,1990,Total,200148.75183530166
MAUI CTY,5,1990,Domestic,149512.92057297166
MAUI CTY,5,1990,International,32881.76020540139
MAUI CTY,5,1990,Total,182394.68077837306
MAUI CTY,11,1990,Domestic,146050.5313232402
MAUI CTY,11,1990,International,33020.66861841259
MAUI CTY,11,1990,Total,179071.19994165277
MAUI CTY,10,1990,Domestic,144739.67824981958
MAUI CTY,10,1990,International,34320.64790858895
MAUI CTY,10,1990,Total,179060.32615840854
MAUI CTY,9,1990,Domestic,138289.5666193392
MAUI CTY,9,1990,International,32736.391579160765
MAUI CTY,9,1990,Total,171025.95819849995
MAUI CTY,4,1991,Domestic,144667.04343407007
MAUI CTY,4,1991,International,35781.258888107164
MAUI CTY,4,1991,Total,180448.30232217725
MAUI CTY,8,1991,Domestic,165478.79462137845
MAUI CTY,8,1991,International,42251.55578588647
MAUI CTY,8,1991,Total,207730.35040726492
MAUI CTY,12,1991,Domestic,129160.85898081292
MAUI CTY,12,1991,International,46130.47033317357
MAUI CTY,12,1991,Total,175291.3293139865
MAUI CTY,2,1991,Domestic,113469.20099209186
MAUI CTY,2,1991,International,30170.27408408053
MAUI CTY,2,1991,Total,143639.47507617238
MAUI CTY,1,1991,Domestic,122867.96869652743
MAUI CTY,1,1991,International,48457.05206394401
MAUI CTY,1,1991,Total,171325.02076047144
MAUI CTY,7,1991,Domestic,161670.26729899787
MAUI CTY,7,1991,International,46076.138758683766
MAUI CTY,7,1991,Total,207746.40605768166
MAUI CTY,6,1991,Domestic,157101.27376756145
MAUI CTY,6,1991,International,41949.290688817266
MAUI CTY,6,1991,Total,199050.56445637872
MAUI CTY,3,1991,Domestic,149737.00354809136
MAUI CTY,3,1991,International,
MAUI CTY,3,1991,Total,187543.73107948597
MAUI CTY,5,1991,Domestic,144380.54455571325
MAUI CTY,5,1991,International,32780.552563469166
MAUI CTY,5,1991,Total,177161.0971191824
MAUI CTY,11,1991,Domestic,130033.28308268116
MAUI CTY,11,1991,International,45939.11067663573
MAUI CTY,11,1991,Total,175972.39375931688
MAUI CTY,10,1991,Domestic,141821.38516066727
MAUI CTY,10,1991,International,41787.973268745445
MAUI CTY,10,1991,Total,183609.3584294127
MAUI CTY,9,1991,Domestic,131994.26048309437
MAUI CTY,9,1991,International,34093.82921246443
MAUI CTY,9,1991,Total,166088.0896955588
MAUI CTY,4,1992,Domestic,143788.43610943508
MAUI CTY,4,1992,International,39318.20770229666
MAUI CTY,4,1992,Total,183106.64381173174
MAUI CTY,8,1992,Domestic,155269.24896433653
MAUI CTY,8,1992,International,46512.63670451945
MAUI CTY,8,1992,Total,201781.88566885598
MAUI CTY,12,1992,Domestic,139857.93941078996
MAUI CTY,12,1992,International,63156.87691804137
MAUI CTY,12,1992,Total,203014.81632883134
MAUI CTY,2,1992,Domestic,137608.24998699903
MAUI CTY,2,1992,International,50595.961355634376
MAUI CTY,2,1992,Total,188204.2113426334
MAUI CTY,1,1992,Domestic,122270.5964419304
MAUI CTY,1,1992,International,47519.80694467183
MAUI CTY,1,1992,Total,169790.40338660224
MAUI CTY,7,1992,Domestic,156386.85222359112
MAUI CTY,7,1992,International,48394.271785514444
MAUI CTY,7,1992,Total,204781.12400910555
MAUI CTY,6,1992,Domestic,147839.1582551536
MAUI CTY,6,1992,International,52605.105305263685
MAUI CTY,6,1992,Total,200444.26356041728
MAUI CTY,3,1992,Domestic,150701.40887081542
MAUI CTY,3,1992,International,42879.19432403747
MAUI CTY,3,1992,Total,193580.60319485288
MAUI CTY,5,1992,Domestic,138039.64237057322
MAUI CTY,5,1992,International,44772.19197562448
MAUI CTY,5,1992,Total,182811.8343461977
MAUI CTY,11,1992,Domestic,154500.58422336582
MAUI CTY,11,1992,International,51372.567183955354
MAUI CTY,11,1992,Total,205873.15140732116
MAUI CTY,10,1992,Domestic,168448.64047711424
MAUI CTY,10,1992,International,44383.71541517585
MAUI CTY,10,1992,Total,212832.3558922901
MAUI CTY,9,1992,Domestic,139659.85809092136
MAUI CTY,9,1992,International,37730.44448813576
MAUI CTY,9,1992,Total,177390.3025790571
MAUI CTY,4,1993,Domestic,148025.51703791774
MAUI CTY,4,1993,International,49166.23866870262
MAUI CTY,4,1993,Total,197191.75570662037
MAUI CTY,8,1993,Domestic,151721.25058440745
MAUI CTY,8,1993,International,46809.08658909935
MAUI CTY,8,1993,Total,198530.3371735068
MAUI CTY,12,1993,Domestic,123004.81123867305
MAUI CTY,12,1993,International,45877.12362995232
MAUI CTY,12,1993,Total,168881.93486862537
MAUI CTY,2,1993,Domestic,141712.21996089106
MAUI CTY,2,1993,International,57035.32668539914
MAUI CTY,2,1993,Total,198747.5466462902
MAUI CTY,1,1993,Domestic,134752.96991512814
MAUI CTY,1,1993,International,59153.70314527722
MAUI CTY,1,1993,Total,193906.67306040536
MAUI CTY,7,1993,Domestic,155080.63296835707
MAUI CTY,7,1993,International,38058.3516700256
MAUI CTY,7,1993,Total,193138.98463838268
MAUI CTY,6,1993,Domestic,140881.47805782707
MAUI CTY,6,1993,International,43282.904564903925
MAUI CTY,6,1993,Total,184164.382622731
MAUI CTY,3,1993,Domestic,154105.16398836594
MAUI CTY,3,1993,International,55574.81249336219
MAUI CTY,3,1993,Total,209679.97648172814
MAUI CTY,5,1993,Domestic,140091.77289924448
MAUI CTY,5,1993,International,34732.2703214752
MAUI CTY,5,1993,Total,174824.04322071967
MAUI CTY,11,1993,Domestic,131120.07417720227
MAUI CTY,11,1993,International,44547.29304274695
MAUI CTY,11,1993,Total,175667.36721994923
MAUI CTY,10,1993,Domestic,150099.4145897226
MAUI CTY,10,1993,International,44884.99026300014
MAUI CTY,10,1993,Total,194984.40485272274
MAUI CTY,9,1993,Domestic,123314.43024619331
MAUI CTY,9,1993,International,50082.02104298861
MAUI CTY,9,1993,Total,173396.45128918192
MAUI CTY,4,1994,Domestic,158839.24515383257
MAUI CTY,4,1994,International,35336.82786915965
MAUI CTY,4,1994,Total,194176.07302299223
MAUI CTY,8,1994,Domestic,172735.56371257902
MAUI CTY,8,1994,International,43737.841545359224
MAUI CTY,8,1994,Total,216473.40525793826
MAUI CTY,12,1994,Domestic,140642.97206868985
MAUI CTY,12,1994,International,51237.91612114102
MAUI CTY,12,1994,Total,191880.88818983088
MAUI CTY,2,1994,Domestic,146730.6188866141
MAUI CTY,2,1994,International,55608.35056666408
MAUI CTY,2,1994,Total,202338.96945327817
MAUI CTY,1,1994,Domestic,127882.657407559
MAUI CTY,1,1994,International,61098.24061527618
MAUI CTY,1,1994,Total,188980.8980228352
MAUI CTY,7,1994,Domestic,171980.06909304226
MAUI CTY,7,1994,International,38647.38972293347
MAUI CTY,7,1994,Total,210627.45881597573
MAUI CTY,6,1994,Domestic,160100.23478749229
MAUI CTY,6,1994,International,38289.02732268372
MAUI CTY,6,1994,Total,198389.262110176
MAUI CTY,3,1994,Domestic,168962.75533942587
MAUI CTY,3,1994,International,42720.16215013342
MAUI CTY,3,1994,Total,211682.9174895593
MAUI CTY,5,1994,Domestic,140820.498917004
MAUI CTY,5,1994,International,39541.25505161267
MAUI CTY,5,1994,Total,180361.7539686167
MAUI CTY,11,1994,Domestic,147431.8784023405
MAUI CTY,11,1994,International,46627.07746824956
MAUI CTY,11,1994,Total,194058.95587059006
MAUI CTY,10,1994,Domestic,147197.8317579201
MAUI CTY,10,1994,International,35606.070322521155
MAUI CTY,10,1994,Total,182803.90208044124
MAUI CTY,9,1994,Domestic,125581.3322551541
MAUI CTY,9,1994,International,43160.144023924615
MAUI CTY,9,1994,Total,168741.47627907872
MAUI CTY,4,1995,Domestic,154723.48229716596
MAUI CTY,4,1995,International,34210.03610502395
MAUI CTY,4,1995,Total,188933.51840218992
MAUI CTY,8,1995,Domestic,165839.06958995922
MAUI CTY,8,1995,International,62239.719203097375
MAUI CTY,8,1995,Total,228078.7887930566
MAUI CTY,12,1995,Domestic,134276.27302119927
MAUI CTY,12,1995,International,52672.554292002096
MAUI CTY,12,1995,Total,186948.8273132014
MAUI CTY,2,1995,Domestic,147003.30839964363
MAUI CTY,2,1995,International,33817.69880185994
MAUI CTY,2,1995,Total,180821.00720150355
MAUI CTY,1,1995,Domestic,138431.51476767985
MAUI CTY,1,1995,International,47716.95776322177
MAUI CTY,1,1995,Total,186148.4725309016
MAUI CTY,7,1995,Domestic,165707.23725514335
MAUI CTY,7,1995,International,67555.2247369695
MAUI CTY,7,1995,Total,233262.46199211286
MAUI CTY,6,1995,Domestic,158428.421709296
MAUI CTY,6,1995,International,40387.54068875465
MAUI CTY,6,1995,Total,198815.96239805064
MAUI CTY,3,1995,Domestic,158379.84269271514
MAUI CTY,3,1995,International,44911.85789327678
MAUI CTY,3,1995,Total,203291.70058599193
MAUI CTY,5,1995,Domestic,133162.7443838396
MAUI CTY,5,1995,International,32365.319676674433
MAUI CTY,5,1995,Total,165528.06406051404
MAUI CTY,11,1995,Domestic,136833.6972909103
MAUI CTY,11,1995,International,52165.539844815714
MAUI CTY,11,1995,Total,188999.237135726
MAUI CTY,10,1995,Domestic,147185.95186644976
MAUI CTY,10,1995,International,39385.67806817827
MAUI CTY,10,1995,Total,186571.62993462803
MAUI CTY,9,1995,Domestic,122733.60429024583
MAUI CTY,9,1995,International,56663.57058256464
MAUI CTY,9,1995,Total,179397.17487281046
MAUI CTY,4,1996,Domestic,145208.25174764724
MAUI CTY,4,1996,International,39732.39182300599
MAUI CTY,4,1996,Total,184940.64357065322
MAUI CTY,8,1996,Domestic,168055.84059776802
MAUI CTY,8,1996,International,47489.10852507205
MAUI CTY,8,1996,Total,215544.94912284007
MAUI CTY,12,1996,Domestic,126370.57411219813
MAUI CTY,12,1996,International,54988.16255881343
MAUI CTY,12,1996,Total,181358.73667101155
MAUI CTY,2,1996,Domestic,149464.69541070197
MAUI CTY,2,1996,International,59350.96814365978
MAUI CTY,2,1996,Total,208815.66355436176
MAUI CTY,1,1996,Domestic,132564.14443629482
MAUI CTY,1,1996,International,59163.81560677688
MAUI CTY,1,1996,Total,191727.9600430717
MAUI CTY,7,1996,Domestic,155962.72540275034
MAUI CTY,7,1996,International,81076.32594573854
MAUI CTY,7,1996,Total,237039.0513484889
MAUI CTY,6,1996,Domestic,164354.24460239644
MAUI CTY,6,1996,International,29359.58216486545
MAUI CTY,6,1996,Total,193713.8267672619
MAUI CTY,3,1996,Domestic,158748.20501724002
MAUI CTY,3,1996,International,44595.44097312054
MAUI CTY,3,1996,Total,203343.64599036056
MAUI CTY,5,1996,Domestic,139380.26270493475
MAUI CTY,5,1996,International,40594.504266216565
MAUI CTY,5,1996,Total,179974.76697115132
MAUI CTY,11,1996,Domestic,131849.9934434181
MAUI CTY,11,1996,International,47835.120496730706
MAUI CTY,11,1996,Total,179685.1139401488
MAUI CTY,10,1996,Domestic,134111.38945846612
MAUI CTY,10,1996,International,37526.67032458779
MAUI CTY,10,1996,Total,171638.0597830539
MAUI CTY,9,1996,Domestic,125963.98743852579
MAUI CTY,9,1996,International,44864.01111776925
MAUI CTY,9,1996,Total,170827.99855629503
MAUI CTY,4,1997,Domestic,154288.92347718397
MAUI CTY,4,1997,International,41804.83390922602
MAUI CTY,4,1997,Total,196093.75738641
MAUI CTY,8,1997,Domestic,166719.94926326873
MAUI CTY,8,1997,International,44705.74816552344
MAUI CTY,8,1997,Total,211425.69742879216
MAUI CTY,12,1997,Domestic,132289.34941401976
MAUI CTY,12,1997,International,50973.4609738317
MAUI CTY,12,1997,Total,183262.81038785147
MAUI CTY,2,1997,Domestic,138540.83268065524
MAUI CTY,2,1997,International,52950.220954104065
MAUI CTY,2,1997,Total,191491.0536347593
MAUI CTY,1,1997,Domestic,133687.7625827124
MAUI CTY,1,1997,International,51318.36780627812
MAUI CTY,1,1997,Total,185006.1303889905
MAUI CTY,7,1997,Domestic,170067.6758190922
MAUI CTY,7,1997,International,57714.46987597273
MAUI CTY,7,1997,Total,227782.14569506492
MAUI CTY,6,1997,Domestic,162559.7603334828
MAUI CTY,6,1997,International,34565.70092742349
MAUI CTY,6,1997,Total,197125.46126090628
MAUI CTY,3,1997,Domestic,167131.5351575468
MAUI CTY,3,1997,International,52980.28317427648
MAUI CTY,3,1997,Total,220111.81833182328
MAUI CTY,5,1997,Domestic,135048.25545877835
MAUI CTY,5,1997,International,41223.29874363594
MAUI CTY,5,1997,Total,176271.5542024143
MAUI CTY,11,1997,Domestic,136888.27132012995
MAUI CTY,11,1997,International,44160.208145080105
MAUI CTY,11,1997,Total,181048.47946521005
MAUI CTY,10,1997,Domestic,152604.9129951215
MAUI CTY,10,1997,International,41996.530208533935
MAUI CTY,10,1997,Total,194601.44320365542
MAUI CTY,9,1997,Domestic,138539.0435603023
MAUI CTY,9,1997,International,27625.023264236155
MAUI CTY,9,1997,Total,166164.06682453846
MAUI CTY,4,1998,Domestic,162961.50437236496
MAUI CTY,4,1998,International,41824.79398455588
MAUI CTY,4,1998,Total,204786.29835692083
MAUI CTY,8,1998,Domestic,160531.6736213138
MAUI CTY,8,1998,International,44438.678758207854
MAUI CTY,8,1998,Total,204970.35237952165
MAUI CTY,12,1998,Domestic,131613.3978461589
MAUI CTY,12,1998,International,57831.287507785855
MAUI CTY,12,1998,Total,189444.68535394478
MAUI CTY,2,1998,Domestic,143487.37275618277
MAUI CTY,2,1998,International,52306.05907350394
MAUI CTY,2,1998,Total,195793.4318296867
MAUI CTY,1,1998,Domestic,132828.46432155804
MAUI CTY,1,1998,International,49882.22839685914
MAUI CTY,1,1998,Total,182710.69271841718
MAUI CTY,7,1998,Domestic,165686.87432811622
MAUI CTY,7,1998,International,43311.367533326105
MAUI CTY,7,1998,Total,208998.24186144234
MAUI CTY,6,1998,Domestic,162233.68398388664
MAUI CTY,6,1998,International,33065.15195192891
MAUI CTY,6,1998,Total,195298.83593581556
MAUI CTY,3,1998,Domestic,161559.69015828366
MAUI CTY,3,1998,International,49333.593377292695
MAUI CTY,3,1998,Total,210893.28353557637
MAUI CTY,5,1998,Domestic,145399.9374426599
MAUI CTY,5,1998,International,38750.68659940592
MAUI CTY,5,1998,Total,184150.6240420658
MAUI CTY,11,1998,Domestic,130335.6818095766
MAUI CTY,11,1998,International,44929.73875355301
MAUI CTY,11,1998,Total,175265.42056312962
MAUI CTY,10,1998,Domestic,150045.00515989415
MAUI CTY,10,1998,International,36732.211561681244
MAUI CTY,10,1998,Total,186777.2167215754
MAUI CTY,9,1998,Domestic,129481.51858355684
MAUI CTY,9,1998,International,35544.33782814497
MAUI CTY,9,1998,Total,165025.85641170182
MAUI CTY,4,1999,Domestic,154648.31871925012
MAUI CTY,4,1999,International,38406.223425456286
MAUI CTY,4,1999,Total,193054.5421447064
MAUI CTY,8,1999,Domestic,175590.7642933517
MAUI CTY,8,1999,International,40463.206440017544
MAUI CTY,8,1999,Total,216053.97073336923
MAUI CTY,12,1999,Domestic,123653.75654202714
MAUI CTY,12,1999,International,43720.59675290379
MAUI CTY,12,1999,Total,167374.35329493094
MAUI CTY,2,1999,Domestic,150884.02272358123
MAUI CTY,2,1999,International,53705.68280951102
MAUI CTY,2,1999,Total,204589.70553309226
MAUI CTY,1,1999,Domestic,139723.3209497951
MAUI CTY,1,1999,International,46355.545155354375
MAUI CTY,1,1999,Total,186078.86610514947
MAUI CTY,7,1999,Domestic,186387.32725493086
MAUI CTY,7,1999,International,39975.460200360205
MAUI CTY,7,1999,Total,226362.78745529108
MAUI CTY,6,1999,Domestic,170079.35784159196
MAUI CTY,6,1999,International,33377.753774675024
MAUI CTY,6,1999,Total,203457.11161626698
MAUI CTY,3,1999,Domestic,171679.34841975794
MAUI CTY,3,1999,International,45347.26096863654
MAUI CTY,3,1999,Total,217026.60938839448
MAUI CTY,5,1999,Domestic,146688.88656411698
MAUI CTY,5,1999,International,35403.513487906945
MAUI CTY,5,1999,Total,182092.40005202394
MAUI CTY,11,1999,Domestic,141947.78562996475
MAUI CTY,11,1999,International,37529.59388595127
MAUI CTY,11,1999,Total,179477.37951591602
MAUI CTY,10,1999,Domestic,169512.93702579598
MAUI CTY,10,1999,International,34534.81870592777
MAUI CTY,10,1999,Total,204047.75573172374
MAUI CTY,9,1999,Domestic,135735.08255719458
MAUI CTY,9,1999,International,31651.079004281688
MAUI CTY,9,1999,Total,167386.16156147627
MAUI CTY,4,2000,Domestic,163092.6583297428
MAUI CTY,4,2000,International,34237.04432199202
MAUI CTY,4,2000,Total,197329.7026517348
MAUI CTY,8,2000,Domestic,165960.0
MAUI CTY,8,2000,International,40714.92975135804
MAUI CTY,8,2000,Total,206674.92975135805
MAUI CTY,12,2000,Domestic,134349.0
MAUI CTY,12,2000,International,46256.040059018
MAUI CTY,12,2000,Total,180605.040059018
MAUI CTY,2,2000,Domestic,148571.78856211738
MAUI CTY,2,2000,International,48393.76524011702
MAUI CTY,2,2000,Total,196965.5538022344
MAUI CTY,1,2000,Domestic,122335.0
MAUI CTY,1,2000,International,40039.93751347346
MAUI CTY,1,2000,Total,162374.93751347344
MAUI CTY,7,2000,Domestic,180072.0
MAUI CTY,7,2000,International,35072.4189276646
MAUI CTY,7,2000,Total,215144.4189276646
MAUI CTY,6,2000,Domestic,175749.67697692045
MAUI CTY,6,2000,International,34099.3089861947
MAUI CTY,6,2000,Total,209848.98596311515
MAUI CTY,3,2000,Domestic,171831.80078923816
MAUI CTY,3,2000,International,42387.97002481906
MAUI CTY,3,2000,Total,214219.7708140572
MAUI CTY,5,2000,Domestic,151403.26143051236
MAUI CTY,5,2000,International,33719.3379944829
MAUI CTY,5,2000,Total,185122.59942499525
MAUI CTY,11,2000,Domestic,135642.0
MAUI CTY,11,2000,International,38507.377838897475
MAUI CTY,11,2000,Total,174149.37783889746
MAUI CTY,10,2000,Domestic,151019.0
MAUI CTY,10,2000,International,36684.39601936456
MAUI CTY,10,2000,Total,187703.39601936456
MAUI CTY,9,2000,Domestic,134604.0
MAUI CTY,9,2000,International,39922.66757062423
MAUI CTY,9,2000,Total,174526.66757062424
MAUI CTY,4,2001,Domestic,153290.0
MAUI CTY,4,2001,International,40896.28088323817
MAUI CTY,4,2001,Total,194186.28088323819
MAUI CTY,8,2001,Domestic,165759.0
MAUI CTY,8,2001,International,42567.221672973945
MAUI CTY,8,2001,Total,208326.22167297394
MAUI CTY,12,2001,Domestic,124440.0
MAUI CTY,12,2001,International,26205.56279166272
MAUI CTY,12,2001,Total,150645.56279166273
MAUI CTY,2,2001,Domestic,136794.0
MAUI CTY,2,2001,International,45771.3799499768
MAUI CTY,2,2001,Total,182565.3799499768
MAUI CTY,1,2001,Domestic,130584.0
MAUI CTY,1,2001,International,54186.02147019568
MAUI CTY,1,2001,Total,184770.02147019567
MAUI CTY,7,2001,Domestic,176583.0
MAUI CTY,7,2001,International,39388.51485662593
MAUI CTY,7,2001,Total,215971.51485662593
MAUI CTY,6,2001,Domestic,167595.0
MAUI CTY,6,2001,International,34880.88752061345
MAUI CTY,6,2001,Total,202475.88752061344
MAUI CTY,3,2001,Domestic,162490.0
MAUI CTY,3,2001,International,43703.003683132854
MAUI CTY,3,2001,Total,206193.00368313285
MAUI CTY,5,2001,Domestic,138701.0
MAUI CTY,5,2001,International,31778.739200312943
MAUI CTY,5,2001,Total,170479.73920031294
MAUI CTY,11,2001,Domestic,115602.0
MAUI CTY,11,2001,International,26494.34621755815
MAUI CTY,11,2001,Total,142096.34621755814
MAUI CTY,10,2001,Domestic,115037.0
MAUI CTY,10,2001,International,17302.42089424548
MAUI CTY,10,2001,Total,132339.42089424547
MAUI CTY,9,2001,Domestic,99085.0
MAUI CTY,9,2001,International,15343.406592558586
MAUI CTY,9,2001,Total,114428.40659255859
MAUI CTY,4,2002,Domestic,131194.45962909303
MAUI CTY,4,2002,International,25204.713746490852
MAUI CTY,4,2002,Total,156399.1733755839
MAUI CTY,8,2002,Domestic,176656.76298509154
MAUI CTY,8,2002,International,35547.9708762679
MAUI CTY,8,2002,Total,212204.73386135945
MAUI CTY,12,2002,Domestic,140435.69765972553
MAUI CTY,12,2002,International,37610.00799657255
MAUI CTY,12,2002,Total,178045.7056562981
MAUI CTY,2,2002,Domestic,136244.21902800252
MAUI CTY,2,2002,International,36172.14061131371
MAUI CTY,2,2002,Total,172416.35963931624
MAUI CTY,1,2002,Domestic,120844.01766459795
MAUI CTY,1,2002,International,30994.0
MAUI CTY,1,2002,Total,151838.01766459795
MAUI CTY,7,2002,Domestic,186796.33083581127
MAUI CTY,7,2002,International,32746.99614877466
MAUI CTY,7,2002,Total,219543.32698458593
MAUI CTY,6,2002,Domestic,175431.81038392623
MAUI CTY,6,2002,International,24813.88473958887
MAUI CTY,6,2002,Total,200245.6951235151
MAUI CTY,3,2002,Domestic,156638.18036875714
MAUI CTY,3,2002,International,37199.67715154207
MAUI CTY,3,2002,Total,193837.8575202992
MAUI CTY,5,2002,Domestic,144159.981983096
MAUI CTY,5,2002,International,22595.94425668407
MAUI CTY,5,2002,Total,166755.92623978006
MAUI CTY,11,2002,Domestic,130151.66003629472
MAUI CTY,11,2002,International,34822.73345395384
MAUI CTY,11,2002,Total,164974.39349024856
MAUI CTY,10,2002,Domestic,145037.08048029547
MAUI CTY,10,2002,International,25689.546427476307
MAUI CTY,10,2002,Total,170726.62690777177
MAUI CTY,9,2002,Domestic,126513.12743342225
MAUI CTY,9,2002,International,25925.776905638864
MAUI CTY,9,2002,Total,152438.90433906112
MAUI CTY,4,2003,Domestic,164057.36191764657
MAUI CTY,4,2003,International,19568.030466103548
MAUI CTY,4,2003,Total,183625.39238375012
MAUI CTY,8,2003,Domestic,186925.38494222786
MAUI CTY,8,2003,International,24763.938834611567
MAUI CTY,8,2003,Total,211689.32377683942
MAUI CTY,12,2003,Domestic,154543.2014453645
MAUI CTY,12,2003,International,28401.368005889228
MAUI CTY,12,2003,Total,182944.56945125374
MAUI CTY,2,2003,Domestic,140731.9411012596
MAUI CTY,2,2003,International,35376.11852697751
MAUI CTY,2,2003,Total,176108.05962823713
MAUI CTY,1,2003,Domestic,138105.79240217138
MAUI CTY,1,2003,International,37128.971951538966
MAUI CTY,1,2003,Total,175234.76435371034
MAUI CTY,7,2003,Domestic,201224.4146344452
MAUI CTY,7,2003,International,19067.26537610903
MAUI CTY,7,2003,Total,220291.6800105542
MAUI CTY,6,2003,Domestic,183355.59207766288
MAUI CTY,6,2003,International,15156.992562322357
MAUI CTY,6,2003,Total,198512.58463998523
MAUI CTY,3,2003,Domestic,162451.36442727622
MAUI CTY,3,2003,International,34744.58411723551
MAUI CTY,3,2003,Total,197195.94854451172
MAUI CTY,5,2003,Domestic,155879.05438022554
MAUI CTY,5,2003,International,19135.589796863547
MAUI CTY,5,2003,Total,175014.6441770891
MAUI CTY,11,2003,Domestic,137147.29217185255
MAUI CTY,11,2003,International,22292.07862550096
MAUI CTY,11,2003,Total,159439.3707973535
MAUI CTY,10,2003,Domestic,148059.8473567919
MAUI CTY,10,2003,International,20322.09402996199
MAUI CTY,10,2003,Total,168381.9413867539
MAUI CTY,9,2003,Domestic,127693.18041511925
MAUI CTY,9,2003,International,20315.729109305325
MAUI CTY,9,2003,Total,148008.90952442458
MAUI CTY,4,2004,Domestic,162779.7134943818
MAUI CTY,4,2004,International,17263.203977284156
MAUI CTY,4,2004,Total,180042.91747166598
MAUI CTY,8,2004,Domestic,183751.22685845464
MAUI CTY,8,2004,International,26270.60377412074
MAUI CTY,8,2004,Total,210021.83063257538
MAUI CTY,12,2004,Domestic,158577.84626396972
MAUI CTY,12,2004,International,23116.809860843874
MAUI CTY,12,2004,Total,181694.6561248136
MAUI CTY,2,2004,Domestic,145888.92207367587
MAUI CTY,2,2004,International,26158.48368437398
MAUI CTY,2,2004,Total,172047.40575804986
MAUI CTY,1,2004,Domestic,141575.81046967156
MAUI CTY,1,2004,International,29692.40078683546
MAUI CTY,1,2004,Total,171268.21125650703
MAUI CTY,7,2004,Domestic,207973.24424457792
MAUI CTY,7,2004,International,22808.30744068594
MAUI CTY,7,2004,Total,230781.55168526387
MAUI CTY,6,2004,Domestic,172507.0931590208
MAUI CTY,6,2004,International,17312.517299190993
MAUI CTY,6,2004,Total,189819.6104582118
MAUI CTY,3,2004,Domestic,165623.56479453272
MAUI CTY,3,2004,International,30760.125765809804
MAUI CTY,3,2004,Total,196383.6905603425
MAUI CTY,5,2004,Domestic,157609.93793202593
MAUI CTY,5,2004,International,21658.0273817539
MAUI CTY,5,2004,Total,179267.96531377983
MAUI CTY,11,2004,Domestic,143832.67865409172
MAUI CTY,11,2004,International,18101.697857671756
MAUI CTY,11,2004,Total,161934.3765117635
MAUI CTY,10,2004,Domestic,159599.16138783153
MAUI CTY,10,2004,International,18637.505760080752
MAUI CTY,10,2004,Total,178236.6671479123
MAUI CTY,9,2004,Domestic,138077.72415081848
MAUI CTY,9,2004,International,18249.309099961327
MAUI CTY,9,2004,Total,156327.03325077982
MAUI CTY,4,2005,Domestic,155933.98223734993
MAUI CTY,4,2005,International,20720.718062374144
MAUI CTY,4,2005,Total,176654.70029972406
MAUI CTY,8,2005,Domestic,198792.0258319624
MAUI CTY,8,2005,International,24516.5658558077
MAUI CTY,8,2005,Total,223308.59168777012
MAUI CTY,12,2005,Domestic,170158.7677668687
MAUI CTY,12,2005,International,25154.040410223806
MAUI CTY,12,2005,Total,195312.8081770925
MAUI CTY,2,2005,Domestic,157896.16261463272
MAUI CTY,2,2005,International,25497.380208764836
MAUI CTY,2,2005,Total,183393.54282339755
MAUI CTY,1,2005,Domestic,152651.77908867793
MAUI CTY,1,2005,International,25908.994301148483
MAUI CTY,1,2005,Total,178560.7733898264
MAUI CTY,7,2005,Domestic,220678.58650851785
MAUI CTY,7,2005,International,19180.336388516105
MAUI CTY,7,2005,Total,239858.92289703395
MAUI CTY,6,2005,Domestic,182740.45695324117
MAUI CTY,6,2005,International,20558.42414323138
MAUI CTY,6,2005,Total,203298.88109647256
MAUI CTY,3,2005,Domestic,192830.8640988019
MAUI CTY,3,2005,International,24927.8495195568
MAUI CTY,3,2005,Total,217758.71361835868
MAUI CTY,5,2005,Domestic,163774.91350215327
MAUI CTY,5,2005,International,17355.12515567828
MAUI CTY,5,2005,Total,181130.03865783155
MAUI CTY,11,2005,Domestic,160121.42925295728
MAUI CTY,11,2005,International,19043.844083131764
MAUI CTY,11,2005,Total,179165.27333608904
MAUI CTY,10,2005,Domestic,171171.36595328295
MAUI CTY,10,2005,International,26193.55196277436
MAUI CTY,10,2005,Total,197364.9179160573
MAUI CTY,9,2005,Domestic,153980.19954807233
MAUI CTY,9,2005,International,16692.55933694147
MAUI CTY,9,2005,Total,170672.7588850138
MAUI CTY,4,2006,Domestic,177432.21001261118
MAUI CTY,4,2006,International,19521.740407067384
MAUI CTY,4,2006,Total,196953.95041967856
MAUI CTY,8,2006,Domestic,204394.64561615474
MAUI CTY,8,2006,International,21779.949525659664
MAUI CTY,8,2006,Total,226174.5951418144
MAUI CTY,12,2006,Domestic,190686.39693145576
MAUI CTY,12,2006,International,29730.17917461854
MAUI CTY,12,2006,Total,220416.5761060743
MAUI CTY,2,2006,Domestic,164817.92490219508
MAUI CTY,2,2006,International,29796.909697733845
MAUI CTY,2,2006,Total,194614.83459992893
MAUI CTY,1,2006,Domestic,166456.73877102177
MAUI CTY,1,2006,International,33298.549996519214
MAUI CTY,1,2006,Total,199755.288767541
MAUI CTY,7,2006,Domestic,230069.8806267623
MAUI CTY,7,2006,International,19792.574464557158
MAUI CTY,7,2006,Total,249862.45509131945
MAUI CTY,6,2006,Domestic,213741.12126168062
MAUI CTY,6,2006,International,29351.310903055444
MAUI CTY,6,2006,Total,243092.43216473606
MAUI CTY,3,2006,Domestic,184073.47970802296
MAUI CTY,3,2006,International,27676.79138346341
MAUI CTY,3,2006,Total,211750.2710914864
MAUI CTY,5,2006,Domestic,166524.57114651814
MAUI CTY,5,2006,International,18472.4932047665
MAUI CTY,5,2006,Total,184997.06435128464
MAUI CTY,11,2006,Domestic,163629.32040908912
MAUI CTY,11,2006,International,22721.042340498887
MAUI CTY,11,2006,Total,186350.362749588
MAUI CTY,10,2006,Domestic,175326.9862090168
MAUI CTY,10,2006,International,25291.66843134154
MAUI CTY,10,2006,Total,200618.65464035832
MAUI CTY,9,2006,Domestic,161402.05398375794
MAUI CTY,9,2006,International,22245.29355621865
MAUI CTY,9,2006,Total,183647.3475399766
MAUI CTY,4,2007,Domestic,178152.90314042981
MAUI CTY,4,2007,International,24062.869441473347
MAUI CTY,4,2007,Total,202215.77258190315
MAUI CTY,8,2007,Domestic,212431.91384329606
MAUI CTY,8,2007,International,24681.36176522641
MAUI CTY,8,2007,Total,237113.27560852247
MAUI CTY,12,2007,Domestic,182965.21933974096
MAUI CTY,12,2007,International,31826.5272051861
MAUI CTY,12,2007,Total,214791.74654492707
MAUI CTY,2,2007,Domestic,166374.2255543151
MAUI CTY,2,2007,International,30325.894217579953
MAUI CTY,2,2007,Total,196700.11977189506
MAUI CTY,1,2007,Domestic,162683.23159720193
MAUI CTY,1,2007,International,32581.37613956677
MAUI CTY,1,2007,Total,195264.6077367687
MAUI CTY,7,2007,Domestic,225842.18945449917
MAUI CTY,7,2007,International,21693.05445557375
MAUI CTY,7,2007,Total,247535.24391007292
MAUI CTY,6,2007,Domestic,216779.39391932343
MAUI CTY,6,2007,International,25011.015845563423
MAUI CTY,6,2007,Total,241790.40976488683
MAUI CTY,3,2007,Domestic,197755.5923542878
MAUI CTY,3,2007,International,29476.92282749094
MAUI CTY,3,2007,Total,227232.51518177876
MAUI CTY,5,2007,Domestic,181892.3071331437
MAUI CTY,5,2007,International,16237.846438959563
MAUI CTY,5,2007,Total,198130.15357210327
MAUI CTY,11,2007,Domestic,162965.74009421043
MAUI CTY,11,2007,International,21507.157661218786
MAUI CTY,11,2007,Total,184472.8977554292
MAUI CTY,10,2007,Domestic,172338.86582827356
MAUI CTY,10,2007,International,18345.75065125408
MAUI CTY,10,2007,Total,190684.61647952764
MAUI CTY,9,2007,Domestic,164630.93834289166
MAUI CTY,9,2007,International,21480.412692109163
MAUI CTY,9,2007,Total,186111.35103500081
MAUI CTY,4,2008,Domestic,152090.0
MAUI CTY,4,2008,International,21969.0
MAUI CTY,4,2008,Total,174059.0
MAUI CTY,8,2008,Domestic,162975.0
MAUI CTY,8,2008,International,23681.0
MAUI CTY,8,2008,Total,186656.0
MAUI CTY,12,2008,Domestic,140484.0
MAUI CTY,12,2008,International,31256.0
MAUI CTY,12,2008,Total,171740.0
MAUI CTY,2,2008,Domestic,165422.0
MAUI CTY,2,2008,International,30519.0
MAUI CTY,2,2008,Total,195941.0
MAUI CTY,1,2008,Domestic,164611.0
MAUI CTY,1,2008,International,29871.0
MAUI CTY,1,2008,Total,194482.0
MAUI CTY,7,2008,Domestic,174517.0
MAUI CTY,7,2008,International,18073.0
MAUI CTY,7,2008,Total,192590.0
MAUI CTY,6,2008,Domestic,169233.0
MAUI CTY,6,2008,International,19322.0
MAUI CTY,6,2008,Total,188555.0
MAUI CTY,3,2008,Domestic,189596.0
MAUI CTY,3,2008,International,26423.0
MAUI CTY,3,2008,Total,216019.0
MAUI CTY,5,2008,Domestic,151862.0
MAUI CTY,5,2008,International,20463.0
MAUI CTY,5,2008,Total,172325.0
MAUI CTY,11,2008,Domestic,127608.0
MAUI CTY,11,2008,International,19356.0
MAUI CTY,11,2008,Total,146964.0
MAUI CTY,10,2008,Domestic,134148.0
MAUI CTY,10,2008,International,19303.0
MAUI CTY,10,2008,Total,153451.0
MAUI CTY,9,2008,Domestic,117963.0
MAUI CTY,9,2008,International,18297.0
MAUI CTY,9,2008,Total,136260.0
MAUI CTY,4,2009,Domestic,137209.00670490292
MAUI CTY,4,2009,International,22378.923025741697
MAUI CTY,4,2009,Total,159587.92973064462
MAUI CTY,8,2009,Domestic,163286.20031625635
MAUI CTY,8,2009,International,16740.826817433426
MAUI CTY,8,2009,Total,180027.0271336898
MAUI CTY,12,2009,Domestic,140488.2811578437
MAUI CTY,12,2009,International,28842.312268352398
MAUI CTY,12,2009,Total,169330.5934261961
MAUI CTY,2,2009,Domestic,132487.23477035385
MAUI CTY,2,2009,International,23286.07295130254
MAUI CTY,2,2009,Total,155773.3077216564
MAUI CTY,1,2009,Domestic,129853.80467556023
MAUI CTY,1,2009,International,29138.526408633697
MAUI CTY,1,2009,Total,158992.33108419392
MAUI CTY,7,2009,Domestic,176950.93940216655
MAUI CTY,7,2009,International,16065.799478789773
MAUI CTY,7,2009,Total,193016.7388809563
MAUI CTY,6,2009,Domestic,165482.94375157103
MAUI CTY,6,2009,International,13923.59282992225
MAUI CTY,6,2009,Total,179406.53658149327
MAUI CTY,3,2009,Domestic,136673.84149098783
MAUI CTY,3,2009,International,25655.00145682277
MAUI CTY,3,2009,Total,162328.8429478106
MAUI CTY,5,2009,Domestic,132627.8360449772
MAUI CTY,5,2009,International,15996.963052529285
MAUI CTY,5,2009,Total,148624.79909750647
MAUI CTY,11,2009,Domestic,120114.31138845933
MAUI CTY,11,2009,International,21355.81773920993
MAUI CTY,11,2009,Total,141470.12912766926
MAUI CTY,10,2009,Domestic,130434.28150286945
MAUI CTY,10,2009,International,15483.721736955698
MAUI CTY,10,2009,Total,145918.00323982514
MAUI CTY,9,2009,Domestic,122839.65298596103
MAUI CTY,9,2009,International,15041.252006244616
MAUI CTY,9,2009,Total,137880.90499220564
MAUI CTY,4,2010,Domestic,140757.7853955823
MAUI CTY,4,2010,International,25179.691546407666
MAUI CTY,4,2010,Total,165937.47694198997
MAUI CTY,8,2010,Domestic,172774.6338196439
MAUI CTY,8,2010,International,19085.745911490994
MAUI CTY,8,2010,Total,191860.3797311349
MAUI CTY,12,2010,Domestic,158207.21955052338
MAUI CTY,12,2010,International,31741.9001414364
MAUI CTY,12,2010,Total,189949.1196919598
MAUI CTY,2,2010,Domestic,134821.11262467413
MAUI CTY,2,2010,International,31479.865508747058
MAUI CTY,2,2010,Total,166300.9781334212
MAUI CTY,1,2010,Domestic,130643.4953372596
MAUI CTY,1,2010,International,31792.52538693584
MAUI CTY,1,2010,Total,162436.02072419543
MAUI CTY,7,2010,Domestic,194090.1283002358
MAUI CTY,7,2010,International,20025.155473588988
MAUI CTY,7,2010,Total,214115.2837738248
MAUI CTY,6,2010,Domestic,171693.85768007458
MAUI CTY,6,2010,International,14976.858416743604
MAUI CTY,6,2010,Total,186670.71609681819
MAUI CTY,3,2010,Domestic,152593.61541807515
MAUI CTY,3,2010,International,32592.24807329451
MAUI CTY,3,2010,Total,185185.86349136964
MAUI CTY,5,2010,Domestic,142420.64001636626
MAUI CTY,5,2010,International,22184.022153697908
MAUI CTY,5,2010,Total,164604.66217006417
MAUI CTY,11,2010,Domestic,139230.2283164825
MAUI CTY,11,2010,International,26128.45227266084
MAUI CTY,11,2010,Total,165358.68058914336
MAUI CTY,10,2010,Domestic,154105.0116158411
MAUI CTY,10,2010,International,20749.493466296295
MAUI CTY,10,2010,Total,174854.5050821374
MAUI CTY,9,2010,Domestic,136724.95419453253
MAUI CTY,9,2010,International,18635.768603956374
MAUI CTY,9,2010,Total,155360.72279848892
MAUI CTY,4,2011,Domestic,151655.61211766477
MAUI CTY,4,2011,International,30695.366246464553
MAUI CTY,4,2011,Total,182350.97836412932
MAUI CTY,8,2011,Domestic,164009.63824240744
MAUI CTY,8,2011,International,24290.576218560924
MAUI CTY,8,2011,Total,188300.21446096836
MAUI CTY,12,2011,Domestic,158960.4238926946
MAUI CTY,12,2011,International,40363.9599012649
MAUI CTY,12,2011,Total,199324.3837939595
MAUI CTY,2,2011,Domestic,147513.8616251281
MAUI CTY,2,2011,International,33988.82471731081
MAUI CTY,2,2011,Total,181502.68634243892
MAUI CTY,1,2011,Domestic,145738.73922995292
MAUI CTY,1,2011,International,34081.106502405986
MAUI CTY,1,2011,Total,179819.8457323589
MAUI CTY,7,2011,Domestic,189463.0016884989
MAUI CTY,7,2011,International,23055.771273498114
MAUI CTY,7,2011,Total,212518.772961997
MAUI CTY,6,2011,Domestic,172815.29911793882
MAUI CTY,6,2011,International,20092.94704314989
MAUI CTY,6,2011,Total,192908.2461610887
MAUI CTY,3,2011,Domestic,166817.8595603035
MAUI CTY,3,2011,International,40140.01673760448
MAUI CTY,3,2011,Total,206957.876297908
MAUI CTY,5,2011,Domestic,144947.6746184949
MAUI CTY,5,2011,International,20295.16862833719
MAUI CTY,5,2011,Total,165242.84324683208
MAUI CTY,11,2011,Domestic,142221.16174916003
MAUI CTY,11,2011,International,27602.306040782252
MAUI CTY,11,2011,Total,169823.46778994228
MAUI CTY,10,2011,Domestic,147992.8937596673
MAUI CTY,10,2011,International,23856.566604205407
MAUI CTY,10,2011,Total,171849.4603638727
MAUI CTY,9,2011,Domestic,136849.94513778551
MAUI CTY,9,2011,International,23964.217750848933
MAUI CTY,9,2011,Total,160814.16288863446
MAUI CTY,4,2012,Domestic,155948.36057792165
MAUI CTY,4,2012,International,34180.266328707876
MAUI CTY,4,2012,Total,190128.62690662954
MAUI CTY,8,2012,Domestic,181015.13986480772
MAUI CTY,8,2012,International,26912.852822397155
MAUI CTY,8,2012,Total,207927.99268720488
MAUI CTY,12,2012,Domestic,171916.23610044306
MAUI CTY,12,2012,International,43139.05701180146
MAUI CTY,12,2012,Total,215055.29311224452
MAUI CTY,2,2012,Domestic,148069.66205051087
MAUI CTY,2,2012,International,41232.71472124613
MAUI CTY,2,2012,Total,189302.376771757
MAUI CTY,1,2012,Domestic,149625.97824418903
MAUI CTY,1,2012,International,44678.531022892115
MAUI CTY,1,2012,Total,194304.50926708116
MAUI CTY,7,2012,Domestic,191323.83645883115
MAUI CTY,7,2012,International,26080.191275715006
MAUI CTY,7,2012,Total,217404.02773454617
MAUI CTY,6,2012,Domestic,181008.3488790973
MAUI CTY,6,2012,International,29661.84022578932
MAUI CTY,6,2012,Total,210670.1891048866
MAUI CTY,3,2012,Domestic,171796.7212496492
MAUI CTY,3,2012,International,47149.67845791523
MAUI CTY,3,2012,Total,218946.39970756444
MAUI CTY,5,2012,Domestic,153294.33982135722
MAUI CTY,5,2012,International,22268.207469512527
MAUI CTY,5,2012,Total,175562.54729086976
MAUI CTY,11,2012,Domestic,154800.9793599724
MAUI CTY,11,2012,International,30852.025416688706
MAUI CTY,11,2012,Total,185653.0047766611
MAUI CTY,10,2012,Domestic,155685.43584288526
MAUI CTY,10,2012,International,25943.938002025672
MAUI CTY,10,2012,Total,181629.37384491094
MAUI CTY,9,2012,Domestic,138232.83682582297
MAUI CTY,9,2012,International,28512.03634924175
MAUI CTY,9,2012,Total,166744.8731750647
MAUI CTY,4,2013,Domestic,158158.19382066396
MAUI CTY,4,2013,International,34668.43253674818
MAUI CTY,4,2013,Total,192826.62635741214
MAUI CTY,8,2013,Domestic,179745.97320552848
MAUI CTY,8,2013,International,31806.653435604996
MAUI CTY,8,2013,Total,211552.62664113348
MAUI CTY,12,2013,Domestic,168965.40682093098
MAUI CTY,12,2013,International,46404.952638225484
MAUI CTY,12,2013,Total,215370.35945915646
MAUI CTY,2,2013,Domestic,149334.87829112445
MAUI CTY,2,2013,International,44786.36312515596
MAUI CTY,2,2013,Total,194121.2414162804
MAUI CTY,1,2013,Domestic,154732.88542044628
MAUI CTY,1,2013,International,48415.46826832304
MAUI CTY,1,2013,Total,203148.35368876933
MAUI CTY,7,2013,Domestic,196900.3413331721
MAUI CTY,7,2013,International,32039.219265858654
MAUI CTY,7,2013,Total,228939.56059903075
MAUI CTY,6,2013,Domestic,186887.39042823145
MAUI CTY,6,2013,International,28627.592716748164
MAUI CTY,6,2013,Total,215514.9831449796
MAUI CTY,3,2013,Domestic,175143.2828994761
MAUI CTY,3,2013,International,46807.98697187724
MAUI CTY,3,2013,Total,221951.26987135335
MAUI CTY,5,2013,Domestic,158187.78241291596
MAUI CTY,5,2013,International,27244.065709849194
MAUI CTY,5,2013,Total,185431.84812276514
MAUI CTY,11,2013,Domestic,148175.4505912083
MAUI CTY,11,2013,International,35933.585598838494
MAUI CTY,11,2013,Total,184109.03619004678
MAUI CTY,10,2013,Domestic,147788.42327874538
MAUI CTY,10,2013,International,31993.51006120909
MAUI CTY,10,2013,Total,179781.93333995447
MAUI CTY,9,2013,Domestic,134870.7028631695
MAUI CTY,9,2013,International,34114.18281718551
MAUI CTY,9,2013,Total,168984.88568035502
MAUI CTY,4,2014,Domestic,159934.95108860874
MAUI CTY,4,2014,International,42229.65735929116
MAUI CTY,4,2014,Total,202164.6084478999
MAUI CTY,8,2014,Domestic,179385.6548173972
MAUI CTY,8,2014,International,28492.47850106157
MAUI CTY,8,2014,Total,207878.13331845877
MAUI CTY,12,2014,Domestic,179926.28090571795
MAUI CTY,12,2014,International,52541.707534889094
MAUI CTY,12,2014,Total,232467.98844060703
MAUI CTY,2,2014,Domestic,148424.17561102932
MAUI CTY,2,2014,International,46504.06560002435
MAUI CTY,2,2014,Total,194928.24121105368
MAUI CTY,1,2014,Domestic,154509.01412037222
MAUI CTY,1,2014,International,49713.45250906633
MAUI CTY,1,2014,Total,204222.46662943854
MAUI CTY,7,2014,Domestic,202238.92992653197
MAUI CTY,7,2014,International,28058.84688509704
MAUI CTY,7,2014,Total,230297.776811629
MAUI CTY,6,2014,Domestic,186734.34900418567
MAUI CTY,6,2014,International,25090.476121581014
MAUI CTY,6,2014,Total,211824.82512576669
MAUI CTY,3,2014,Domestic,173842.92496858846
MAUI CTY,3,2014,International,46115.625072075454
MAUI CTY,3,2014,Total,219958.55004066392
MAUI CTY,5,2014,Domestic,165741.3338391623
MAUI CTY,5,2014,International,28282.63565377873
MAUI CTY,5,2014,Total,194023.96949294105
MAUI CTY,11,2014,Domestic,154944.4976833913
MAUI CTY,11,2014,International,37178.11488498483
MAUI CTY,11,2014,Total,192122.61256837612
MAUI CTY,10,2014,Domestic,160469.98345659752
MAUI CTY,10,2014,International,32259.658410349253
MAUI CTY,10,2014,Total,192729.64186694677
MAUI CTY,9,2014,Domestic,145725.77060947896
MAUI CTY,9,2014,International,28590.142705264436
MAUI CTY,9,2014,Total,174315.9133147434
MAUI CTY,4,2015,Domestic,169035.38576645983
MAUI CTY,4,2015,International,37038.32543123061
MAUI CTY,4,2015,Total,206073.71119769046
MAUI CTY,8,2015,Domestic,184845.77965686328
MAUI CTY,8,2015,International,34379.79066330598
MAUI CTY,8,2015,Total,219225.57032016927
MAUI CTY,12,2015,Domestic,185400.79328826617
MAUI CTY,12,2015,International,50480.66367827015
MAUI CTY,12,2015,Total,235881.45696653632
MAUI CTY,2,2015,Domestic,156299.46577470104
MAUI CTY,2,2015,International,44921.325219720486
MAUI CTY,2,2015,Total,201220.79099442152
MAUI CTY,1,2015,Domestic,162302.59643772957
MAUI CTY,1,2015,International,54424.961656040425
MAUI CTY,1,2015,Total,216727.55809377
MAUI CTY,7,2015,Domestic,211651.30605562215
MAUI CTY,7,2015,International,34906.16483214417
MAUI CTY,7,2015,Total,246557.4708877663
MAUI CTY,6,2015,Domestic,206445.6271694797
MAUI CTY,6,2015,International,30355.905655758746
MAUI CTY,6,2015,Total,236801.53282523845
MAUI CTY,3,2015,Domestic,187197.6327825958
MAUI CTY,3,2015,International,49121.59240737556
MAUI CTY,3,2015,Total,236319.2251899714
MAUI CTY,5,2015,Domestic,180331.91988992953
MAUI CTY,5,2015,International,29438.950855510808
MAUI CTY,5,2015,Total,209770.87074544033
MAUI CTY,11,2015,Domestic,156338.87640791826
MAUI CTY,11,2015,International,41211.01280994905
MAUI CTY,11,2015,Total,197549.8892178673
MAUI CTY,10,2015,Domestic,164694.0748529434
MAUI CTY,10,2015,International,28796.505990312413
MAUI CTY,10,2015,Total,193490.5808432558
MAUI CTY,9,2015,Domestic,151390.4091435607
MAUI CTY,9,2015,International,28301.459875370692
MAUI CTY,9,2015,Total,179691.8690189314
MAUI CTY,4,2016,Domestic,175882.55193235283
MAUI CTY,4,2016,International,39577.75997715166
MAUI CTY,4,2016,Total,215460.3119095045
MAUI CTY,8,2016,Domestic,193328.66393940587
MAUI CTY,8,2016,International,36266.77889008504
MAUI CTY,8,2016,Total,229595.44282949093
MAUI CTY,12,2016,Domestic,198157.55029972515
MAUI CTY,12,2016,International,45871.097197366005
MAUI CTY,12,2016,Total,244028.64749709115
MAUI CTY,2,2016,Domestic,159331.73325232632
MAUI CTY,2,2016,International,49477.24014724065
MAUI CTY,2,2016,Total,208808.97339956695
MAUI CTY,1,2016,Domestic,164148.16551247973
MAUI CTY,1,2016,International,54733.66619031282
MAUI CTY,1,2016,Total,218881.83170279255
MAUI CTY,7,2016,Domestic,222708.7839900046
MAUI CTY,7,2016,International,35254.07182426499
MAUI CTY,7,2016,Total,257962.85581426957
MAUI CTY,6,2016,Domestic,211593.56836139955
MAUI CTY,6,2016,International,30435.883576271706
MAUI CTY,6,2016,Total,242029.45193767126
MAUI CTY,3,2016,Domestic,191984.55033788373
MAUI CTY,3,2016,International,45694.08032861134
MAUI CTY,3,2016,Total,237678.63066649507
MAUI CTY,5,2016,Domestic,185012.04857355423
MAUI CTY,5,2016,International,30802.01955741783
MAUI CTY,5,2016,Total,215814.06813097207
MAUI CTY,11,2016,Domestic,165229.14433589173
MAUI CTY,11,2016,International,35009.17531818944
MAUI CTY,11,2016,Total,200238.31965408116
MAUI CTY,10,2016,Domestic,175803.08221596063
MAUI CTY,10,2016,International,34068.847078774976
MAUI CTY,10,2016,Total,209871.9292947356
MAUI CTY,9,2016,Domestic,164677.8733561132
MAUI CTY,9,2016,International,33040.98945872688
MAUI CTY,9,2016,Total,197718.8628148401
MAUI CTY,4,2017,Domestic,186739.70535859346
MAUI CTY,4,2017,International,45889.58100741896
MAUI CTY,4,2017,Total,232629.2863659494
MAUI CTY,8,2017,Domestic,201477.36778324572
MAUI CTY,8,2017,International,34285.38242535324
MAUI CTY,8,2017,Total,235762.750208552
MAUI CTY,12,2017,Domestic,210291.09235559704
MAUI CTY,12,2017,International,53312.35269903197
MAUI CTY,12,2017,Total,263603.4450546739
MAUI CTY,2,2017,Domestic,159476.2428143625
MAUI CTY,2,2017,International,46176.944341910385
MAUI CTY,2,2017,Total,205653.1871562115
MAUI CTY,1,2017,Domestic,167689.70061402855
MAUI CTY,1,2017,International,57723.414384829906
MAUI CTY,1,2017,Total,225413.11499892172
MAUI CTY,7,2017,Domestic,235144.69191848274
MAUI CTY,7,2017,International,31267.815069470045
MAUI CTY,7,2017,Total,266412.50698799925
MAUI CTY,6,2017,Domestic,222159.95567292368
MAUI CTY,6,2017,International,33479.55154143816
MAUI CTY,6,2017,Total,255639.50721441532
MAUI CTY,3,2017,Domestic,196991.75727375224
MAUI CTY,3,2017,International,47732.66627300854
MAUI CTY,3,2017,Total,244724.423546702
MAUI CTY,5,2017,Domestic,193955.71172118193
MAUI CTY,5,2017,International,32382.018742667922
MAUI CTY,5,2017,Total,226337.73046383788
MAUI CTY,11,2017,Domestic,177318.52314621222
MAUI CTY,11,2017,International,43329.23863944265
MAUI CTY,11,2017,Total,220647.76178562903
MAUI CTY,10,2017,Domestic,180875.21941522372
MAUI CTY,10,2017,International,37598.58740773892
MAUI CTY,10,2017,Total,218473.80682292557
MAUI CTY,9,2017,Domestic,171612.92295520834
MAUI CTY,9,2017,International,32743.529376349965
MAUI CTY,9,2017,Total,204356.45233141613
MAUI CTY,4,2018,Domestic,196280.8612491538
MAUI CTY,4,2018,International,45269.46299576684
MAUI CTY,4,2018,Total,241550.32424490445
MAUI CTY,8,2018,Domestic,213163.07653040535
MAUI CTY,8,2018,International,35212.093763964505
MAUI CTY,8,2018,Total,248375.1702943326
MAUI CTY,12,2018,Domestic,211673.07991079305
MAUI CTY,12,2018,International,47033.54737918828
MAUI CTY,12,2018,Total,258706.62729001508
MAUI CTY,2,2018,Domestic,176221.3529321078
MAUI CTY,2,2018,International,46895.92721455407
MAUI CTY,2,2018,Total,223117.28014674166
MAUI CTY,1,2018,Domestic,183287.59199261488
MAUI CTY,1,2018,International,51985.541729257966
MAUI CTY,1,2018,Total,235273.13372180855
MAUI CTY,7,2018,Domestic,261552.79183684028
MAUI CTY,7,2018,International,38708.617931293156
MAUI CTY,7,2018,Total,300261.4097679531
MAUI CTY,6,2018,Domestic,247223.66430981716
MAUI CTY,6,2018,International,38096.829095281806
MAUI CTY,6,2018,Total,285320.49340498436
MAUI CTY,3,2018,Domestic,218030.03167475876
MAUI CTY,3,2018,International,45729.51904042592
MAUI CTY,3,2018,Total,263759.55071513134
MAUI CTY,5,2018,Domestic,212126.81901327337
MAUI CTY,5,2018,International,31240.434703956096
MAUI CTY,5,2018,Total,243367.25371715717
MAUI CTY,11,2018,Domestic,186201.79327092896
MAUI CTY,11,2018,International,44049.14767575049
MAUI CTY,11,2018,Total,230250.9409466461
MAUI CTY,10,2018,Domestic,189447.9117888714
MAUI CTY,10,2018,International,30645.065426058925
MAUI CTY,10,2018,Total,220092.9772148486
MAUI CTY,9,2018,Domestic,178167.8722034588
MAUI CTY,9,2018,International,35321.04203126375
MAUI CTY,9,2018,Total,213488.91423486872
MAUI CTY,4,2019,Domestic,212705.69350576578
MAUI CTY,4,2019,International,38712.272241211176
MAUI CTY,4,2019,Total,251417.96574703566
MAUI CTY,8,2019,Domestic,247020.39383303717
MAUI CTY,8,2019,International,31324.97860129773
MAUI CTY,8,2019,Total,278345.372434321
MAUI CTY,12,2019,Domestic,240463.70578143164
MAUI CTY,12,2019,International,40388.426556870574
MAUI CTY,12,2019,Total,280852.1323382829
MAUI CTY,2,2019,Domestic,177112.50172002017
MAUI CTY,2,2019,International,48682.97035303872
MAUI CTY,2,2019,Total,225795.47207295647
MAUI CTY,1,2019,Domestic,184777.38347263105
MAUI CTY,1,2019,International,52593.441157614514
MAUI CTY,1,2019,Total,237370.82463005357
MAUI CTY,7,2019,Domestic,279368.2145124367
MAUI CTY,7,2019,International,33678.22422214979
MAUI CTY,7,2019,Total,313046.4387345576
MAUI CTY,6,2019,Domestic,266224.2323040767
MAUI CTY,6,2019,International,34287.820712087596
MAUI CTY,6,2019,Total,300512.05301632086
MAUI CTY,3,2019,Domestic,224361.75975339752
MAUI CTY,3,2019,International,53216.66445825395
MAUI CTY,3,2019,Total,277578.42421158403
MAUI CTY,5,2019,Domestic,228561.86090604117
MAUI CTY,5,2019,International,26989.818828174124
MAUI CTY,5,2019,Total,255551.67973426866
MAUI CTY,11,2019,Domestic,197977.2792261669
MAUI CTY,11,2019,International,37708.510763463084
MAUI CTY,11,2019,Total,235685.78998953244
MAUI CTY,10,2019,Domestic,207355.90943650316
MAUI CTY,10,2019,International,34170.74056877632
MAUI CTY,10,2019,Total,241526.65000518042
MAUI CTY,9,2019,Domestic,184857.9523650388
MAUI CTY,9,2019,International,28590.704749820183
MAUI CTY,9,2019,Total,213448.65711486875
MAUI CTY,4,2020,Domestic,638.2793374987477
MAUI CTY,4,2020,International,0.0
MAUI CTY,4,2020,Total,638.2793374987477
MAUI CTY,8,2020,Domestic,2547.4897635463453
MAUI CTY,8,2020,International,0.0
MAUI CTY,8,2020,Total,2547.4897635463453
MAUI CTY,12,2020,Domestic,89936.32472116813
MAUI CTY,12,2020,International,2389.8564616291233
MAUI CTY,12,2020,Total,92326.18118280033
MAUI CTY,2,2020,Domestic,201544.33742438865
MAUI CTY,2,2020,International,37965.904269838604
MAUI CTY,2,2020,Total,239510.24169413347
MAUI CTY,1,2020,Domestic,200004.08999169155
MAUI CTY,1,2020,International,47634.666311214205
MAUI CTY,1,2020,Total,247638.75630289907
MAUI CTY,7,2020,Domestic,2777.793044831677
MAUI CTY,7,2020,International,0.0
MAUI CTY,7,2020,Total,2777.793044831677
MAUI CTY,6,2020,Domestic,2079.283235869069
MAUI CTY,6,2020,International,0.0
MAUI CTY,6,2020,Total,2079.283235869069
MAUI CTY,3,2020,Domestic,114818.76299771515
MAUI CTY,3,2020,International,12789.383750262652
MAUI CTY,3,2020,Total,127608.14674795988
MAUI CTY,5,2020,Domestic,1193.396620281373
MAUI CTY,5,2020,International,0.0
MAUI CTY,5,2020,Total,1193.396620281373
MAUI CTY,11,2020,Domestic,64564.44674926353
MAUI CTY,11,2020,International,30.027027027027028
MAUI CTY,11,2020,Total,64594.473776290564
MAUI CTY,10,2020,Domestic,23838.788168781124
MAUI CTY,10,2020,International,0.0
MAUI CTY,10,2020,Total,23838.788168781124
MAUI CTY,9,2020,Domestic,2555.5896989330076
MAUI CTY,9,2020,International,0.0
MAUI CTY,9,2020,Total,2555.5896989330076
MAUI CTY,4,2021,Domestic,181153.39034831122
MAUI CTY,4,2021,International,159.7183363041383
MAUI CTY,4,2021,Total,181313.10868461494
MAUI CTY,8,2021,Domestic,235197.2171887205
MAUI CTY,8,2021,International,2085.9597462256347
MAUI CTY,8,2021,Total,237283.17693494612
MAUI CTY,12,2021,Domestic,221679.72426487433
MAUI CTY,12,2021,International,18957.715945184216
MAUI CTY,12,2021,Total,240637.44021006566
MAUI CTY,2,2021,Domestic,93805.73692023946
MAUI CTY,2,2021,International,191.45239437689523
MAUI CTY,2,2021,Total,93997.18931461633
MAUI CTY,1,2021,Domestic,66309.98452663182
MAUI CTY,1,2021,International,1622.5902768883184
MAUI CTY,1,2021,Total,67932.57480351914
MAUI CTY,7,2021,Domestic,286852.0769666407
MAUI CTY,7,2021,International,348.4498350083013
MAUI CTY,7,2021,Total,287200.5268016495
MAUI CTY,6,2021,Domestic,264838.40878111543
MAUI CTY,6,2021,International,59.18905019213912
MAUI CTY,6,2021,Total,264897.59783130785
MAUI CTY,3,2021,Domestic,172806.6653878474
MAUI CTY,3,2021,International,101.76727429433299
MAUI CTY,3,2021,Total,172908.43266214177
MAUI CTY,5,2021,Domestic,219543.0118354484
MAUI CTY,5,2021,International,53.80434218925095
MAUI CTY,5,2021,Total,219596.81617763778
MAUI CTY,11,2021,Domestic,193584.32724395144
MAUI CTY,11,2021,International,12769.63409363799
MAUI CTY,11,2021,Total,206353.96133754245
MAUI CTY,10,2021,Domestic,189283.47747081524
MAUI CTY,10,2021,International,4200.774728719819
MAUI CTY,10,2021,Total,193484.25219953308
MAUI CTY,9,2021,Domestic,173853.55995398335
MAUI CTY,9,2021,International,1456.295067487464
MAUI CTY,9,2021,Total,175309.85502147386
MAUI CTY,4,2022,Domestic,237987.52282346375
MAUI CTY,4,2022,International,22187.929539563538
MAUI CTY,4,2022,Total,260175.45236300462
MAUI CTY,8,2022,Domestic,248640.76504193307
MAUI CTY,8,2022,International,21699.184176154296
MAUI CTY,8,2022,Total,270339.94921806944
MAUI CTY,12,2022,Domestic,232233.1040983412
MAUI CTY,12,2022,International,33624.86172540682
MAUI CTY,12,2022,Total,265857.9658237537
MAUI CTY,2,2022,Domestic,183818.05982352784
MAUI CTY,2,2022,International,13236.973122034737
MAUI CTY,2,2022,Total,197055.0329455543
MAUI CTY,1,2022,Domestic,175031.60947427832
MAUI CTY,1,2022,International,11784.143405537789
MAUI CTY,1,2022,Total,186815.75287981465
MAUI CTY,7,2022,Domestic,287542.8438869772
MAUI CTY,7,2022,International,22465.527203914382
MAUI CTY,7,2022,Total,310008.3710909827
MAUI CTY,6,2022,Domestic,277422.76712886296
MAUI CTY,6,2022,International,14447.465893841007
MAUI CTY,6,2022,Total,291870.2330227338
MAUI CTY,3,2022,Domestic,218304.19248171654
MAUI CTY,3,2022,International,26326.749812375143
MAUI CTY,3,2022,Total,244630.94229411377
MAUI CTY,5,2022,Domestic,237645.49613881067
MAUI CTY,5,2022,International,13716.943098560894
MAUI CTY,5,2022,Total,251362.43923740817
MAUI CTY,11,2022,Domestic,201582.7964893351
MAUI CTY,11,2022,International,32324.036856315313
MAUI CTY,11,2022,Total,233906.83334557895
MAUI CTY,10,2022,Domestic,210134.15979238742
MAUI CTY,10,2022,International,24200.61462367948
MAUI CTY,10,2022,Total,234334.7744160068
MAUI CTY,9,2022,Domestic,207464.38062753048
MAUI CTY,9,2022,International,15572.408903729101
MAUI CTY,9,2022,Total,223036.78953128651
MOLOKA'I,4,1990,Domestic,
MOLOKA'I,4,1990,International,
MOLOKA'I,4,1990,Total,
MOLOKA'I,8,1990,Domestic,
MOLOKA'I,8,1990,International,
MOLOKA'I,8,1990,Total,
MOLOKA'I,12,1990,Domestic,
MOLOKA'I,12,1990,International,
MOLOKA'I,12,1990,Total,
MOLOKA'I,2,1990,Domestic,
MOLOKA'I,2,1990,International,
MOLOKA'I,2,1990,Total,
MOLOKA'I,1,1990,Domestic,
MOLOKA'I,1,1990,International,
MOLOKA'I,1,1990,Total,
MOLOKA'I,7,1990,Domestic,
MOLOKA'I,7,1990,International,
MOLOKA'I,7,1990,Total,
MOLOKA'I,6,1990,Domestic,
MOLOKA'I,6,1990,International,
MOLOKA'I,6,1990,Total,
MOLOKA'I,3,1990,Domestic,
MOLOKA'I,3,1990,International,
MOLOKA'I,3,1990,Total,
MOLOKA'I,5,1990,Domestic,
MOLOKA'I,5,1990,International,
MOLOKA'I,5,1990,Total,
MOLOKA'I,11,1990,Domestic,
MOLOKA'I,11,1990,International,
MOLOKA'I,11,1990,Total,
MOLOKA'I,10,1990,Domestic,
MOLOKA'I,10,1990,International,
MOLOKA'I,10,1990,Total,
MOLOKA'I,9,1990,Domestic,
MOLOKA'I,9,1990,International,
MOLOKA'I,9,1990,Total,
MOLOKA'I,4,1991,Domestic,7221.621145985394
MOLOKA'I,4,1991,International,600.6968592024929
MOLOKA'I,4,1991,Total,7822.318005187887
MOLOKA'I,8,1991,Domestic,5838.44102769016
MOLOKA'I,8,1991,International,1321.316845846662
MOLOKA'I,8,1991,Total,7159.757873536822
MOLOKA'I,12,1991,Domestic,6107.8862409445455
MOLOKA'I,12,1991,International,677.7989324186755
MOLOKA'I,12,1991,Total,6785.685173363221
MOLOKA'I,2,1991,Domestic,6789.824696010089
MOLOKA'I,2,1991,International,799.3043358816182
MOLOKA'I,2,1991,Total,7589.129031891707
MOLOKA'I,1,1991,Domestic,7321.500930499781
MOLOKA'I,1,1991,International,1359.1678333773652
MOLOKA'I,1,1991,Total,8680.668763877147
MOLOKA'I,7,1991,Domestic,5850.724227982048
MOLOKA'I,7,1991,International,2675.9450989370125
MOLOKA'I,7,1991,Total,8526.669326919062
MOLOKA'I,6,1991,Domestic,5697.615871748441
MOLOKA'I,6,1991,International,1104.4047502846831
MOLOKA'I,6,1991,Total,6802.020622033125
MOLOKA'I,3,1991,Domestic,8561.11400828068
MOLOKA'I,3,1991,International,1068.0546940618315
MOLOKA'I,3,1991,Total,9629.168702342511
MOLOKA'I,5,1991,Domestic,8136.489862438086
MOLOKA'I,5,1991,International,920.3896566946896
MOLOKA'I,5,1991,Total,9056.879519132775
MOLOKA'I,11,1991,Domestic,5286.189468640109
MOLOKA'I,11,1991,International,1177.6879054311714
MOLOKA'I,11,1991,Total,6463.87737407128
MOLOKA'I,10,1991,Domestic,5853.467331172376
MOLOKA'I,10,1991,International,438.75433426777516
MOLOKA'I,10,1991,Total,6292.221665440152
MOLOKA'I,9,1991,Domestic,4281.712951633062
MOLOKA'I,9,1991,International,271.29878838545693
MOLOKA'I,9,1991,Total,4553.011740018519
MOLOKA'I,4,1992,Domestic,7436.799774364829
MOLOKA'I,4,1992,International,1322.8879741268718
MOLOKA'I,4,1992,Total,8759.6877484917
MOLOKA'I,8,1992,Domestic,7893.204317736217
MOLOKA'I,8,1992,International,984.3072177155775
MOLOKA'I,8,1992,Total,8877.511535451795
MOLOKA'I,12,1992,Domestic,8816.391491101576
MOLOKA'I,12,1992,International,1442.4215174391177
MOLOKA'I,12,1992,Total,10258.813008540694
MOLOKA'I,2,1992,Domestic,6683.494291460723
MOLOKA'I,2,1992,International,1623.2794355029118
MOLOKA'I,2,1992,Total,8306.773726963635
MOLOKA'I,1,1992,Domestic,9518.30752639786
MOLOKA'I,1,1992,International,900.0426763368752
MOLOKA'I,1,1992,Total,10418.350202734737
MOLOKA'I,7,1992,Domestic,9106.00810951173
MOLOKA'I,7,1992,International,1780.2450216393263
MOLOKA'I,7,1992,Total,10886.253131151056
MOLOKA'I,6,1992,Domestic,7495.602990088679
MOLOKA'I,6,1992,International,2601.942559314998
MOLOKA'I,6,1992,Total,10097.545549403676
MOLOKA'I,3,1992,Domestic,8424.156428258702
MOLOKA'I,3,1992,International,1167.1785535045574
MOLOKA'I,3,1992,Total,9591.334981763259
MOLOKA'I,5,1992,Domestic,7361.969301802238
MOLOKA'I,5,1992,International,916.5735949981141
MOLOKA'I,5,1992,Total,8278.542896800353
MOLOKA'I,11,1992,Domestic,8846.232172627811
MOLOKA'I,11,1992,International,2175.1604228485776
MOLOKA'I,11,1992,Total,11021.392595476389
MOLOKA'I,10,1992,Domestic,9705.612047287346
MOLOKA'I,10,1992,International,372.40303556700184
MOLOKA'I,10,1992,Total,10078.015082854348
MOLOKA'I,9,1992,Domestic,7022.315549280268
MOLOKA'I,9,1992,International,2087.0333667185228
MOLOKA'I,9,1992,Total,9109.348915998791
MOLOKA'I,4,1993,Domestic,7095.422868497629
MOLOKA'I,4,1993,International,413.462156677203
MOLOKA'I,4,1993,Total,7508.885025174832
MOLOKA'I,8,1993,Domestic,5878.581906003027
MOLOKA'I,8,1993,International,444.27048258959667
MOLOKA'I,8,1993,Total,6322.852388592624
MOLOKA'I,12,1993,Domestic,5669.645387839065
MOLOKA'I,12,1993,International,734.0648899199118
MOLOKA'I,12,1993,Total,6403.710277758977
MOLOKA'I,2,1993,Domestic,7865.117748438242
MOLOKA'I,2,1993,International,1549.6278843485902
MOLOKA'I,2,1993,Total,9414.745632786833
MOLOKA'I,1,1993,Domestic,7897.726300978917
MOLOKA'I,1,1993,International,4783.666904487806
MOLOKA'I,1,1993,Total,12681.393205466724
MOLOKA'I,7,1993,Domestic,7047.524056410027
MOLOKA'I,7,1993,International,347.4141874706345
MOLOKA'I,7,1993,Total,7394.9382438806615
MOLOKA'I,6,1993,Domestic,5827.653514859189
MOLOKA'I,6,1993,International,2587.328661551089
MOLOKA'I,6,1993,Total,8414.982176410278
MOLOKA'I,3,1993,Domestic,7630.659603709542
MOLOKA'I,3,1993,International,1350.6721243618206
MOLOKA'I,3,1993,Total,8981.331728071364
MOLOKA'I,5,1993,Domestic,6144.76883686781
MOLOKA'I,5,1993,International,337.01724961865136
MOLOKA'I,5,1993,Total,6481.7860864864615
MOLOKA'I,11,1993,Domestic,5230.9181025368825
MOLOKA'I,11,1993,International,893.6125568934849
MOLOKA'I,11,1993,Total,6124.530659430367
MOLOKA'I,10,1993,Domestic,6098.69530779367
MOLOKA'I,10,1993,International,542.8664272025276
MOLOKA'I,10,1993,Total,6641.561734996198
MOLOKA'I,9,1993,Domestic,6057.083265052802
MOLOKA'I,9,1993,International,1751.5908214548342
MOLOKA'I,9,1993,Total,7808.674086507636
MOLOKA'I,4,1994,Domestic,5485.064913542922
MOLOKA'I,4,1994,International,308.5466181124049
MOLOKA'I,4,1994,Total,5793.611531655327
MOLOKA'I,8,1994,Domestic,5178.991276705737
MOLOKA'I,8,1994,International,257.41698682725865
MOLOKA'I,8,1994,Total,5436.408263532995
MOLOKA'I,12,1994,Domestic,6551.22982046484
MOLOKA'I,12,1994,International,1148.6065235033361
MOLOKA'I,12,1994,Total,7699.836343968176
MOLOKA'I,2,1994,Domestic,6557.618972416386
MOLOKA'I,2,1994,International,1562.7426951422983
MOLOKA'I,2,1994,Total,8120.3616675586845
MOLOKA'I,1,1994,Domestic,5606.718172631582
MOLOKA'I,1,1994,International,2518.269201783344
MOLOKA'I,1,1994,Total,8124.987374414926
MOLOKA'I,7,1994,Domestic,5986.44830948325
MOLOKA'I,7,1994,International,1009.653825049048
MOLOKA'I,7,1994,Total,6996.102134532299
MOLOKA'I,6,1994,Domestic,5876.2684138500335
MOLOKA'I,6,1994,International,537.7978480203907
MOLOKA'I,6,1994,Total,6414.066261870425
MOLOKA'I,3,1994,Domestic,5849.1516992849
MOLOKA'I,3,1994,International,1156.2403534891034
MOLOKA'I,3,1994,Total,7005.392052774004
MOLOKA'I,5,1994,Domestic,5380.902234769006
MOLOKA'I,5,1994,International,253.33131365446593
MOLOKA'I,5,1994,Total,5634.233548423472
MOLOKA'I,11,1994,Domestic,5950.460029011935
MOLOKA'I,11,1994,International,632.8646571101866
MOLOKA'I,11,1994,Total,6583.324686122121
MOLOKA'I,10,1994,Domestic,5620.957583355769
MOLOKA'I,10,1994,International,590.1844625595668
MOLOKA'I,10,1994,Total,6211.142045915336
MOLOKA'I,9,1994,Domestic,4538.2978471892575
MOLOKA'I,9,1994,International,576.9578299736096
MOLOKA'I,9,1994,Total,5115.255677162867
MOLOKA'I,4,1995,Domestic,5218.476097564136
MOLOKA'I,4,1995,International,1045.8295455232987
MOLOKA'I,4,1995,Total,6264.305643087435
MOLOKA'I,8,1995,Domestic,6150.793519179613
MOLOKA'I,8,1995,International,271.3944282932121
MOLOKA'I,8,1995,Total,6422.187947472826
MOLOKA'I,12,1995,Domestic,6667.291126014796
MOLOKA'I,12,1995,International,1148.2954282229693
MOLOKA'I,12,1995,Total,7815.586554237765
MOLOKA'I,2,1995,Domestic,6687.13123596408
MOLOKA'I,2,1995,International,1942.215940737412
MOLOKA'I,2,1995,Total,8629.347176701493
MOLOKA'I,1,1995,Domestic,6517.73141287564
MOLOKA'I,1,1995,International,957.3564558700333
MOLOKA'I,1,1995,Total,7475.087868745673
MOLOKA'I,7,1995,Domestic,6593.604639612712
MOLOKA'I,7,1995,International,883.6233083331666
MOLOKA'I,7,1995,Total,7477.227947945878
MOLOKA'I,6,1995,Domestic,5171.892227975561
MOLOKA'I,6,1995,International,405.8076201842779
MOLOKA'I,6,1995,Total,5577.699848159838
MOLOKA'I,3,1995,Domestic,5625.163441366463
MOLOKA'I,3,1995,International,1592.5317868618079
MOLOKA'I,3,1995,Total,7217.695228228271
MOLOKA'I,5,1995,Domestic,4899.1797020825115
MOLOKA'I,5,1995,International,812.4582853204131
MOLOKA'I,5,1995,Total,5711.637987402924
MOLOKA'I,11,1995,Domestic,5985.326798229311
MOLOKA'I,11,1995,International,1018.6123832803931
MOLOKA'I,11,1995,Total,7003.939181509704
MOLOKA'I,10,1995,Domestic,6495.843389107207
MOLOKA'I,10,1995,International,765.6104815988507
MOLOKA'I,10,1995,Total,7261.453870706058
MOLOKA'I,9,1995,Domestic,5058.067202420998
MOLOKA'I,9,1995,International,1194.8549447116495
MOLOKA'I,9,1995,Total,6252.922147132647
MOLOKA'I,4,1996,Domestic,4718.360810242997
MOLOKA'I,4,1996,International,669.4962130606306
MOLOKA'I,4,1996,Total,5387.857023303628
MOLOKA'I,8,1996,Domestic,5220.274142515502
MOLOKA'I,8,1996,International,443.95176618898194
MOLOKA'I,8,1996,Total,5664.225908704484
MOLOKA'I,12,1996,Domestic,5460.109107884779
MOLOKA'I,12,1996,International,2388.4244612282287
MOLOKA'I,12,1996,Total,7848.533569113008
MOLOKA'I,2,1996,Domestic,6046.524270896392
MOLOKA'I,2,1996,International,1282.7870533401574
MOLOKA'I,2,1996,Total,7329.31132423655
MOLOKA'I,1,1996,Domestic,7148.488055450737
MOLOKA'I,1,1996,International,1725.5150737203874
MOLOKA'I,1,1996,Total,8874.003129171124
MOLOKA'I,7,1996,Domestic,5889.419986423286
MOLOKA'I,7,1996,International,462.42874327543234
MOLOKA'I,7,1996,Total,6351.848729698719
MOLOKA'I,6,1996,Domestic,5903.975352200914
MOLOKA'I,6,1996,International,367.4974347657019
MOLOKA'I,6,1996,Total,6271.472786966616
MOLOKA'I,3,1996,Domestic,5543.399392217432
MOLOKA'I,3,1996,International,1201.2325203087369
MOLOKA'I,3,1996,Total,6744.631912526169
MOLOKA'I,5,1996,Domestic,6021.792160933911
MOLOKA'I,5,1996,International,395.0592607731508
MOLOKA'I,5,1996,Total,6416.8514217070615
MOLOKA'I,11,1996,Domestic,4665.936654485426
MOLOKA'I,11,1996,International,892.1072704909612
MOLOKA'I,11,1996,Total,5558.043924976387
MOLOKA'I,10,1996,Domestic,5544.072034223118
MOLOKA'I,10,1996,International,565.138731359414
MOLOKA'I,10,1996,Total,6109.210765582532
MOLOKA'I,9,1996,Domestic,4529.1327110531665
MOLOKA'I,9,1996,International,384.67407639730845
MOLOKA'I,9,1996,Total,4913.806787450475
MOLOKA'I,4,1997,Domestic,6489.396427868007
MOLOKA'I,4,1997,International,781.4756393223406
MOLOKA'I,4,1997,Total,7270.8720671903475
MOLOKA'I,8,1997,Domestic,4248.587800565675
MOLOKA'I,8,1997,International,473.1132426621887
MOLOKA'I,8,1997,Total,4721.701043227864
MOLOKA'I,12,1997,Domestic,4189.455869764691
MOLOKA'I,12,1997,International,1492.3051510516423
MOLOKA'I,12,1997,Total,5681.761020816333
MOLOKA'I,2,1997,Domestic,6411.324580341546
MOLOKA'I,2,1997,International,1012.9473959840186
MOLOKA'I,2,1997,Total,7424.2719763255645
MOLOKA'I,1,1997,Domestic,6804.509868220594
MOLOKA'I,1,1997,International,1281.035992468234
MOLOKA'I,1,1997,Total,8085.545860688829
MOLOKA'I,7,1997,Domestic,5944.53404981846
MOLOKA'I,7,1997,International,283.84031891095145
MOLOKA'I,7,1997,Total,6228.374368729411
MOLOKA'I,6,1997,Domestic,5244.866808528875
MOLOKA'I,6,1997,International,934.068261598202
MOLOKA'I,6,1997,Total,6178.935070127077
MOLOKA'I,3,1997,Domestic,6717.957239506597
MOLOKA'I,3,1997,International,897.767108977274
MOLOKA'I,3,1997,Total,7615.724348483871
MOLOKA'I,5,1997,Domestic,5520.96971228006
MOLOKA'I,5,1997,International,3641.9904060913927
MOLOKA'I,5,1997,Total,9162.960118371453
MOLOKA'I,11,1997,Domestic,4619.03328179867
MOLOKA'I,11,1997,International,1564.180547429833
MOLOKA'I,11,1997,Total,6183.2138292285035
MOLOKA'I,10,1997,Domestic,4874.264697329055
MOLOKA'I,10,1997,International,787.7025941121634
MOLOKA'I,10,1997,Total,5661.967291441219
MOLOKA'I,9,1997,Domestic,4389.364392149763
MOLOKA'I,9,1997,International,1316.8909656332955
MOLOKA'I,9,1997,Total,5706.255357783059
MOLOKA'I,4,1998,Domestic,4688.567418178291
MOLOKA'I,4,1998,International,1055.7109558429381
MOLOKA'I,4,1998,Total,5744.278374021229
MOLOKA'I,8,1998,Domestic,4616.304659085263
MOLOKA'I,8,1998,International,414.70517083933703
MOLOKA'I,8,1998,Total,5031.0098299246
MOLOKA'I,12,1998,Domestic,5678.446337947065
MOLOKA'I,12,1998,International,1485.6535538371056
MOLOKA'I,12,1998,Total,7164.099891784171
MOLOKA'I,2,1998,Domestic,6081.491106069817
MOLOKA'I,2,1998,International,1915.4615306883047
MOLOKA'I,2,1998,Total,7996.952636758122
MOLOKA'I,1,1998,Domestic,5575.352315916399
MOLOKA'I,1,1998,International,1510.2835287972052
MOLOKA'I,1,1998,Total,7085.6358447136045
MOLOKA'I,7,1998,Domestic,5363.160949084929
MOLOKA'I,7,1998,International,377.5002024171645
MOLOKA'I,7,1998,Total,5740.661151502093
MOLOKA'I,6,1998,Domestic,4973.751159200837
MOLOKA'I,6,1998,International,382.61625337170403
MOLOKA'I,6,1998,Total,5356.367412572541
MOLOKA'I,3,1998,Domestic,5590.604066803655
MOLOKA'I,3,1998,International,1470.551374341535
MOLOKA'I,3,1998,Total,7061.15544114519
MOLOKA'I,5,1998,Domestic,5233.252506831815
MOLOKA'I,5,1998,International,1575.3368521330246
MOLOKA'I,5,1998,Total,6808.589358964839
MOLOKA'I,11,1998,Domestic,5187.121071170606
MOLOKA'I,11,1998,International,1136.5845687440028
MOLOKA'I,11,1998,Total,6323.7056399146095
MOLOKA'I,10,1998,Domestic,5680.437769506497
MOLOKA'I,10,1998,International,516.7413927661312
MOLOKA'I,10,1998,Total,6197.179162272628
MOLOKA'I,9,1998,Domestic,3894.5208420835343
MOLOKA'I,9,1998,International,840.769510777234
MOLOKA'I,9,1998,Total,4735.2903528607685
MOLOKA'I,4,1999,Domestic,4871.542184921782
MOLOKA'I,4,1999,International,643.6742652856276
MOLOKA'I,4,1999,Total,5515.216450207409
MOLOKA'I,8,1999,Domestic,4830.587261256994
MOLOKA'I,8,1999,International,629.2550593751923
MOLOKA'I,8,1999,Total,5459.842320632186
MOLOKA'I,12,1999,Domestic,5314.113863685872
MOLOKA'I,12,1999,International,641.5012050379918
MOLOKA'I,12,1999,Total,5955.615068723864
MOLOKA'I,2,1999,Domestic,5441.55239454591
MOLOKA'I,2,1999,International,1183.9549134396607
MOLOKA'I,2,1999,Total,6625.50730798557
MOLOKA'I,1,1999,Domestic,4898.749204946071
MOLOKA'I,1,1999,International,1285.0826755968446
MOLOKA'I,1,1999,Total,6183.831880542915
MOLOKA'I,7,1999,Domestic,4709.728711943303
MOLOKA'I,7,1999,International,457.3138407346277
MOLOKA'I,7,1999,Total,5167.042552677931
MOLOKA'I,6,1999,Domestic,4696.499266081345
MOLOKA'I,6,1999,International,1547.0919606446978
MOLOKA'I,6,1999,Total,6243.591226726043
MOLOKA'I,3,1999,Domestic,4745.057297571322
MOLOKA'I,3,1999,International,834.386179469045
MOLOKA'I,3,1999,Total,5579.443477040367
MOLOKA'I,5,1999,Domestic,4521.559742100454
MOLOKA'I,5,1999,International,417.97527417132983
MOLOKA'I,5,1999,Total,4939.535016271784
MOLOKA'I,11,1999,Domestic,4682.86362474334
MOLOKA'I,11,1999,International,486.6746524268036
MOLOKA'I,11,1999,Total,5169.538277170143
MOLOKA'I,10,1999,Domestic,6355.233800395191
MOLOKA'I,10,1999,International,1500.3924159903356
MOLOKA'I,10,1999,Total,7855.626216385526
MOLOKA'I,9,1999,Domestic,4617.730269898575
MOLOKA'I,9,1999,International,344.22138509588336
MOLOKA'I,9,1999,Total,4961.951654994458
MOLOKA'I,4,2000,Domestic,4412.689503456483
MOLOKA'I,4,2000,International,448.24202083547607
MOLOKA'I,4,2000,Total,4860.931524291959
MOLOKA'I,8,2000,Domestic,4301.0
MOLOKA'I,8,2000,International,528.0133621693317
MOLOKA'I,8,2000,Total,4829.013362169331
MOLOKA'I,12,2000,Domestic,5365.0
MOLOKA'I,12,2000,International,2596.212602811159
MOLOKA'I,12,2000,Total,7961.212602811159
MOLOKA'I,2,2000,Domestic,4655.643130869052
MOLOKA'I,2,2000,International,1079.1289817610832
MOLOKA'I,2,2000,Total,5734.772112630135
MOLOKA'I,1,2000,Domestic,4392.0
MOLOKA'I,1,2000,International,501.9776409588462
MOLOKA'I,1,2000,Total,4893.977640958847
MOLOKA'I,7,2000,Domestic,5016.0
MOLOKA'I,7,2000,International,424.9791250099196
MOLOKA'I,7,2000,Total,5440.97912500992
MOLOKA'I,6,2000,Domestic,4919.757916382923
MOLOKA'I,6,2000,International,514.6643161186284
MOLOKA'I,6,2000,Total,5434.422232501552
MOLOKA'I,3,2000,Domestic,4984.9406639551125
MOLOKA'I,3,2000,International,821.1393296772235
MOLOKA'I,3,2000,Total,5806.0799936323365
MOLOKA'I,5,2000,Domestic,4034.9052713011347
MOLOKA'I,5,2000,International,246.840563704703
MOLOKA'I,5,2000,Total,4281.745835005838
MOLOKA'I,11,2000,Domestic,4054.0
MOLOKA'I,11,2000,International,728.0101059899481
MOLOKA'I,11,2000,Total,4782.010105989948
MOLOKA'I,10,2000,Domestic,5138.0
MOLOKA'I,10,2000,International,493.6271496062739
MOLOKA'I,10,2000,Total,5631.627149606274
MOLOKA'I,9,2000,Domestic,4298.0
MOLOKA'I,9,2000,International,603.9936581826363
MOLOKA'I,9,2000,Total,4901.993658182636
MOLOKA'I,4,2001,Domestic,3874.0
MOLOKA'I,4,2001,International,1221.8468694015455
MOLOKA'I,4,2001,Total,5095.8468694015455
MOLOKA'I,8,2001,Domestic,4279.0
MOLOKA'I,8,2001,International,1460.925986568605
MOLOKA'I,8,2001,Total,5739.925986568605
MOLOKA'I,12,2001,Domestic,4662.0
MOLOKA'I,12,2001,International,652.6825359566673
MOLOKA'I,12,2001,Total,5314.682535956667
MOLOKA'I,2,2001,Domestic,4706.0
MOLOKA'I,2,2001,International,1924.1041586539832
MOLOKA'I,2,2001,Total,6630.104158653983
MOLOKA'I,1,2001,Domestic,4591.0
MOLOKA'I,1,2001,International,3074.015725520394
MOLOKA'I,1,2001,Total,7665.015725520394
MOLOKA'I,7,2001,Domestic,4911.0
MOLOKA'I,7,2001,International,4768.411507249271
MOLOKA'I,7,2001,Total,9679.411507249271
MOLOKA'I,6,2001,Domestic,4507.0
MOLOKA'I,6,2001,International,373.72823581766795
MOLOKA'I,6,2001,Total,4880.728235817668
MOLOKA'I,3,2001,Domestic,5283.0
MOLOKA'I,3,2001,International,1866.1302982427194
MOLOKA'I,3,2001,Total,7149.13029824272
MOLOKA'I,5,2001,Domestic,4312.0
MOLOKA'I,5,2001,International,767.5455389463307
MOLOKA'I,5,2001,Total,5079.54553894633
MOLOKA'I,11,2001,Domestic,3615.0
MOLOKA'I,11,2001,International,928.4642787233204
MOLOKA'I,11,2001,Total,4543.464278723321
MOLOKA'I,10,2001,Domestic,4524.0
MOLOKA'I,10,2001,International,593.8933430784276
MOLOKA'I,10,2001,Total,5117.893343078427
MOLOKA'I,9,2001,Domestic,3048.0
MOLOKA'I,9,2001,International,288.83043517556246
MOLOKA'I,9,2001,Total,3336.8304351755623
MOLOKA'I,4,2002,Domestic,3026.129528652416
MOLOKA'I,4,2002,International,844.5506533902928
MOLOKA'I,4,2002,Total,3870.680182042709
MOLOKA'I,8,2002,Domestic,5755.953334432618
MOLOKA'I,8,2002,International,3185.9595216048087
MOLOKA'I,8,2002,Total,8941.912856037427
MOLOKA'I,12,2002,Domestic,5450.165742547651
MOLOKA'I,12,2002,International,2167.6642679685283
MOLOKA'I,12,2002,Total,7617.830010516179
MOLOKA'I,2,2002,Domestic,3788.7704884354753
MOLOKA'I,2,2002,International,1448.0855881563245
MOLOKA'I,2,2002,Total,5236.8560765918
MOLOKA'I,1,2002,Domestic,3587.748358060485
MOLOKA'I,1,2002,International,770.0
MOLOKA'I,1,2002,Total,4357.748358060485
MOLOKA'I,7,2002,Domestic,5841.6812733420375
MOLOKA'I,7,2002,International,2463.1035128090334
MOLOKA'I,7,2002,Total,8304.78478615107
MOLOKA'I,6,2002,Domestic,4595.5035398757
MOLOKA'I,6,2002,International,1421.7679898443992
MOLOKA'I,6,2002,Total,6017.271529720099
MOLOKA'I,3,2002,Domestic,3237.699937502467
MOLOKA'I,3,2002,International,4367.482773924789
MOLOKA'I,3,2002,Total,7605.182711427256
MOLOKA'I,5,2002,Domestic,3670.000014180695
MOLOKA'I,5,2002,International,721.2677781018839
MOLOKA'I,5,2002,Total,4391.267792282579
MOLOKA'I,11,2002,Domestic,5077.845145081909
MOLOKA'I,11,2002,International,1126.8209145479848
MOLOKA'I,11,2002,Total,6204.666059629894
MOLOKA'I,10,2002,Domestic,5203.684501017766
MOLOKA'I,10,2002,International,1772.9261632639739
MOLOKA'I,10,2002,Total,6976.610664281739
MOLOKA'I,9,2002,Domestic,3916.5154550603334
MOLOKA'I,9,2002,International,1693.0201010117792
MOLOKA'I,9,2002,Total,5609.535556072113
MOLOKA'I,4,2003,Domestic,5298.951106500396
MOLOKA'I,4,2003,International,704.0648794660372
MOLOKA'I,4,2003,Total,6003.015985966434
MOLOKA'I,8,2003,Domestic,6141.52568543346
MOLOKA'I,8,2003,International,2168.7164560987217
MOLOKA'I,8,2003,Total,8310.242141532182
MOLOKA'I,12,2003,Domestic,6214.828518604469
MOLOKA'I,12,2003,International,1673.7229313073656
MOLOKA'I,12,2003,Total,7888.551449911834
MOLOKA'I,2,2003,Domestic,6000.284216843151
MOLOKA'I,2,2003,International,1506.868026090975
MOLOKA'I,2,2003,Total,7507.152242934126
MOLOKA'I,1,2003,Domestic,6078.155883085433
MOLOKA'I,1,2003,International,1879.7278173912432
MOLOKA'I,1,2003,Total,7957.883700476676
MOLOKA'I,7,2003,Domestic,7089.259868322568
MOLOKA'I,7,2003,International,1661.2986996943573
MOLOKA'I,7,2003,Total,8750.558568016924
MOLOKA'I,6,2003,Domestic,6478.219240318279
MOLOKA'I,6,2003,International,1065.4070850553808
MOLOKA'I,6,2003,Total,7543.62632537366
MOLOKA'I,3,2003,Domestic,5998.27828447773
MOLOKA'I,3,2003,International,8310.602162710504
MOLOKA'I,3,2003,Total,14308.880447188234
MOLOKA'I,5,2003,Domestic,5574.821479551997
MOLOKA'I,5,2003,International,1766.2856772194414
MOLOKA'I,5,2003,Total,7341.107156771439
MOLOKA'I,11,2003,Domestic,5166.46819933703
MOLOKA'I,11,2003,International,1016.8106929442691
MOLOKA'I,11,2003,Total,6183.278892281299
MOLOKA'I,10,2003,Domestic,5707.795807787591
MOLOKA'I,10,2003,International,961.9692489971137
MOLOKA'I,10,2003,Total,6669.765056784705
MOLOKA'I,9,2003,Domestic,4875.186164525225
MOLOKA'I,9,2003,International,767.0442662860172
MOLOKA'I,9,2003,Total,5642.230430811242
MOLOKA'I,4,2004,Domestic,3995.52168492819
MOLOKA'I,4,2004,International,1141.0940108050163
MOLOKA'I,4,2004,Total,5136.615695733206
MOLOKA'I,8,2004,Domestic,4741.0867155174055
MOLOKA'I,8,2004,International,1067.4541424541947
MOLOKA'I,8,2004,Total,5808.5408579716
MOLOKA'I,12,2004,Domestic,5206.530742757172
MOLOKA'I,12,2004,International,1359.9130881646538
MOLOKA'I,12,2004,Total,6566.443830921826
MOLOKA'I,2,2004,Domestic,5329.703051924861
MOLOKA'I,2,2004,International,2206.130740008495
MOLOKA'I,2,2004,Total,7535.833791933356
MOLOKA'I,1,2004,Domestic,5492.698656074534
MOLOKA'I,1,2004,International,649.8052396524267
MOLOKA'I,1,2004,Total,6142.503895726961
MOLOKA'I,7,2004,Domestic,5857.086236657451
MOLOKA'I,7,2004,International,998.6315093739247
MOLOKA'I,7,2004,Total,6855.717746031376
MOLOKA'I,6,2004,Domestic,4871.913008109502
MOLOKA'I,6,2004,International,681.7152261669978
MOLOKA'I,6,2004,Total,5553.6282342765
MOLOKA'I,3,2004,Domestic,5141.621942647051
MOLOKA'I,3,2004,International,1868.002009663864
MOLOKA'I,3,2004,Total,7009.623952310914
MOLOKA'I,5,2004,Domestic,4322.8034959112265
MOLOKA'I,5,2004,International,1040.76441303432
MOLOKA'I,5,2004,Total,5363.567908945546
MOLOKA'I,11,2004,Domestic,4293.045484843326
MOLOKA'I,11,2004,International,1029.0512566329833
MOLOKA'I,11,2004,Total,5322.09674147631
MOLOKA'I,10,2004,Domestic,4715.364803967683
MOLOKA'I,10,2004,International,1188.6026075370132
MOLOKA'I,10,2004,Total,5903.967411504696
MOLOKA'I,9,2004,Domestic,4019.597188773958
MOLOKA'I,9,2004,International,880.6852489994087
MOLOKA'I,9,2004,Total,4900.282437773367
MOLOKA'I,4,2005,Domestic,4257.866959448989
MOLOKA'I,4,2005,International,1988.032165040772
MOLOKA'I,4,2005,Total,6245.899124489762
MOLOKA'I,8,2005,Domestic,5214.308263138932
MOLOKA'I,8,2005,International,491.72454462597284
MOLOKA'I,8,2005,Total,5706.032807764905
MOLOKA'I,12,2005,Domestic,5112.197451890858
MOLOKA'I,12,2005,International,2737.3636871030562
MOLOKA'I,12,2005,Total,7849.561138993915
MOLOKA'I,2,2005,Domestic,4976.023496870662
MOLOKA'I,2,2005,International,778.1674913540085
MOLOKA'I,2,2005,Total,5754.19098822467
MOLOKA'I,1,2005,Domestic,5150.762914670863
MOLOKA'I,1,2005,International,1219.5453029993103
MOLOKA'I,1,2005,Total,6370.308217670174
MOLOKA'I,7,2005,Domestic,5476.317546097071
MOLOKA'I,7,2005,International,903.9549509085563
MOLOKA'I,7,2005,Total,6380.272497005627
MOLOKA'I,6,2005,Domestic,5241.765635017675
MOLOKA'I,6,2005,International,1089.254517153758
MOLOKA'I,6,2005,Total,6331.0201521714325
MOLOKA'I,3,2005,Domestic,5074.878081431581
MOLOKA'I,3,2005,International,1209.6184544210416
MOLOKA'I,3,2005,Total,6284.496535852623
MOLOKA'I,5,2005,Domestic,4343.940684227885
MOLOKA'I,5,2005,International,2019.5760691872508
MOLOKA'I,5,2005,Total,6363.516753415136
MOLOKA'I,11,2005,Domestic,4502.723047794381
MOLOKA'I,11,2005,International,1087.2433475893529
MOLOKA'I,11,2005,Total,5589.966395383734
MOLOKA'I,10,2005,Domestic,5007.946476745746
MOLOKA'I,10,2005,International,881.220773172901
MOLOKA'I,10,2005,Total,5889.167249918647
MOLOKA'I,9,2005,Domestic,4156.229758380245
MOLOKA'I,9,2005,International,585.6029807839903
MOLOKA'I,9,2005,Total,4741.832739164235
MOLOKA'I,4,2006,Domestic,4481.270562911249
MOLOKA'I,4,2006,International,2576.4209422605927
MOLOKA'I,4,2006,Total,7057.6915051718415
MOLOKA'I,8,2006,Domestic,4904.338817425732
MOLOKA'I,8,2006,International,1337.1840124270134
MOLOKA'I,8,2006,Total,6241.522829852745
MOLOKA'I,12,2006,Domestic,5575.652379918181
MOLOKA'I,12,2006,International,2458.2812706910727
MOLOKA'I,12,2006,Total,8033.933650609254
MOLOKA'I,2,2006,Domestic,5259.1272809576785
MOLOKA'I,2,2006,International,2026.1414469169267
MOLOKA'I,2,2006,Total,7285.268727874605
MOLOKA'I,1,2006,Domestic,5445.608029065692
MOLOKA'I,1,2006,International,3085.5006699449364
MOLOKA'I,1,2006,Total,8531.108699010629
MOLOKA'I,7,2006,Domestic,6188.040197011641
MOLOKA'I,7,2006,International,1479.9708816175835
MOLOKA'I,7,2006,Total,7668.011078629224
MOLOKA'I,6,2006,Domestic,5570.818536684079
MOLOKA'I,6,2006,International,985.0781831766495
MOLOKA'I,6,2006,Total,6555.896719860729
MOLOKA'I,3,2006,Domestic,4883.047342855286
MOLOKA'I,3,2006,International,997.0368717598333
MOLOKA'I,3,2006,Total,5880.084214615119
MOLOKA'I,5,2006,Domestic,4222.975270160064
MOLOKA'I,5,2006,International,1075.326548875016
MOLOKA'I,5,2006,Total,5298.3018190350795
MOLOKA'I,11,2006,Domestic,4699.960188854515
MOLOKA'I,11,2006,International,880.8438553212976
MOLOKA'I,11,2006,Total,5580.804044175812
MOLOKA'I,10,2006,Domestic,4954.802490235006
MOLOKA'I,10,2006,International,8049.103166553989
MOLOKA'I,10,2006,Total,13003.905656788995
MOLOKA'I,9,2006,Domestic,4674.16356015
MOLOKA'I,9,2006,International,524.7870801297369
MOLOKA'I,9,2006,Total,5198.950640279737
MOLOKA'I,4,2007,Domestic,4904.007714329713
MOLOKA'I,4,2007,International,1173.3153773363122
MOLOKA'I,4,2007,Total,6077.323091666025
MOLOKA'I,8,2007,Domestic,6048.62600999448
MOLOKA'I,8,2007,International,2226.89073829534
MOLOKA'I,8,2007,Total,8275.51674828982
MOLOKA'I,12,2007,Domestic,6039.329305125101
MOLOKA'I,12,2007,International,2864.9335847101493
MOLOKA'I,12,2007,Total,8904.26288983525
MOLOKA'I,2,2007,Domestic,5114.217653256505
MOLOKA'I,2,2007,International,1167.6573162770958
MOLOKA'I,2,2007,Total,6281.874969533601
MOLOKA'I,1,2007,Domestic,5373.806694313982
MOLOKA'I,1,2007,International,1150.4526984215574
MOLOKA'I,1,2007,Total,6524.259392735539
MOLOKA'I,7,2007,Domestic,6073.019598691946
MOLOKA'I,7,2007,International,1397.7528655855717
MOLOKA'I,7,2007,Total,7470.772464277517
MOLOKA'I,6,2007,Domestic,5902.749746821275
MOLOKA'I,6,2007,International,621.9334857994761
MOLOKA'I,6,2007,Total,6524.683232620751
MOLOKA'I,3,2007,Domestic,5944.739854166762
MOLOKA'I,3,2007,International,1587.2646369685617
MOLOKA'I,3,2007,Total,7532.004491135323
MOLOKA'I,5,2007,Domestic,4947.508361870626
MOLOKA'I,5,2007,International,1026.852063373215
MOLOKA'I,5,2007,Total,5974.360425243841
MOLOKA'I,11,2007,Domestic,4836.20767734803
MOLOKA'I,11,2007,International,1435.6174168331893
MOLOKA'I,11,2007,Total,6271.825094181219
MOLOKA'I,10,2007,Domestic,5228.518138626672
MOLOKA'I,10,2007,International,2063.5093577703337
MOLOKA'I,10,2007,Total,7292.027496397006
MOLOKA'I,9,2007,Domestic,4784.696676376719
MOLOKA'I,9,2007,International,1249.9692233276817
MOLOKA'I,9,2007,Total,6034.6658997044005
MOLOKA'I,4,2008,Domestic,4383.0
MOLOKA'I,4,2008,International,1044.0
MOLOKA'I,4,2008,Total,5427.0
MOLOKA'I,8,2008,Domestic,3709.0
MOLOKA'I,8,2008,International,2833.0
MOLOKA'I,8,2008,Total,6542.0
MOLOKA'I,12,2008,Domestic,3658.0
MOLOKA'I,12,2008,International,751.0
MOLOKA'I,12,2008,Total,4409.0
MOLOKA'I,2,2008,Domestic,5485.0
MOLOKA'I,2,2008,International,2018.0
MOLOKA'I,2,2008,Total,7503.0
MOLOKA'I,1,2008,Domestic,5727.0
MOLOKA'I,1,2008,International,1698.0
MOLOKA'I,1,2008,Total,7425.0
MOLOKA'I,7,2008,Domestic,4328.0
MOLOKA'I,7,2008,International,800.0
MOLOKA'I,7,2008,Total,5128.0
MOLOKA'I,6,2008,Domestic,3928.0
MOLOKA'I,6,2008,International,2114.0
MOLOKA'I,6,2008,Total,6042.0
MOLOKA'I,3,2008,Domestic,5487.0
MOLOKA'I,3,2008,International,1427.0
MOLOKA'I,3,2008,Total,6914.0
MOLOKA'I,5,2008,Domestic,4341.0
MOLOKA'I,5,2008,International,1665.0
MOLOKA'I,5,2008,Total,6006.0
MOLOKA'I,11,2008,Domestic,3310.0
MOLOKA'I,11,2008,International,466.0
MOLOKA'I,11,2008,Total,3776.0
MOLOKA'I,10,2008,Domestic,3674.0
MOLOKA'I,10,2008,International,1467.0
MOLOKA'I,10,2008,Total,5141.0
MOLOKA'I,9,2008,Domestic,2986.0
MOLOKA'I,9,2008,International,1583.0
MOLOKA'I,9,2008,Total,4569.0
MOLOKA'I,4,2009,Domestic,3243.8979978093876
MOLOKA'I,4,2009,International,845.2870487878664
MOLOKA'I,4,2009,Total,4089.185046597254
MOLOKA'I,8,2009,Domestic,3518.649291027456
MOLOKA'I,8,2009,International,111.44293464976218
MOLOKA'I,8,2009,Total,3630.0922256772183
MOLOKA'I,12,2009,Domestic,3717.6886467703293
MOLOKA'I,12,2009,International,813.9773009207773
MOLOKA'I,12,2009,Total,4531.665947691106
MOLOKA'I,2,2009,Domestic,3475.6413467831912
MOLOKA'I,2,2009,International,737.7091979638902
MOLOKA'I,2,2009,Total,4213.350544747082
MOLOKA'I,1,2009,Domestic,3935.6023111055815
MOLOKA'I,1,2009,International,1023.9178871695161
MOLOKA'I,1,2009,Total,4959.520198275098
MOLOKA'I,7,2009,Domestic,3982.156724333715
MOLOKA'I,7,2009,International,654.0494733293787
MOLOKA'I,7,2009,Total,4636.206197663094
MOLOKA'I,6,2009,Domestic,3405.667700153824
MOLOKA'I,6,2009,International,178.33402984965386
MOLOKA'I,6,2009,Total,3584.001730003478
MOLOKA'I,3,2009,Domestic,3143.7530317194896
MOLOKA'I,3,2009,International,1069.4066102718448
MOLOKA'I,3,2009,Total,4213.159641991335
MOLOKA'I,5,2009,Domestic,3191.3246185648572
MOLOKA'I,5,2009,International,502.354128242632
MOLOKA'I,5,2009,Total,3693.678746807489
MOLOKA'I,11,2009,Domestic,2892.659705519612
MOLOKA'I,11,2009,International,678.0121278221189
MOLOKA'I,11,2009,Total,3570.671833341731
MOLOKA'I,10,2009,Domestic,3383.595357250164
MOLOKA'I,10,2009,International,295.8516950214065
MOLOKA'I,10,2009,Total,3679.4470522715706
MOLOKA'I,9,2009,Domestic,3186.0587589166266
MOLOKA'I,9,2009,International,351.6188203099195
MOLOKA'I,9,2009,Total,3537.677579226546
MOLOKA'I,4,2010,Domestic,3022.8786846215676
MOLOKA'I,4,2010,International,535.5265635834052
MOLOKA'I,4,2010,Total,3558.405248204973
MOLOKA'I,8,2010,Domestic,3318.085731627036
MOLOKA'I,8,2010,International,542.70549276257
MOLOKA'I,8,2010,Total,3860.7912243896058
MOLOKA'I,12,2010,Domestic,3790.2834381281505
MOLOKA'I,12,2010,International,917.0852926902915
MOLOKA'I,12,2010,Total,4707.368730818442
MOLOKA'I,2,2010,Domestic,3558.348053804864
MOLOKA'I,2,2010,International,680.9138438897135
MOLOKA'I,2,2010,Total,4239.261897694578
MOLOKA'I,1,2010,Domestic,3833.744634461864
MOLOKA'I,1,2010,International,514.9208771174323
MOLOKA'I,1,2010,Total,4348.665511579296
MOLOKA'I,7,2010,Domestic,4270.067533217504
MOLOKA'I,7,2010,International,521.9297833443477
MOLOKA'I,7,2010,Total,4791.997316561852
MOLOKA'I,6,2010,Domestic,3541.2207225518346
MOLOKA'I,6,2010,International,415.19318996573804
MOLOKA'I,6,2010,Total,3956.4139125175725
MOLOKA'I,3,2010,Domestic,3415.920825970226
MOLOKA'I,3,2010,International,782.3217040553403
MOLOKA'I,3,2010,Total,4198.242530025566
MOLOKA'I,5,2010,Domestic,2921.191402729873
MOLOKA'I,5,2010,International,823.925913710294
MOLOKA'I,5,2010,Total,3745.117316440167
MOLOKA'I,11,2010,Domestic,3125.7883205401877
MOLOKA'I,11,2010,International,516.2184281660766
MOLOKA'I,11,2010,Total,3642.0067487062643
MOLOKA'I,10,2010,Domestic,3446.661013312772
MOLOKA'I,10,2010,International,969.8855853813761
MOLOKA'I,10,2010,Total,4416.546598694148
MOLOKA'I,9,2010,Domestic,2811.0442808140974
MOLOKA'I,9,2010,International,1432.8145296002965
MOLOKA'I,9,2010,Total,4243.858810414394
MOLOKA'I,4,2011,Domestic,2937.5441715328775
MOLOKA'I,4,2011,International,1024.7669980073415
MOLOKA'I,4,2011,Total,3962.311169540219
MOLOKA'I,8,2011,Domestic,3093.8875320870466
MOLOKA'I,8,2011,International,743.5782963984457
MOLOKA'I,8,2011,Total,3837.4658284854922
MOLOKA'I,12,2011,Domestic,3799.018276848269
MOLOKA'I,12,2011,International,2137.043396998963
MOLOKA'I,12,2011,Total,5936.061673847233
MOLOKA'I,2,2011,Domestic,3724.0701106212773
MOLOKA'I,2,2011,International,764.8369209504818
MOLOKA'I,2,2011,Total,4488.907031571759
MOLOKA'I,1,2011,Domestic,4156.630416209211
MOLOKA'I,1,2011,International,593.2821153555392
MOLOKA'I,1,2011,Total,4749.912531564751
MOLOKA'I,7,2011,Domestic,3652.0261450150783
MOLOKA'I,7,2011,International,841.4982613127288
MOLOKA'I,7,2011,Total,4493.524406327807
MOLOKA'I,6,2011,Domestic,3574.588498359139
MOLOKA'I,6,2011,International,958.4502515179175
MOLOKA'I,6,2011,Total,4533.038749877057
MOLOKA'I,3,2011,Domestic,6753.728853270557
MOLOKA'I,3,2011,International,1030.0799729286457
MOLOKA'I,3,2011,Total,7783.8088261992025
MOLOKA'I,5,2011,Domestic,3016.8139929320696
MOLOKA'I,5,2011,International,594.2538090518685
MOLOKA'I,5,2011,Total,3611.067801983938
MOLOKA'I,11,2011,Domestic,3078.3577634602166
MOLOKA'I,11,2011,International,839.5645215010198
MOLOKA'I,11,2011,Total,3917.9222849612365
MOLOKA'I,10,2011,Domestic,3206.019386316311
MOLOKA'I,10,2011,International,1105.111451968084
MOLOKA'I,10,2011,Total,4311.1308382843945
MOLOKA'I,9,2011,Domestic,2872.449751614809
MOLOKA'I,9,2011,International,752.0992914770443
MOLOKA'I,9,2011,Total,3624.5490430918535
MOLOKA'I,4,2012,Domestic,3142.386918989965
MOLOKA'I,4,2012,International,1698.8066458003052
MOLOKA'I,4,2012,Total,4841.19356479027
MOLOKA'I,8,2012,Domestic,3341.651522137254
MOLOKA'I,8,2012,International,694.7735817627499
MOLOKA'I,8,2012,Total,4036.4251039000037
MOLOKA'I,12,2012,Domestic,3866.7143525217775
MOLOKA'I,12,2012,International,1165.9125173438338
MOLOKA'I,12,2012,Total,5032.626869865611
MOLOKA'I,2,2012,Domestic,3830.9596576078948
MOLOKA'I,2,2012,International,779.9356640286903
MOLOKA'I,2,2012,Total,4610.895321636585
MOLOKA'I,1,2012,Domestic,3980.9510181245305
MOLOKA'I,1,2012,International,1012.4168010579262
MOLOKA'I,1,2012,Total,4993.3678191824565
MOLOKA'I,7,2012,Domestic,3834.5357879390112
MOLOKA'I,7,2012,International,848.7315279517909
MOLOKA'I,7,2012,Total,4683.267315890802
MOLOKA'I,6,2012,Domestic,3463.8309060261404
MOLOKA'I,6,2012,International,704.7159745763737
MOLOKA'I,6,2012,Total,4168.546880602514
MOLOKA'I,3,2012,Domestic,3532.859288157504
MOLOKA'I,3,2012,International,828.2590980889439
MOLOKA'I,3,2012,Total,4361.118386246448
MOLOKA'I,5,2012,Domestic,3167.674482050491
MOLOKA'I,5,2012,International,1127.5643030226836
MOLOKA'I,5,2012,Total,4295.238785073175
MOLOKA'I,11,2012,Domestic,3079.440987855782
MOLOKA'I,11,2012,International,989.532646870633
MOLOKA'I,11,2012,Total,4068.973634726415
MOLOKA'I,10,2012,Domestic,3367.814042466903
MOLOKA'I,10,2012,International,738.6301509176709
MOLOKA'I,10,2012,Total,4106.444193384574
MOLOKA'I,9,2012,Domestic,3131.1438163774437
MOLOKA'I,9,2012,International,993.4059062898109
MOLOKA'I,9,2012,Total,4124.549722667254
MOLOKA'I,4,2013,Domestic,2963.480680774734
MOLOKA'I,4,2013,International,1494.1229987632435
MOLOKA'I,4,2013,Total,4457.603679537978
MOLOKA'I,8,2013,Domestic,3163.10233647625
MOLOKA'I,8,2013,International,585.336629734646
MOLOKA'I,8,2013,Total,3748.438966210896
MOLOKA'I,12,2013,Domestic,4322.697826252356
MOLOKA'I,12,2013,International,1297.9090449834546
MOLOKA'I,12,2013,Total,5620.606871235811
MOLOKA'I,2,2013,Domestic,3480.848312029904
MOLOKA'I,2,2013,International,723.3510051135812
MOLOKA'I,2,2013,Total,4204.199317143485
MOLOKA'I,1,2013,Domestic,4017.3664604709243
MOLOKA'I,1,2013,International,1252.2987274107177
MOLOKA'I,1,2013,Total,5269.665187881642
MOLOKA'I,7,2013,Domestic,4132.437693869371
MOLOKA'I,7,2013,International,659.8325415020131
MOLOKA'I,7,2013,Total,4792.270235371385
MOLOKA'I,6,2013,Domestic,3541.8430537043805
MOLOKA'I,6,2013,International,1049.1794389910915
MOLOKA'I,6,2013,Total,4591.0224926954725
MOLOKA'I,3,2013,Domestic,3459.174815417638
MOLOKA'I,3,2013,International,877.1644905609328
MOLOKA'I,3,2013,Total,4336.33930597857
MOLOKA'I,5,2013,Domestic,3476.222579561572
MOLOKA'I,5,2013,International,838.9714576738049
MOLOKA'I,5,2013,Total,4315.1940372353765
MOLOKA'I,11,2013,Domestic,3457.845109470348
MOLOKA'I,11,2013,International,896.0239558501163
MOLOKA'I,11,2013,Total,4353.869065320464
MOLOKA'I,10,2013,Domestic,3364.301960600229
MOLOKA'I,10,2013,International,1138.577524129815
MOLOKA'I,10,2013,Total,4502.879484730044
MOLOKA'I,9,2013,Domestic,3283.913803782613
MOLOKA'I,9,2013,International,1681.1769058468456
MOLOKA'I,9,2013,Total,4965.090709629459
MOLOKA'I,4,2014,Domestic,3380.0786017799023
MOLOKA'I,4,2014,International,960.7162919164484
MOLOKA'I,4,2014,Total,4340.794893696351
MOLOKA'I,8,2014,Domestic,3671.301444200347
MOLOKA'I,8,2014,International,1069.14993214613
MOLOKA'I,8,2014,Total,4740.4513763464765
MOLOKA'I,12,2014,Domestic,5005.91195870622
MOLOKA'I,12,2014,International,1282.9061379470772
MOLOKA'I,12,2014,Total,6288.818096653296
MOLOKA'I,2,2014,Domestic,3760.3276971341606
MOLOKA'I,2,2014,International,1106.7403203288527
MOLOKA'I,2,2014,Total,4867.068017463013
MOLOKA'I,1,2014,Domestic,4485.425738711371
MOLOKA'I,1,2014,International,877.3007136491045
MOLOKA'I,1,2014,Total,5362.726452360475
MOLOKA'I,7,2014,Domestic,4609.190993276202
MOLOKA'I,7,2014,International,590.1335924756071
MOLOKA'I,7,2014,Total,5199.324585751809
MOLOKA'I,6,2014,Domestic,4066.409284046446
MOLOKA'I,6,2014,International,1064.0889308444362
MOLOKA'I,6,2014,Total,5130.498214890882
MOLOKA'I,3,2014,Domestic,3469.801435285303
MOLOKA'I,3,2014,International,1241.6717423644996
MOLOKA'I,3,2014,Total,4711.473177649803
MOLOKA'I,5,2014,Domestic,4092.166978152202
MOLOKA'I,5,2014,International,789.0173155107008
MOLOKA'I,5,2014,Total,4881.184293662903
MOLOKA'I,11,2014,Domestic,3787.038024847728
MOLOKA'I,11,2014,International,1301.021822163052
MOLOKA'I,11,2014,Total,5088.05984701078
MOLOKA'I,10,2014,Domestic,3997.8572300137253
MOLOKA'I,10,2014,International,946.0438686112161
MOLOKA'I,10,2014,Total,4943.901098624941
MOLOKA'I,9,2014,Domestic,3411.4869414968625
MOLOKA'I,9,2014,International,1133.9946845523054
MOLOKA'I,9,2014,Total,4545.481626049168
MOLOKA'I,4,2015,Domestic,3308.805387473356
MOLOKA'I,4,2015,International,791.0354154860655
MOLOKA'I,4,2015,Total,4099.840802959421
MOLOKA'I,8,2015,Domestic,3399.4486299143705
MOLOKA'I,8,2015,International,1758.7352747476184
MOLOKA'I,8,2015,Total,5158.183904661989
MOLOKA'I,12,2015,Domestic,4393.313298075166
MOLOKA'I,12,2015,International,1151.6475272830378
MOLOKA'I,12,2015,Total,5544.960825358204
MOLOKA'I,2,2015,Domestic,6135.610615614445
MOLOKA'I,2,2015,International,1164.2349166399629
MOLOKA'I,2,2015,Total,7299.845532254408
MOLOKA'I,1,2015,Domestic,5083.39963591827
MOLOKA'I,1,2015,International,1144.1366552253166
MOLOKA'I,1,2015,Total,6227.536291143587
MOLOKA'I,7,2015,Domestic,4093.968619904096
MOLOKA'I,7,2015,International,1247.2491476738553
MOLOKA'I,7,2015,Total,5341.217767577951
MOLOKA'I,6,2015,Domestic,4231.900236459287
MOLOKA'I,6,2015,International,2660.884173128439
MOLOKA'I,6,2015,Total,6892.784409587726
MOLOKA'I,3,2015,Domestic,5698.006883873085
MOLOKA'I,3,2015,International,1303.1621682804462
MOLOKA'I,3,2015,Total,7001.169052153531
MOLOKA'I,5,2015,Domestic,4098.6919701953675
MOLOKA'I,5,2015,International,861.3252094332669
MOLOKA'I,5,2015,Total,4960.017179628634
MOLOKA'I,11,2015,Domestic,3042.8453131633146
MOLOKA'I,11,2015,International,878.1677610253477
MOLOKA'I,11,2015,Total,3921.0130741886624
MOLOKA'I,10,2015,Domestic,3386.509242444807
MOLOKA'I,10,2015,International,667.0464235402529
MOLOKA'I,10,2015,Total,4053.55566598506
MOLOKA'I,9,2015,Domestic,2970.964652386713
MOLOKA'I,9,2015,International,1295.948053371572
MOLOKA'I,9,2015,Total,4266.9127057582855
MOLOKA'I,4,2016,Domestic,3444.22904573231
MOLOKA'I,4,2016,International,953.6548397457124
MOLOKA'I,4,2016,Total,4397.883885478022
MOLOKA'I,8,2016,Domestic,3500.2776890739033
MOLOKA'I,8,2016,International,1436.8253995206423
MOLOKA'I,8,2016,Total,4937.103088594546
MOLOKA'I,12,2016,Domestic,3899.2353230493313
MOLOKA'I,12,2016,International,1848.5900720532668
MOLOKA'I,12,2016,Total,5747.825395102598
MOLOKA'I,2,2016,Domestic,3832.607262915175
MOLOKA'I,2,2016,International,1195.3288605331632
MOLOKA'I,2,2016,Total,5027.936123448339
MOLOKA'I,1,2016,Domestic,4271.729210556419
MOLOKA'I,1,2016,International,1310.4299338058772
MOLOKA'I,1,2016,Total,5582.1591443622965
MOLOKA'I,7,2016,Domestic,4066.750273608315
MOLOKA'I,7,2016,International,766.6714495418197
MOLOKA'I,7,2016,Total,4833.421723150135
MOLOKA'I,6,2016,Domestic,3760.764933605652
MOLOKA'I,6,2016,International,1069.8260566290473
MOLOKA'I,6,2016,Total,4830.590990234699
MOLOKA'I,3,2016,Domestic,3732.637925890262
MOLOKA'I,3,2016,International,2373.5300870633173
MOLOKA'I,3,2016,Total,6106.16801295358
MOLOKA'I,5,2016,Domestic,4100.495652073192
MOLOKA'I,5,2016,International,592.3810029647004
MOLOKA'I,5,2016,Total,4692.876655037892
MOLOKA'I,11,2016,Domestic,3245.868236505539
MOLOKA'I,11,2016,International,786.4333262689188
MOLOKA'I,11,2016,Total,4032.3015627744576
MOLOKA'I,10,2016,Domestic,3501.569867888536
MOLOKA'I,10,2016,International,735.4890290028478
MOLOKA'I,10,2016,Total,4237.0588968913835
MOLOKA'I,9,2016,Domestic,2847.32121456109
MOLOKA'I,9,2016,International,1659.0126142260146
MOLOKA'I,9,2016,Total,4506.333828787105
MOLOKA'I,4,2017,Domestic,3064.3568186641155
MOLOKA'I,4,2017,International,1138.7701548339153
MOLOKA'I,4,2017,Total,4203.126973498025
MOLOKA'I,8,2017,Domestic,3330.7009255741264
MOLOKA'I,8,2017,International,1262.4142191025041
MOLOKA'I,8,2017,Total,4593.115144676556
MOLOKA'I,12,2017,Domestic,4095.125476090277
MOLOKA'I,12,2017,International,1886.9951557812285
MOLOKA'I,12,2017,Total,5982.120631871549
MOLOKA'I,2,2017,Domestic,3518.672817656688
MOLOKA'I,2,2017,International,1185.467999333728
MOLOKA'I,2,2017,Total,4704.140816990491
MOLOKA'I,1,2017,Domestic,3940.528602009543
MOLOKA'I,1,2017,International,1384.2294521477431
MOLOKA'I,1,2017,Total,5324.758054157332
MOLOKA'I,7,2017,Domestic,3684.2500012154646
MOLOKA'I,7,2017,International,604.1311194135162
MOLOKA'I,7,2017,Total,4288.381120628985
MOLOKA'I,6,2017,Domestic,3548.9511618551046
MOLOKA'I,6,2017,International,1289.9161161914053
MOLOKA'I,6,2017,Total,4838.8672780465295
MOLOKA'I,3,2017,Domestic,3726.8230937504595
MOLOKA'I,3,2017,International,1827.871349248174
MOLOKA'I,3,2017,Total,5554.694442998727
MOLOKA'I,5,2017,Domestic,3290.2178000537274
MOLOKA'I,5,2017,International,1190.5637551532382
MOLOKA'I,5,2017,Total,4480.781555206927
MOLOKA'I,11,2017,Domestic,3155.9425675759044
MOLOKA'I,11,2017,International,1280.031245929926
MOLOKA'I,11,2017,Total,4435.973813505876
MOLOKA'I,10,2017,Domestic,3198.196143234081
MOLOKA'I,10,2017,International,1088.5540523996358
MOLOKA'I,10,2017,Total,4286.75019563374
MOLOKA'I,9,2017,Domestic,3006.1637061769397
MOLOKA'I,9,2017,International,2299.293893872172
MOLOKA'I,9,2017,Total,5305.4576000491625
MOLOKA'I,4,2018,Domestic,3109.9758009543057
MOLOKA'I,4,2018,International,2636.531336999339
MOLOKA'I,4,2018,Total,5746.507137953679
MOLOKA'I,8,2018,Domestic,3163.0461490009766
MOLOKA'I,8,2018,International,739.4736514925247
MOLOKA'I,8,2018,Total,3902.519800493513
MOLOKA'I,12,2018,Domestic,4002.6493186234375
MOLOKA'I,12,2018,International,888.4323014464251
MOLOKA'I,12,2018,Total,4891.081620069833
MOLOKA'I,2,2018,Domestic,3917.516691373845
MOLOKA'I,2,2018,International,2050.073164325744
MOLOKA'I,2,2018,Total,5967.589855699691
MOLOKA'I,1,2018,Domestic,3999.7836787217407
MOLOKA'I,1,2018,International,1166.2508002746706
MOLOKA'I,1,2018,Total,5166.034478996337
MOLOKA'I,7,2018,Domestic,4198.859762649294
MOLOKA'I,7,2018,International,1413.8268491837748
MOLOKA'I,7,2018,Total,5612.68661183312
MOLOKA'I,6,2018,Domestic,3536.956579967711
MOLOKA'I,6,2018,International,994.2664343899079
MOLOKA'I,6,2018,Total,4531.223014357645
MOLOKA'I,3,2018,Domestic,3763.1097485364953
MOLOKA'I,3,2018,International,1095.8663163588635
MOLOKA'I,3,2018,Total,4858.976064895383
MOLOKA'I,5,2018,Domestic,3382.678702352564
MOLOKA'I,5,2018,International,1052.2065315911195
MOLOKA'I,5,2018,Total,4434.885233943668
MOLOKA'I,11,2018,Domestic,3221.268764655067
MOLOKA'I,11,2018,International,1495.7152042372659
MOLOKA'I,11,2018,Total,4716.9839688923375
MOLOKA'I,10,2018,Domestic,3212.4966796963495
MOLOKA'I,10,2018,International,1373.5043326339628
MOLOKA'I,10,2018,Total,4586.00101233033
MOLOKA'I,9,2018,Domestic,2932.3116104173405
MOLOKA'I,9,2018,International,1538.6895019478998
MOLOKA'I,9,2018,Total,4471.001112365194
MOLOKA'I,4,2019,Domestic,3346.837496688214
MOLOKA'I,4,2019,International,1048.4486732033768
MOLOKA'I,4,2019,Total,4395.286169891556
MOLOKA'I,8,2019,Domestic,3593.9993359448413
MOLOKA'I,8,2019,International,1266.2411947394908
MOLOKA'I,8,2019,Total,4860.240530684348
MOLOKA'I,12,2019,Domestic,4964.022444390742
MOLOKA'I,12,2019,International,1198.9730713438682
MOLOKA'I,12,2019,Total,6162.995515734507
MOLOKA'I,2,2019,Domestic,3738.170842304995
MOLOKA'I,2,2019,International,1804.3113605932751
MOLOKA'I,2,2019,Total,5542.482202898344
MOLOKA'I,1,2019,Domestic,4228.479708598669
MOLOKA'I,1,2019,International,1338.0269296572467
MOLOKA'I,1,2019,Total,5566.506638255968
MOLOKA'I,7,2019,Domestic,4167.823239897286
MOLOKA'I,7,2019,International,2497.0659492800355
MOLOKA'I,7,2019,Total,6664.889189177038
MOLOKA'I,6,2019,Domestic,3726.0346458492522
MOLOKA'I,6,2019,International,2050.1308552795276
MOLOKA'I,6,2019,Total,5776.165501128713
MOLOKA'I,3,2019,Domestic,3620.062022479009
MOLOKA'I,3,2019,International,1328.391747010527
MOLOKA'I,3,2019,Total,4948.453769489517
MOLOKA'I,5,2019,Domestic,3722.401311265697
MOLOKA'I,5,2019,International,1285.980899088924
MOLOKA'I,5,2019,Total,5008.382210354521
MOLOKA'I,11,2019,Domestic,3169.716433144552
MOLOKA'I,11,2019,International,1302.1848357689366
MOLOKA'I,11,2019,Total,4471.901268913444
MOLOKA'I,10,2019,Domestic,3093.366454102263
MOLOKA'I,10,2019,International,1220.8299473265197
MOLOKA'I,10,2019,Total,4314.196401428828
MOLOKA'I,9,2019,Domestic,2933.406430196772
MOLOKA'I,9,2019,International,2389.7620436897337
MOLOKA'I,9,2019,Total,5323.168473886487
MOLOKA'I,4,2020,Domestic,30.592631021721953
MOLOKA'I,4,2020,International,0.0
MOLOKA'I,4,2020,Total,30.592631021721953
MOLOKA'I,8,2020,Domestic,108.70898934218303
MOLOKA'I,8,2020,International,0.0
MOLOKA'I,8,2020,Total,108.70898934218303
MOLOKA'I,12,2020,Domestic,1050.2249938643085
MOLOKA'I,12,2020,International,0.0
MOLOKA'I,12,2020,Total,1050.2249938643085
MOLOKA'I,2,2020,Domestic,3997.6348661143165
MOLOKA'I,2,2020,International,1091.1130043444
MOLOKA'I,2,2020,Total,5088.74787045864
MOLOKA'I,1,2020,Domestic,4195.39465130546
MOLOKA'I,1,2020,International,2662.1112957281252
MOLOKA'I,1,2020,Total,6857.505947033424
MOLOKA'I,7,2020,Domestic,224.55038418477585
MOLOKA'I,7,2020,International,0.0
MOLOKA'I,7,2020,Total,224.55038418477585
MOLOKA'I,6,2020,Domestic,114.16232070869678
MOLOKA'I,6,2020,International,0.0
MOLOKA'I,6,2020,Total,114.16232070869678
MOLOKA'I,3,2020,Domestic,2111.258582301967
MOLOKA'I,3,2020,International,273.2086111849328
MOLOKA'I,3,2020,Total,2384.467193486909
MOLOKA'I,5,2020,Domestic,75.74645027332471
MOLOKA'I,5,2020,International,0.0
MOLOKA'I,5,2020,Total,75.74645027332471
MOLOKA'I,11,2020,Domestic,640.0073424225482
MOLOKA'I,11,2020,International,0.0
MOLOKA'I,11,2020,Total,640.0073424225482
MOLOKA'I,10,2020,Domestic,375.04118370649945
MOLOKA'I,10,2020,International,0.0
MOLOKA'I,10,2020,Total,375.04118370649945
MOLOKA'I,9,2020,Domestic,75.23091577244266
MOLOKA'I,9,2020,International,0.0
MOLOKA'I,9,2020,Total,75.23091577244266
MOLOKA'I,4,2021,Domestic,1587.9732490531317
MOLOKA'I,4,2021,International,2.407063081050727
MOLOKA'I,4,2021,Total,1590.3803121341823
MOLOKA'I,8,2021,Domestic,2594.435416485922
MOLOKA'I,8,2021,International,3.9084047453585455
MOLOKA'I,8,2021,Total,2598.3438212312803
MOLOKA'I,12,2021,Domestic,3289.1105549659383
MOLOKA'I,12,2021,International,64.9691324414791
MOLOKA'I,12,2021,Total,3354.0796874074163
MOLOKA'I,2,2021,Domestic,991.5109002551552
MOLOKA'I,2,2021,International,0.0
MOLOKA'I,2,2021,Total,991.5109002551552
MOLOKA'I,1,2021,Domestic,816.789784898037
MOLOKA'I,1,2021,International,2.31730227976358
MOLOKA'I,1,2021,Total,819.1070871778006
MOLOKA'I,7,2021,Domestic,3196.908710035876
MOLOKA'I,7,2021,International,5.2490659840942
MOLOKA'I,7,2021,Total,3202.1577760199693
MOLOKA'I,6,2021,Domestic,2979.4184285027914
MOLOKA'I,6,2021,International,0.0
MOLOKA'I,6,2021,Total,2979.4184285027914
MOLOKA'I,3,2021,Domestic,1664.735883617886
MOLOKA'I,3,2021,International,0.0
MOLOKA'I,3,2021,Total,1664.735883617886
MOLOKA'I,5,2021,Domestic,2265.336713315624
MOLOKA'I,5,2021,International,0.0
MOLOKA'I,5,2021,Total,2265.336713315624
MOLOKA'I,11,2021,Domestic,2422.879610683977
MOLOKA'I,11,2021,International,163.67126816529304
MOLOKA'I,11,2021,Total,2586.550878849281
MOLOKA'I,10,2021,Domestic,2008.8903377007543
MOLOKA'I,10,2021,International,5.156104313211814
MOLOKA'I,10,2021,Total,2014.046442013966
MOLOKA'I,9,2021,Domestic,1689.8675133904276
MOLOKA'I,9,2021,International,2.8553590010405827
MOLOKA'I,9,2021,Total,1692.7228723914682
MOLOKA'I,4,2022,Domestic,3416.748394369714
MOLOKA'I,4,2022,International,282.01025773042767
MOLOKA'I,4,2022,Total,3698.758652100161
MOLOKA'I,8,2022,Domestic,3470.9255023163855
MOLOKA'I,8,2022,International,695.6902555878482
MOLOKA'I,8,2022,Total,4166.615757904264
MOLOKA'I,12,2022,Domestic,3636.4148509359834
MOLOKA'I,12,2022,International,698.3968522523072
MOLOKA'I,12,2022,Total,4334.811703188291
MOLOKA'I,2,2022,Domestic,2939.1464590747564
MOLOKA'I,2,2022,International,274.3311851942379
MOLOKA'I,2,2022,Total,3213.4776442690018
MOLOKA'I,1,2022,Domestic,2636.161988058233
MOLOKA'I,1,2022,International,226.65993668533704
MOLOKA'I,1,2022,Total,2862.821924743574
MOLOKA'I,7,2022,Domestic,3748.982023612355
MOLOKA'I,7,2022,International,323.282181260312
MOLOKA'I,7,2022,Total,4072.264204872674
MOLOKA'I,6,2022,Domestic,3477.1811180510344
MOLOKA'I,6,2022,International,74.00348169415453
MOLOKA'I,6,2022,Total,3551.1845997451887
MOLOKA'I,3,2022,Domestic,3265.536846673902
MOLOKA'I,3,2022,International,108.74158743152776
MOLOKA'I,3,2022,Total,3374.2784341054357
MOLOKA'I,5,2022,Domestic,3037.214304779296
MOLOKA'I,5,2022,International,122.37575664669345
MOLOKA'I,5,2022,Total,3159.590061425984
MOLOKA'I,11,2022,Domestic,3139.8530279087972
MOLOKA'I,11,2022,International,858.1264375405959
MOLOKA'I,11,2022,Total,3997.979465449401
MOLOKA'I,10,2022,Domestic,3023.4823089281945
MOLOKA'I,10,2022,International,484.8137482219235
MOLOKA'I,10,2022,Total,3508.296057150093
MOLOKA'I,9,2022,Domestic,3026.553066489441
MOLOKA'I,9,2022,International,350.0045689027264
MOLOKA'I,9,2022,Total,3376.5576353921624
O'AHU,4,1990,Domestic,234476.46274835727
O'AHU,4,1990,International,171000.72084454558
O'AHU,4,1990,Total,405477.18359290285
O'AHU,8,1990,Domestic,288513.9876303063
O'AHU,8,1990,International,229767.20827732532
O'AHU,8,1990,Total,518281.1959076316
O'AHU,12,1990,Domestic,210841.87460819495
O'AHU,12,1990,International,221478.6134136882
O'AHU,12,1990,Total,432320.4880218832
O'AHU,2,1990,Domestic,211565.3257912947
O'AHU,2,1990,International,177302.7605771049
O'AHU,2,1990,Total,388868.08636839956
O'AHU,1,1990,Domestic,219877.405258503
O'AHU,1,1990,International,203258.77081608895
O'AHU,1,1990,Total,423136.17607459193
O'AHU,7,1990,Domestic,295813.6295934264
O'AHU,7,1990,International,215482.15282678415
O'AHU,7,1990,Total,511295.78242021054
O'AHU,6,1990,Domestic,284834.31164470373
O'AHU,6,1990,International,190700.26806052637
O'AHU,6,1990,Total,475534.5797052301
O'AHU,3,1990,Domestic,231199.37643072612
O'AHU,3,1990,International,183672.4565863247
O'AHU,3,1990,Total,414871.8330170508
O'AHU,5,1990,Domestic,233320.37233539645
O'AHU,5,1990,International,156831.45940272423
O'AHU,5,1990,Total,390151.83173812064
O'AHU,11,1990,Domestic,231982.77208411807
O'AHU,11,1990,International,165609.5580898182
O'AHU,11,1990,Total,397592.33017393627
O'AHU,10,1990,Domestic,234200.21629975844
O'AHU,10,1990,International,158331.5060358449
O'AHU,10,1990,Total,392531.7223356033
O'AHU,9,1990,Domestic,223858.72611831094
O'AHU,9,1990,International,165638.38449371286
O'AHU,9,1990,Total,389497.1106120238
O'AHU,4,1991,Domestic,207528.86637744095
O'AHU,4,1991,International,154753.6778330593
O'AHU,4,1991,Total,362282.54421050026
O'AHU,8,1991,Domestic,255161.1229099733
O'AHU,8,1991,International,240382.37358874132
O'AHU,8,1991,Total,495543.4964987146
O'AHU,12,1991,Domestic,200964.04766803223
O'AHU,12,1991,International,226663.1062733799
O'AHU,12,1991,Total,427627.1539414121
O'AHU,2,1991,Domestic,166972.38163426804
O'AHU,2,1991,International,129270.50121728204
O'AHU,2,1991,Total,296242.88285155006
O'AHU,1,1991,Domestic,209293.17616790452
O'AHU,1,1991,International,199029.64530450793
O'AHU,1,1991,Total,408322.82147241244
O'AHU,7,1991,Domestic,254776.8956745838
O'AHU,7,1991,International,227008.90798006975
O'AHU,7,1991,Total,481785.80365465354
O'AHU,6,1991,Domestic,243640.08884816273
O'AHU,6,1991,International,203474.95747789668
O'AHU,6,1991,Total,447115.0463260594
O'AHU,3,1991,Domestic,223249.75537049488
O'AHU,3,1991,International,138210.1749096004
O'AHU,3,1991,Total,361459.9302800953
O'AHU,5,1991,Domestic,220836.87902802473
O'AHU,5,1991,International,171120.75314391407
O'AHU,5,1991,Total,391957.6321719388
O'AHU,11,1991,Domestic,190717.5272801708
O'AHU,11,1991,International,187155.22910139122
O'AHU,11,1991,Total,377872.756381562
O'AHU,10,1991,Domestic,197581.71781386714
O'AHU,10,1991,International,175432.19301435555
O'AHU,10,1991,Total,373013.9108282227
O'AHU,9,1991,Domestic,202753.51688256304
O'AHU,9,1991,International,205049.08972692813
O'AHU,9,1991,Total,407802.60660949117
O'AHU,4,1992,Domestic,190776.52568459476
O'AHU,4,1992,International,169773.51246290153
O'AHU,4,1992,Total,360550.0381474963
O'AHU,8,1992,Domestic,221419.43729137638
O'AHU,8,1992,International,228486.21803184637
O'AHU,8,1992,Total,449905.65532322275
O'AHU,12,1992,Domestic,190525.9429640205
O'AHU,12,1992,International,217433.12218288338
O'AHU,12,1992,Total,407959.06514690386
O'AHU,2,1992,Domestic,181844.05805338637
O'AHU,2,1992,International,215704.10255873034
O'AHU,2,1992,Total,397548.1606121167
O'AHU,1,1992,Domestic,198466.71975611555
O'AHU,1,1992,International,219932.96357428076
O'AHU,1,1992,Total,418399.6833303963
O'AHU,7,1992,Domestic,220664.2763166309
O'AHU,7,1992,International,219381.3824124152
O'AHU,7,1992,Total,440045.6587290461
O'AHU,6,1992,Domestic,214246.57202315683
O'AHU,6,1992,International,218932.25247570526
O'AHU,6,1992,Total,433178.8244988621
O'AHU,3,1992,Domestic,204559.60246330575
O'AHU,3,1992,International,198771.9403075008
O'AHU,3,1992,Total,403331.5427708066
O'AHU,5,1992,Domestic,187385.83009440394
O'AHU,5,1992,International,197379.2131457842
O'AHU,5,1992,Total,384765.04324018816
O'AHU,11,1992,Domestic,209039.56628866805
O'AHU,11,1992,International,175823.97314959517
O'AHU,11,1992,Total,384863.5394382632
O'AHU,10,1992,Domestic,210508.8277609766
O'AHU,10,1992,International,168215.9834594437
O'AHU,10,1992,Total,378724.8112204203
O'AHU,9,1992,Domestic,192200.0217323524
O'AHU,9,1992,International,212687.49400220544
O'AHU,9,1992,Total,404887.5157345579
O'AHU,4,1993,Domestic,187885.8795163167
O'AHU,4,1993,International,152171.83270150327
O'AHU,4,1993,Total,340057.71221782
O'AHU,8,1993,Domestic,207260.87777864325
O'AHU,8,1993,International,217359.15879409693
O'AHU,8,1993,Total,424620.0365727402
O'AHU,12,1993,Domestic,174964.5886580721
O'AHU,12,1993,International,219062.81277384912
O'AHU,12,1993,Total,394027.40143192123
O'AHU,2,1993,Domestic,177727.92391278053
O'AHU,2,1993,International,162294.46240772694
O'AHU,2,1993,Total,340022.3863205075
O'AHU,1,1993,Domestic,183290.87797590383
O'AHU,1,1993,International,204237.57302574496
O'AHU,1,1993,Total,387528.4510016488
O'AHU,7,1993,Domestic,215763.6096133798
O'AHU,7,1993,International,207713.53399367924
O'AHU,7,1993,Total,423477.143607059
O'AHU,6,1993,Domestic,195857.22418067837
O'AHU,6,1993,International,176806.04292095435
O'AHU,6,1993,Total,372663.2671016327
O'AHU,3,1993,Domestic,205708.2986311718
O'AHU,3,1993,International,179727.60086164204
O'AHU,3,1993,Total,385435.89949281386
O'AHU,5,1993,Domestic,184972.05963507097
O'AHU,5,1993,International,177805.2402347181
O'AHU,5,1993,Total,362777.29986978904
O'AHU,11,1993,Domestic,173728.03484836718
O'AHU,11,1993,International,175770.59751938606
O'AHU,11,1993,Total,349498.63236775325
O'AHU,10,1993,Domestic,186068.50240669592
O'AHU,10,1993,International,156811.2613653747
O'AHU,10,1993,Total,342879.76377207064
O'AHU,9,1993,Domestic,165306.22397125827
O'AHU,9,1993,International,183940.47719381098
O'AHU,9,1993,Total,349246.70116506924
O'AHU,4,1994,Domestic,177095.74188279736
O'AHU,4,1994,International,158749.90494442984
O'AHU,4,1994,Total,335845.6468272272
O'AHU,8,1994,Domestic,214793.65684903722
O'AHU,8,1994,International,237121.8420847941
O'AHU,8,1994,Total,451915.49893383135
O'AHU,12,1994,Domestic,187321.02767228277
O'AHU,12,1994,International,230270.0807183469
O'AHU,12,1994,Total,417591.10839062964
O'AHU,2,1994,Domestic,182393.0194972659
O'AHU,2,1994,International,196277.92948186662
O'AHU,2,1994,Total,378670.9489791325
O'AHU,1,1994,Domestic,169043.30053309954
O'AHU,1,1994,International,182413.52626263376
O'AHU,1,1994,Total,351456.8267957333
O'AHU,7,1994,Domestic,219723.76987521144
O'AHU,7,1994,International,206144.0090726362
O'AHU,7,1994,Total,425867.77894784766
O'AHU,6,1994,Domestic,213048.04320835043
O'AHU,6,1994,International,183728.50951222514
O'AHU,6,1994,Total,396776.5527205756
O'AHU,3,1994,Domestic,202732.9912033552
O'AHU,3,1994,International,211744.37118783002
O'AHU,3,1994,Total,414477.36239118525
O'AHU,5,1994,Domestic,176787.4584487102
O'AHU,5,1994,International,173554.10880493713
O'AHU,5,1994,Total,350341.5672536474
O'AHU,11,1994,Domestic,193195.40950533116
O'AHU,11,1994,International,184198.7533108567
O'AHU,11,1994,Total,377394.16281618783
O'AHU,10,1994,Domestic,177819.32972342533
O'AHU,10,1994,International,176543.18382275946
O'AHU,10,1994,Total,354362.51354618475
O'AHU,9,1994,Domestic,170227.39035445603
O'AHU,9,1994,International,204808.73708324585
O'AHU,9,1994,Total,375036.1274377019
O'AHU,4,1995,Domestic,172269.95413206512
O'AHU,4,1995,International,167036.03048989017
O'AHU,4,1995,Total,339305.9846219553
O'AHU,8,1995,Domestic,208059.38126280182
O'AHU,8,1995,International,267850.27097981604
O'AHU,8,1995,Total,475909.65224261786
O'AHU,12,1995,Domestic,174642.78570286708
O'AHU,12,1995,International,256513.22182180444
O'AHU,12,1995,Total,431156.0075246715
O'AHU,2,1995,Domestic,177855.78659352133
O'AHU,2,1995,International,178544.01681121028
O'AHU,2,1995,Total,356399.8034047316
O'AHU,1,1995,Domestic,179233.97398103192
O'AHU,1,1995,International,208599.21392688894
O'AHU,1,1995,Total,387833.18790792086
O'AHU,7,1995,Domestic,207728.58307452634
O'AHU,7,1995,International,256220.05694539085
O'AHU,7,1995,Total,463948.64001991716
O'AHU,6,1995,Domestic,208242.20439286076
O'AHU,6,1995,International,211747.16826385065
O'AHU,6,1995,Total,419989.3726567114
O'AHU,3,1995,Domestic,190608.99923097464
O'AHU,3,1995,International,211809.3012748868
O'AHU,3,1995,Total,402418.3005058614
O'AHU,5,1995,Domestic,169949.46387221428
O'AHU,5,1995,International,205691.17919155737
O'AHU,5,1995,Total,375640.64306377165
O'AHU,11,1995,Domestic,178673.54507744522
O'AHU,11,1995,International,206702.65190199032
O'AHU,11,1995,Total,385376.1969794355
O'AHU,10,1995,Domestic,187154.95037107094
O'AHU,10,1995,International,194415.79076508147
O'AHU,10,1995,Total,381570.7411361524
O'AHU,9,1995,Domestic,162476.5816222862
O'AHU,9,1995,International,235526.9712642627
O'AHU,9,1995,Total,398003.5528865489
O'AHU,4,1996,Domestic,171978.77500477666
O'AHU,4,1996,International,193530.9872727134
O'AHU,4,1996,Total,365509.76227749005
O'AHU,8,1996,Domestic,208905.34675059028
O'AHU,8,1996,International,246279.72582452575
O'AHU,8,1996,Total,455185.07257511606
O'AHU,12,1996,Domestic,164923.7997560476
O'AHU,12,1996,International,251705.1816264824
O'AHU,12,1996,Total,416628.98138253
O'AHU,2,1996,Domestic,191322.09040054533
O'AHU,2,1996,International,233646.22010313277
O'AHU,2,1996,Total,424968.3105036781
O'AHU,1,1996,Domestic,175906.37797568637
O'AHU,1,1996,International,236130.51218734434
O'AHU,1,1996,Total,412036.8901630307
O'AHU,7,1996,Domestic,216857.95867188263
O'AHU,7,1996,International,230888.35583459845
O'AHU,7,1996,Total,447746.31450648105
O'AHU,6,1996,Domestic,213982.96056827038
O'AHU,6,1996,International,215900.96469678418
O'AHU,6,1996,Total,429883.92526505457
O'AHU,3,1996,Domestic,193367.31294586245
O'AHU,3,1996,International,224013.73957357852
O'AHU,3,1996,Total,417381.052519441
O'AHU,5,1996,Domestic,187085.16913664844
O'AHU,5,1996,International,200630.1383706875
O'AHU,5,1996,Total,387715.3075073359
O'AHU,11,1996,Domestic,165212.79759165493
O'AHU,11,1996,International,207395.13329430792
O'AHU,11,1996,Total,372607.93088596285
O'AHU,10,1996,Domestic,167887.07633019035
O'AHU,10,1996,International,214440.4333020396
O'AHU,10,1996,Total,382327.5096322299
O'AHU,9,1996,Domestic,169919.006041191
O'AHU,9,1996,International,221973.7425133469
O'AHU,9,1996,Total,391892.7485545379
O'AHU,4,1997,Domestic,175459.37913549802
O'AHU,4,1997,International,197765.7487483718
O'AHU,4,1997,Total,373225.1278838698
O'AHU,8,1997,Domestic,200930.23996752838
O'AHU,8,1997,International,249473.10411803145
O'AHU,8,1997,Total,450403.34408555983
O'AHU,12,1997,Domestic,172985.165125063
O'AHU,12,1997,International,242958.95983186728
O'AHU,12,1997,Total,415944.1249569303
O'AHU,2,1997,Domestic,172943.40344073475
O'AHU,2,1997,International,228202.34992357733
O'AHU,2,1997,Total,401145.7533643121
O'AHU,1,1997,Domestic,169532.90465684992
O'AHU,1,1997,International,211813.78800525333
O'AHU,1,1997,Total,381346.6926621032
O'AHU,7,1997,Domestic,209719.10531938265
O'AHU,7,1997,International,246702.5773493117
O'AHU,7,1997,Total,456421.68266869435
O'AHU,6,1997,Domestic,196688.02770884827
O'AHU,6,1997,International,217404.92383776171
O'AHU,6,1997,Total,414092.95154661
O'AHU,3,1997,Domestic,192960.27491091762
O'AHU,3,1997,International,240668.76451308813
O'AHU,3,1997,Total,433629.0394240058
O'AHU,5,1997,Domestic,170260.66032927926
O'AHU,5,1997,International,210598.43984404046
O'AHU,5,1997,Total,380859.1001733197
O'AHU,11,1997,Domestic,169106.39848893514
O'AHU,11,1997,International,207350.9662001032
O'AHU,11,1997,Total,376457.36468903837
O'AHU,10,1997,Domestic,180947.0676363542
O'AHU,10,1997,International,206044.21141607512
O'AHU,10,1997,Total,386991.2790524293
O'AHU,9,1997,Domestic,161783.47439344815
O'AHU,9,1997,International,243311.5878868602
O'AHU,9,1997,Total,405095.06228030834
O'AHU,4,1998,Domestic,185290.08130751416
O'AHU,4,1998,International,176021.08954194185
O'AHU,4,1998,Total,361311.170849456
O'AHU,8,1998,Domestic,203322.63676389563
O'AHU,8,1998,International,215276.23085350095
O'AHU,8,1998,Total,418598.8676173966
O'AHU,12,1998,Domestic,189300.56619635798
O'AHU,12,1998,International,205976.68449419655
O'AHU,12,1998,Total,395277.2506905545
O'AHU,2,1998,Domestic,169414.71746617698
O'AHU,2,1998,International,213524.9116193153
O'AHU,2,1998,Total,382939.6290854923
O'AHU,1,1998,Domestic,169965.15171332535
O'AHU,1,1998,International,218553.42976505173
O'AHU,1,1998,Total,388518.5814783771
O'AHU,7,1998,Domestic,217894.47345156668
O'AHU,7,1998,International,221328.89127339915
O'AHU,7,1998,Total,439223.3647249658
O'AHU,6,1998,Domestic,204546.01539265743
O'AHU,6,1998,International,183554.26502352773
O'AHU,6,1998,Total,388100.28041618515
O'AHU,3,1998,Domestic,184468.8629219306
O'AHU,3,1998,International,208369.11349212762
O'AHU,3,1998,Total,392837.97641405824
O'AHU,5,1998,Domestic,176039.3278659666
O'AHU,5,1998,International,180672.61903684592
O'AHU,5,1998,Total,356711.9469028125
O'AHU,11,1998,Domestic,173686.47933762593
O'AHU,11,1998,International,182114.81672225002
O'AHU,11,1998,Total,355801.296059876
O'AHU,10,1998,Domestic,182657.3791240216
O'AHU,10,1998,International,168792.05647917697
O'AHU,10,1998,Total,351449.4356031986
O'AHU,9,1998,Domestic,165964.913633406
O'AHU,9,1998,International,205099.15451659396
O'AHU,9,1998,Total,371064.06814999995
O'AHU,4,1999,Domestic,184084.96817164635
O'AHU,4,1999,International,161397.28943613014
O'AHU,4,1999,Total,345482.2576077765
O'AHU,8,1999,Domestic,218681.03140986146
O'AHU,8,1999,International,208709.19054955864
O'AHU,8,1999,Total,427390.22195942013
O'AHU,12,1999,Domestic,191135.71137578294
O'AHU,12,1999,International,174667.45587461308
O'AHU,12,1999,Total,365803.167250396
O'AHU,2,1999,Domestic,177982.12442472615
O'AHU,2,1999,International,198194.30115569985
O'AHU,2,1999,Total,376176.425580426
O'AHU,1,1999,Domestic,167211.4771417245
O'AHU,1,1999,International,187868.91445401692
O'AHU,1,1999,Total,355080.3915957414
O'AHU,7,1999,Domestic,230916.18373155684
O'AHU,7,1999,International,207084.91559037587
O'AHU,7,1999,Total,438001.0993219327
O'AHU,6,1999,Domestic,214961.4254919338
O'AHU,6,1999,International,177052.9540526288
O'AHU,6,1999,Total,392014.3795445626
O'AHU,3,1999,Domestic,197174.92075224032
O'AHU,3,1999,International,195731.15579952445
O'AHU,3,1999,Total,392906.07655176474
O'AHU,5,1999,Domestic,185301.41492271598
O'AHU,5,1999,International,157130.40845089598
O'AHU,5,1999,Total,342431.82337361196
O'AHU,11,1999,Domestic,183698.93690652645
O'AHU,11,1999,International,181844.92085430512
O'AHU,11,1999,Total,365543.8577608316
O'AHU,10,1999,Domestic,213705.94922781052
O'AHU,10,1999,International,163861.03690194988
O'AHU,10,1999,Total,377566.9861297604
O'AHU,9,1999,Domestic,182186.19635030415
O'AHU,9,1999,International,199558.7123209311
O'AHU,9,1999,Total,381744.90867123526
O'AHU,4,2000,Domestic,199499.71811518693
O'AHU,4,2000,International,175091.6914279138
O'AHU,4,2000,Total,374591.40954310074
O'AHU,8,2000,Domestic,220111.0
O'AHU,8,2000,International,209323.31572386576
O'AHU,8,2000,Total,429434.31572386576
O'AHU,12,2000,Domestic,203947.0
O'AHU,12,2000,International,196410.3413495035
O'AHU,12,2000,Total,400357.3413495035
O'AHU,2,2000,Domestic,196196.51154471707
O'AHU,2,2000,International,195216.6760101799
O'AHU,2,2000,Total,391413.1875548969
O'AHU,1,2000,Domestic,176496.0
O'AHU,1,2000,International,177272.2827889664
O'AHU,1,2000,Total,353768.28278896643
O'AHU,7,2000,Domestic,246995.0
O'AHU,7,2000,International,197117.06290600967
O'AHU,7,2000,Total,444112.06290600967
O'AHU,6,2000,Domestic,244232.43293226833
O'AHU,6,2000,International,182258.27083261937
O'AHU,6,2000,Total,426490.7037648877
O'AHU,3,2000,Domestic,216014.95129094407
O'AHU,3,2000,International,198284.64498874018
O'AHU,3,2000,Total,414299.5962796842
O'AHU,5,2000,Domestic,203035.06747866864
O'AHU,5,2000,International,171467.0950193477
O'AHU,5,2000,Total,374502.1624980164
O'AHU,11,2000,Domestic,189935.0
O'AHU,11,2000,International,171477.55199279127
O'AHU,11,2000,Total,361412.55199279124
O'AHU,10,2000,Domestic,199740.0
O'AHU,10,2000,International,177567.1383584933
O'AHU,10,2000,Total,377307.13835849334
O'AHU,9,2000,Domestic,188855.0
O'AHU,9,2000,International,182699.9525118363
O'AHU,9,2000,Total,371554.9525118363
O'AHU,4,2001,Domestic,197334.0
O'AHU,4,2001,International,163264.45606910923
O'AHU,4,2001,Total,360598.45606910926
O'AHU,8,2001,Domestic,233750.0
O'AHU,8,2001,International,207812.48437602835
O'AHU,8,2001,Total,441562.48437602835
O'AHU,12,2001,Domestic,193527.0
O'AHU,12,2001,International,134257.54084381944
O'AHU,12,2001,Total,327784.54084381944
O'AHU,2,2001,Domestic,191726.6
O'AHU,2,2001,International,183953.78971353167
O'AHU,2,2001,Total,375680.3897135317
O'AHU,1,2001,Domestic,188384.7
O'AHU,1,2001,International,193341.1312518099
O'AHU,1,2001,Total,381725.8312518099
O'AHU,7,2001,Domestic,247832.0
O'AHU,7,2001,International,191140.31753815568
O'AHU,7,2001,Total,438972.3175381557
O'AHU,6,2001,Domestic,234562.0
O'AHU,6,2001,International,174044.613289421
O'AHU,6,2001,Total,408606.61328942096
O'AHU,3,2001,Domestic,219344.0
O'AHU,3,2001,International,187886.2813651917
O'AHU,3,2001,Total,407230.2813651917
O'AHU,5,2001,Domestic,202311.0
O'AHU,5,2001,International,158619.03995858738
O'AHU,5,2001,Total,360930.0399585874
O'AHU,11,2001,Domestic,163174.0
O'AHU,11,2001,International,82469.72650967947
O'AHU,11,2001,Total,245643.72650967946
O'AHU,10,2001,Domestic,169031.0
O'AHU,10,2001,International,93047.32039897772
O'AHU,10,2001,Total,262078.32039897772
O'AHU,9,2001,Domestic,138309.0
O'AHU,9,2001,International,108413.56115557953
O'AHU,9,2001,Total,246722.56115557952
O'AHU,4,2002,Domestic,184896.6478050312
O'AHU,4,2002,International,131471.0387808443
O'AHU,4,2002,Total,316367.6865858755
O'AHU,8,2002,Domestic,228967.23362138995
O'AHU,8,2002,International,174514.55325320212
O'AHU,8,2002,Total,403481.7868745921
O'AHU,12,2002,Domestic,198094.06287768856
O'AHU,12,2002,International,195321.9935934691
O'AHU,12,2002,Total,393416.05647115764
O'AHU,2,2002,Domestic,196495.95500277806
O'AHU,2,2002,International,136271.27461551508
O'AHU,2,2002,Total,332767.2296182931
O'AHU,1,2002,Domestic,167178.13243459747
O'AHU,1,2002,International,136251.0
O'AHU,1,2002,Total,303429.1324345975
O'AHU,7,2002,Domestic,249500.39791934355
O'AHU,7,2002,International,153559.15841360527
O'AHU,7,2002,Total,403059.55633294885
O'AHU,6,2002,Domestic,240595.5550491357
O'AHU,6,2002,International,157013.74781679365
O'AHU,6,2002,Total,397609.3028659293
O'AHU,3,2002,Domestic,219910.00827660997
O'AHU,3,2002,International,158703.64545447883
O'AHU,3,2002,Total,378613.6537310888
O'AHU,5,2002,Domestic,208534.8460582101
O'AHU,5,2002,International,143545.50045757205
O'AHU,5,2002,Total,352080.3465157822
O'AHU,11,2002,Domestic,180774.5084681102
O'AHU,11,2002,International,151182.05110023465
O'AHU,11,2002,Total,331956.55956834485
O'AHU,10,2002,Domestic,186762.5486350264
O'AHU,10,2002,International,158312.82921800844
O'AHU,10,2002,Total,345075.3778530349
O'AHU,9,2002,Domestic,161459.38626456234
O'AHU,9,2002,International,156760.8313890512
O'AHU,9,2002,Total,318220.21765361354
O'AHU,4,2003,Domestic,191539.8506960847
O'AHU,4,2003,International,92024.54708223192
O'AHU,4,2003,Total,283564.39777831663
O'AHU,8,2003,Domestic,237980.29715823426
O'AHU,8,2003,International,158683.0683658355
O'AHU,8,2003,Total,396663.36552406976
O'AHU,12,2003,Domestic,214069.38979973466
O'AHU,12,2003,International,179930.03406132074
O'AHU,12,2003,Total,393999.4238610554
O'AHU,2,2003,Domestic,173418.57547468852
O'AHU,2,2003,International,151743.86020581826
O'AHU,2,2003,Total,325162.43568050675
O'AHU,1,2003,Domestic,181730.42800263237
O'AHU,1,2003,International,162790.50831799125
O'AHU,1,2003,Total,344520.9363206236
O'AHU,7,2003,Domestic,252763.36798953076
O'AHU,7,2003,International,136588.3056694772
O'AHU,7,2003,Total,389351.673659008
O'AHU,6,2003,Domestic,234003.1803669529
O'AHU,6,2003,International,110994.55795577978
O'AHU,6,2003,Total,344997.7383227327
O'AHU,3,2003,Domestic,202451.56676611086
O'AHU,3,2003,International,135199.97041216053
O'AHU,3,2003,Total,337651.5371782714
O'AHU,5,2003,Domestic,193895.54847008048
O'AHU,5,2003,International,100231.42538095522
O'AHU,5,2003,Total,294126.9738510357
O'AHU,11,2003,Domestic,177471.72125653632
O'AHU,11,2003,International,147149.6033674522
O'AHU,11,2003,Total,324621.3246239885
O'AHU,10,2003,Domestic,186201.66234178146
O'AHU,10,2003,International,150896.34981561487
O'AHU,10,2003,Total,337098.0121573963
O'AHU,9,2003,Domestic,169860.0739606494
O'AHU,9,2003,International,148864.80532479502
O'AHU,9,2003,Total,318724.8792854444
O'AHU,4,2004,Domestic,204559.0923979049
O'AHU,4,2004,International,130082.58270868848
O'AHU,4,2004,Total,334641.6751065934
O'AHU,8,2004,Domestic,244120.63027494212
O'AHU,8,2004,International,168982.1747784753
O'AHU,8,2004,Total,413102.80505341745
O'AHU,12,2004,Domestic,232838.4826623046
O'AHU,12,2004,International,171103.4293407936
O'AHU,12,2004,Total,403941.9120030982
O'AHU,2,2004,Domestic,202758.81226280364
O'AHU,2,2004,International,148290.43266755863
O'AHU,2,2004,Total,351049.24493036227
O'AHU,1,2004,Domestic,182613.38290307412
O'AHU,1,2004,International,147573.32781286215
O'AHU,1,2004,Total,330186.71071593626
O'AHU,7,2004,Domestic,280347.8315716748
O'AHU,7,2004,International,161812.69376239472
O'AHU,7,2004,Total,442160.5253340695
O'AHU,6,2004,Domestic,250822.4097219516
O'AHU,6,2004,International,157710.5946711484
O'AHU,6,2004,Total,408533.00439310004
O'AHU,3,2004,Domestic,214142.6607586556
O'AHU,3,2004,International,147025.40293767935
O'AHU,3,2004,Total,361168.06369633495
O'AHU,5,2004,Domestic,206237.3937859819
O'AHU,5,2004,International,142089.529779486
O'AHU,5,2004,Total,348326.92356546794
O'AHU,11,2004,Domestic,194012.16720785137
O'AHU,11,2004,International,151733.5119768294
O'AHU,11,2004,Total,345745.6791846808
O'AHU,10,2004,Domestic,205072.26359237888
O'AHU,10,2004,International,166626.45013469202
O'AHU,10,2004,Total,371698.7137270709
O'AHU,9,2004,Domestic,194503.47181782546
O'AHU,9,2004,International,159492.75230140338
O'AHU,9,2004,Total,353996.22411922883
O'AHU,4,2005,Domestic,201535.74360959075
O'AHU,4,2005,International,137370.9074331986
O'AHU,4,2005,Total,338906.65104278934
O'AHU,8,2005,Domestic,279287.6301697102
O'AHU,8,2005,International,169703.19285275758
O'AHU,8,2005,Total,448990.8230224678
O'AHU,12,2005,Domestic,243723.56080907345
O'AHU,12,2005,International,177270.90796795144
O'AHU,12,2005,Total,420994.4687770249
O'AHU,2,2005,Domestic,212764.96901375233
O'AHU,2,2005,International,150492.48039889487
O'AHU,2,2005,Total,363257.44941264717
O'AHU,1,2005,Domestic,198377.42123415173
O'AHU,1,2005,International,171048.6176728459
O'AHU,1,2005,Total,369426.03890699765
O'AHU,7,2005,Domestic,306391.46441401466
O'AHU,7,2005,International,167703.07068044646
O'AHU,7,2005,Total,474094.5350944611
O'AHU,6,2005,Domestic,275124.537428737
O'AHU,6,2005,International,157055.0041031605
O'AHU,6,2005,Total,432179.5415318975
O'AHU,3,2005,Domestic,248849.50435632432
O'AHU,3,2005,International,164500.00227999676
O'AHU,3,2005,Total,413349.5066363211
O'AHU,5,2005,Domestic,211594.42678073942
O'AHU,5,2005,International,151476.84771716513
O'AHU,5,2005,Total,363071.2744979046
O'AHU,11,2005,Domestic,208258.1635585104
O'AHU,11,2005,International,149640.89634107827
O'AHU,11,2005,Total,357899.0598995887
O'AHU,10,2005,Domestic,217728.85899357285
O'AHU,10,2005,International,161777.92343589215
O'AHU,10,2005,Total,379506.782429465
O'AHU,9,2005,Domestic,204830.9553885732
O'AHU,9,2005,International,165335.7940266343
O'AHU,9,2005,Total,370166.74941520754
O'AHU,4,2006,Domestic,222006.53855471505
O'AHU,4,2006,International,136530.31986868815
O'AHU,4,2006,Total,358536.85842340323
O'AHU,8,2006,Domestic,271480.10726457805
O'AHU,8,2006,International,163302.85654841005
O'AHU,8,2006,Total,434782.96381298814
O'AHU,12,2006,Domestic,265763.5567255278
O'AHU,12,2006,International,161107.22505156376
O'AHU,12,2006,Total,426870.78177709156
O'AHU,2,2006,Domestic,222289.56802921765
O'AHU,2,2006,International,139013.95552135937
O'AHU,2,2006,Total,361303.523550577
O'AHU,1,2006,Domestic,209740.7527729178
O'AHU,1,2006,International,165450.00613955932
O'AHU,1,2006,Total,375190.7589124771
O'AHU,7,2006,Domestic,305579.44371510186
O'AHU,7,2006,International,150154.13649971847
O'AHU,7,2006,Total,455733.58021482034
O'AHU,6,2006,Domestic,278343.3140008397
O'AHU,6,2006,International,141509.87964453013
O'AHU,6,2006,Total,419853.19364536984
O'AHU,3,2006,Domestic,234957.02504379075
O'AHU,3,2006,International,163428.13845498406
O'AHU,3,2006,Total,398385.1634987748
O'AHU,5,2006,Domestic,217603.4549625586
O'AHU,5,2006,International,141480.91832710378
O'AHU,5,2006,Total,359084.3732896624
O'AHU,11,2006,Domestic,226865.82490692986
O'AHU,11,2006,International,144580.78291247308
O'AHU,11,2006,Total,371446.60781940294
O'AHU,10,2006,Domestic,221790.040759759
O'AHU,10,2006,International,145793.96941737714
O'AHU,10,2006,Total,367584.01017713617
O'AHU,9,2006,Domestic,214767.66986521488
O'AHU,9,2006,International,144577.52710663102
O'AHU,9,2006,Total,359345.19697184593
O'AHU,4,2007,Domestic,237203.86701276712
O'AHU,4,2007,International,130195.82935065952
O'AHU,4,2007,Total,367399.6963634266
O'AHU,8,2007,Domestic,288865.83058039733
O'AHU,8,2007,International,173726.26380833404
O'AHU,8,2007,Total,462592.0943887314
O'AHU,12,2007,Domestic,254905.75036318353
O'AHU,12,2007,International,159769.96910763666
O'AHU,12,2007,Total,414675.71947082016
O'AHU,2,2007,Domestic,219400.46169801205
O'AHU,2,2007,International,135768.36939758042
O'AHU,2,2007,Total,355168.83109559247
O'AHU,1,2007,Domestic,214476.62639833408
O'AHU,1,2007,International,145258.89191363615
O'AHU,1,2007,Total,359735.5183119702
O'AHU,7,2007,Domestic,291298.5199418556
O'AHU,7,2007,International,153129.548043802
O'AHU,7,2007,Total,444428.0679856576
O'AHU,6,2007,Domestic,281578.32820837875
O'AHU,6,2007,International,138774.04266962784
O'AHU,6,2007,Total,420352.37087800656
O'AHU,3,2007,Domestic,252151.32325248848
O'AHU,3,2007,International,155247.12996836365
O'AHU,3,2007,Total,407398.4532208521
O'AHU,5,2007,Domestic,243164.3471063256
O'AHU,5,2007,International,125699.55016172366
O'AHU,5,2007,Total,368863.89726804924
O'AHU,11,2007,Domestic,219462.50620264004
O'AHU,11,2007,International,142785.56430217583
O'AHU,11,2007,Total,362248.0705048159
O'AHU,10,2007,Domestic,226072.48225743257
O'AHU,10,2007,International,134931.88399251353
O'AHU,10,2007,Total,361004.36624994606
O'AHU,9,2007,Domestic,221802.467381241
O'AHU,9,2007,International,149080.3241532233
O'AHU,9,2007,Total,370882.79153446434
O'AHU,4,2008,Domestic,210307.0
O'AHU,4,2008,International,118736.0
O'AHU,4,2008,Total,329043.0
O'AHU,8,2008,Domestic,221578.0
O'AHU,8,2008,International,157549.0
O'AHU,8,2008,Total,379127.0
O'AHU,12,2008,Domestic,207616.0
O'AHU,12,2008,International,137513.0
O'AHU,12,2008,Total,345129.0
O'AHU,2,2008,Domestic,225002.0
O'AHU,2,2008,International,139372.0
O'AHU,2,2008,Total,364374.0
O'AHU,1,2008,Domestic,217141.0
O'AHU,1,2008,International,145605.0
O'AHU,1,2008,Total,362746.0
O'AHU,7,2008,Domestic,243254.0
O'AHU,7,2008,International,148333.0
O'AHU,7,2008,Total,391587.0
O'AHU,6,2008,Domestic,232328.0
O'AHU,6,2008,International,130112.0
O'AHU,6,2008,Total,362440.0
O'AHU,3,2008,Domestic,242915.0
O'AHU,3,2008,International,151220.0
O'AHU,3,2008,Total,394135.0
O'AHU,5,2008,Domestic,216686.0
O'AHU,5,2008,International,132933.0
O'AHU,5,2008,Total,349619.0
O'AHU,11,2008,Domestic,185045.0
O'AHU,11,2008,International,120161.0
O'AHU,11,2008,Total,305206.0
O'AHU,10,2008,Domestic,187142.0
O'AHU,10,2008,International,128992.0
O'AHU,10,2008,Total,316134.0
O'AHU,9,2008,Domestic,165881.0
O'AHU,9,2008,International,128266.0
O'AHU,9,2008,Total,294147.0
O'AHU,4,2009,Domestic,205942.01756363022
O'AHU,4,2009,International,123710.34629794244
O'AHU,4,2009,Total,329652.36386157264
O'AHU,8,2009,Domestic,232651.10519324304
O'AHU,8,2009,International,152778.0326911181
O'AHU,8,2009,Total,385429.13788436115
O'AHU,12,2009,Domestic,208524.83359875836
O'AHU,12,2009,International,152170.17863709375
O'AHU,12,2009,Total,360695.0122358521
O'AHU,2,2009,Domestic,189315.24264900247
O'AHU,2,2009,International,125109.58974664327
O'AHU,2,2009,Total,314424.83239564573
O'AHU,1,2009,Domestic,182419.8016288243
O'AHU,1,2009,International,135714.4485752708
O'AHU,1,2009,Total,318134.2502040951
O'AHU,7,2009,Domestic,251954.0917974968
O'AHU,7,2009,International,136808.70414776934
O'AHU,7,2009,Total,388762.79594526615
O'AHU,6,2009,Domestic,233752.13471051177
O'AHU,6,2009,International,96146.513924289
O'AHU,6,2009,Total,329898.6486348008
O'AHU,3,2009,Domestic,186086.72836939024
O'AHU,3,2009,International,140062.40982234068
O'AHU,3,2009,Total,326149.13819173095
O'AHU,5,2009,Domestic,216974.8096347135
O'AHU,5,2009,International,108712.96430161297
O'AHU,5,2009,Total,325687.7739363265
O'AHU,11,2009,Domestic,171015.02854681658
O'AHU,11,2009,International,131176.31210803083
O'AHU,11,2009,Total,302191.34065484744
O'AHU,10,2009,Domestic,181900.722067206
O'AHU,10,2009,International,134257.070515305
O'AHU,10,2009,Total,316157.79258251097
O'AHU,9,2009,Domestic,186263.0750200785
O'AHU,9,2009,International,141442.17297023706
O'AHU,9,2009,Total,327705.24799031555
O'AHU,4,2010,Domestic,200083.67088835055
O'AHU,4,2010,International,125850.18839455383
O'AHU,4,2010,Total,325933.85928290436
O'AHU,8,2010,Domestic,244634.3240050315
O'AHU,8,2010,International,161519.58962463285
O'AHU,8,2010,Total,406153.91362966434
O'AHU,12,2010,Domestic,227902.9673863632
O'AHU,12,2010,International,161771.65912044348
O'AHU,12,2010,Total,389674.6265068067
O'AHU,2,2010,Domestic,172291.14428838188
O'AHU,2,2010,International,139424.19814147014
O'AHU,2,2010,Total,311715.342429852
O'AHU,1,2010,Domestic,179013.37971917714
O'AHU,1,2010,International,139318.98594358287
O'AHU,1,2010,Total,318332.36566276
O'AHU,7,2010,Domestic,270586.53154809953
O'AHU,7,2010,International,151884.75549203058
O'AHU,7,2010,Total,422471.2870401301
O'AHU,6,2010,Domestic,241994.3513886453
O'AHU,6,2010,International,133151.2159735109
O'AHU,6,2010,Total,375145.56736215623
O'AHU,3,2010,Domestic,200931.93595713898
O'AHU,3,2010,International,157012.57519377535
O'AHU,3,2010,Total,357944.51115091436
O'AHU,5,2010,Domestic,208040.9764052431
O'AHU,5,2010,International,135177.2473273402
O'AHU,5,2010,Total,343218.22373258334
O'AHU,11,2010,Domestic,191719.7063555486
O'AHU,11,2010,International,137102.62504960017
O'AHU,11,2010,Total,328822.3314051488
O'AHU,10,2010,Domestic,203437.66448568876
O'AHU,10,2010,International,145484.02376527005
O'AHU,10,2010,Total,348921.6882509588
O'AHU,9,2010,Domestic,191728.73309747712
O'AHU,9,2010,International,153595.31121058174
O'AHU,9,2010,Total,345324.04430805886
O'AHU,4,2011,Domestic,209167.66088469437
O'AHU,4,2011,International,118966.15679755843
O'AHU,4,2011,Total,328133.8176822528
O'AHU,8,2011,Domestic,235690.01431128968
O'AHU,8,2011,International,175266.28930313943
O'AHU,8,2011,Total,410956.3036144291
O'AHU,12,2011,Domestic,238307.63738592307
O'AHU,12,2011,International,175642.28809279777
O'AHU,12,2011,Total,413949.9254787208
O'AHU,2,2011,Domestic,196754.22673837494
O'AHU,2,2011,International,150735.956531127
O'AHU,2,2011,Total,347490.18326950195
O'AHU,1,2011,Domestic,200548.81740228037
O'AHU,1,2011,International,158022.68077240596
O'AHU,1,2011,Total,358571.49817468633
O'AHU,7,2011,Domestic,253101.1825180937
O'AHU,7,2011,International,154349.03063741792
O'AHU,7,2011,Total,407450.21315551165
O'AHU,6,2011,Domestic,235349.04535531678
O'AHU,6,2011,International,137270.70457732337
O'AHU,6,2011,Total,372619.7499326401
O'AHU,3,2011,Domestic,218013.66582390148
O'AHU,3,2011,International,139228.50961946844
O'AHU,3,2011,Total,357242.1754433699
O'AHU,5,2011,Domestic,216746.1193378686
O'AHU,5,2011,International,128209.09002782624
O'AHU,5,2011,Total,344955.20936569484
O'AHU,11,2011,Domestic,191199.0786667484
O'AHU,11,2011,International,152078.79788876756
O'AHU,11,2011,Total,343277.8765555159
O'AHU,10,2011,Domestic,201961.50294445545
O'AHU,10,2011,International,156432.94731044592
O'AHU,10,2011,Total,358394.45025490137
O'AHU,9,2011,Domestic,195175.4981588914
O'AHU,9,2011,International,163407.00563641507
O'AHU,9,2011,Total,358582.50379530643
O'AHU,4,2012,Domestic,215806.8389048196
O'AHU,4,2012,International,155964.08524593397
O'AHU,4,2012,Total,371770.92415075353
O'AHU,8,2012,Domestic,252948.72586704278
O'AHU,8,2012,International,213055.5743187398
O'AHU,8,2012,Total,466004.3001857826
O'AHU,12,2012,Domestic,252636.18657090951
O'AHU,12,2012,International,195580.9758804148
O'AHU,12,2012,Total,448217.1624513243
O'AHU,2,2012,Domestic,200017.20068484062
O'AHU,2,2012,International,166562.52862315474
O'AHU,2,2012,Total,366579.72930799535
O'AHU,1,2012,Domestic,213913.67966801926
O'AHU,1,2012,International,176387.35592194158
O'AHU,1,2012,Total,390301.03558996087
O'AHU,7,2012,Domestic,264845.8649498706
O'AHU,7,2012,International,194402.67223437093
O'AHU,7,2012,Total,459248.5371842416
O'AHU,6,2012,Domestic,251112.22420091814
O'AHU,6,2012,International,175983.9384090931
O'AHU,6,2012,Total,427096.16261001123
O'AHU,3,2012,Domestic,228113.4020030595
O'AHU,3,2012,International,176948.80573287807
O'AHU,3,2012,Total,405062.20773593755
O'AHU,5,2012,Domestic,237751.90684408855
O'AHU,5,2012,International,158942.24699843884
O'AHU,5,2012,Total,396694.1538425274
O'AHU,11,2012,Domestic,211634.61146962977
O'AHU,11,2012,International,182639.18013736737
O'AHU,11,2012,Total,394273.79160699714
O'AHU,10,2012,Domestic,207482.75082068358
O'AHU,10,2012,International,183007.34776732457
O'AHU,10,2012,Total,390490.09858800814
O'AHU,9,2012,Domestic,198379.86230716048
O'AHU,9,2012,International,189927.49740734577
O'AHU,9,2012,Total,388307.35971450625
O'AHU,4,2013,Domestic,219712.89928173568
O'AHU,4,2013,International,166360.7621606711
O'AHU,4,2013,Total,386073.66144240677
O'AHU,8,2013,Domestic,255028.17711620833
O'AHU,8,2013,International,225501.38151425016
O'AHU,8,2013,Total,480529.5586304585
O'AHU,12,2013,Domestic,232224.25190258853
O'AHU,12,2013,International,205585.16672192473
O'AHU,12,2013,Total,437809.41862451326
O'AHU,2,2013,Domestic,204992.5885919155
O'AHU,2,2013,International,181223.12960754917
O'AHU,2,2013,Total,386215.71819946467
O'AHU,1,2013,Domestic,215037.59794092854
O'AHU,1,2013,International,180326.171878724
O'AHU,1,2013,Total,395363.76981965255
O'AHU,7,2013,Domestic,283261.4569070811
O'AHU,7,2013,International,203447.7043955851
O'AHU,7,2013,Total,486709.16130266624
O'AHU,6,2013,Domestic,263785.0936789633
O'AHU,6,2013,International,185874.90494188116
O'AHU,6,2013,Total,449659.99862084445
O'AHU,3,2013,Domestic,238725.79295934568
O'AHU,3,2013,International,196171.62039283977
O'AHU,3,2013,Total,434897.41335218545
O'AHU,5,2013,Domestic,239351.3002874354
O'AHU,5,2013,International,171299.52579054993
O'AHU,5,2013,Total,410650.82607798534
O'AHU,11,2013,Domestic,193966.1876094675
O'AHU,11,2013,International,187661.06176312626
O'AHU,11,2013,Total,381627.24937259377
O'AHU,10,2013,Domestic,195389.6838780521
O'AHU,10,2013,International,206835.51501119448
O'AHU,10,2013,Total,402225.19888924656
O'AHU,9,2013,Domestic,190980.77829607294
O'AHU,9,2013,International,201533.01986075175
O'AHU,9,2013,Total,392513.79815682466
O'AHU,4,2014,Domestic,218836.75623662243
O'AHU,4,2014,International,173540.29304655222
O'AHU,4,2014,Total,392377.0492831747
O'AHU,8,2014,Domestic,255006.68263669295
O'AHU,8,2014,International,226787.85569217446
O'AHU,8,2014,Total,481794.5383288674
O'AHU,12,2014,Domestic,249587.86661011272
O'AHU,12,2014,International,215493.5495514692
O'AHU,12,2014,Total,465081.4161615819
O'AHU,2,2014,Domestic,205563.65735271454
O'AHU,2,2014,International,187051.66484989962
O'AHU,2,2014,Total,392615.32220261416
O'AHU,1,2014,Domestic,214546.94234315222
O'AHU,1,2014,International,203336.11948452523
O'AHU,1,2014,Total,417883.0618276774
O'AHU,7,2014,Domestic,281295.03320833656
O'AHU,7,2014,International,215331.4430343255
O'AHU,7,2014,Total,496626.47624266206
O'AHU,6,2014,Domestic,267575.50182911893
O'AHU,6,2014,International,198680.02191482836
O'AHU,6,2014,Total,466255.52374394727
O'AHU,3,2014,Domestic,236292.8842974475
O'AHU,3,2014,International,200552.01750986316
O'AHU,3,2014,Total,436844.90180731064
O'AHU,5,2014,Domestic,234354.98208080482
O'AHU,5,2014,International,180094.8861264478
O'AHU,5,2014,Total,414449.8682072526
O'AHU,11,2014,Domestic,197811.57619497017
O'AHU,11,2014,International,195100.85669385377
O'AHU,11,2014,Total,392912.4328888239
O'AHU,10,2014,Domestic,215782.09301057042
O'AHU,10,2014,International,206951.605826852
O'AHU,10,2014,Total,422733.6988374224
O'AHU,9,2014,Domestic,202988.14582185127
O'AHU,9,2014,International,210058.1432084717
O'AHU,9,2014,Total,413046.289030323
O'AHU,4,2015,Domestic,223576.23269272083
O'AHU,4,2015,International,177593.1688580063
O'AHU,4,2015,Total,401169.40155072714
O'AHU,8,2015,Domestic,254465.38107411924
O'AHU,8,2015,International,234957.47376491223
O'AHU,8,2015,Total,489422.85483903147
O'AHU,12,2015,Domestic,265849.69974914135
O'AHU,12,2015,International,221973.84674998297
O'AHU,12,2015,Total,487823.5464991243
O'AHU,2,2015,Domestic,201519.43764071193
O'AHU,2,2015,International,199166.38554344734
O'AHU,2,2015,Total,400685.82318415924
O'AHU,1,2015,Domestic,205247.50591778514
O'AHU,1,2015,International,200352.6704721804
O'AHU,1,2015,Total,405600.1763899656
O'AHU,7,2015,Domestic,293506.597675066
O'AHU,7,2015,International,220070.55664547902
O'AHU,7,2015,Total,513577.154320545
O'AHU,6,2015,Domestic,284539.2793342181
O'AHU,6,2015,International,200217.8132576533
O'AHU,6,2015,Total,484757.0925918714
O'AHU,3,2015,Domestic,250627.05117657958
O'AHU,3,2015,International,208148.58700853726
O'AHU,3,2015,Total,458775.6381851168
O'AHU,5,2015,Domestic,250902.43263197047
O'AHU,5,2015,International,196634.78618294428
O'AHU,5,2015,Total,447537.21881491476
O'AHU,11,2015,Domestic,210174.5649355837
O'AHU,11,2015,International,197201.5661686484
O'AHU,11,2015,Total,407376.1311042321
O'AHU,10,2015,Domestic,223753.35197686192
O'AHU,10,2015,International,205607.77397133864
O'AHU,10,2015,Total,429361.1259482006
O'AHU,9,2015,Domestic,204587.88810267663
O'AHU,9,2015,International,209238.00543806294
O'AHU,9,2015,Total,413825.89354073955
O'AHU,4,2016,Domestic,219229.7333138515
O'AHU,4,2016,International,188426.2652978932
O'AHU,4,2016,Total,407655.9986117447
O'AHU,8,2016,Domestic,260981.1609415256
O'AHU,8,2016,International,234536.47033598376
O'AHU,8,2016,Total,495517.6312775094
O'AHU,12,2016,Domestic,275116.94458326907
O'AHU,12,2016,International,222218.117289492
O'AHU,12,2016,Total,497335.06187276106
O'AHU,2,2016,Domestic,214690.83986109679
O'AHU,2,2016,International,198692.81030033357
O'AHU,2,2016,Total,413383.65016143036
O'AHU,1,2016,Domestic,220906.26270978348
O'AHU,1,2016,International,212961.50960719076
O'AHU,1,2016,Total,433867.77231697424
O'AHU,7,2016,Domestic,291582.21860023064
O'AHU,7,2016,International,222730.88418757656
O'AHU,7,2016,Total,514313.10278780723
O'AHU,6,2016,Domestic,286301.870096104
O'AHU,6,2016,International,208531.88290577842
O'AHU,6,2016,Total,494833.7530018824
O'AHU,3,2016,Domestic,246035.79509971215
O'AHU,3,2016,International,204606.73868596798
O'AHU,3,2016,Total,450642.53378568013
O'AHU,5,2016,Domestic,256080.4366194037
O'AHU,5,2016,International,193696.4050685176
O'AHU,5,2016,Total,449776.8416879213
O'AHU,11,2016,Domestic,208366.16505062135
O'AHU,11,2016,International,213673.88860194854
O'AHU,11,2016,Total,422040.0536525699
O'AHU,10,2016,Domestic,218039.30025436607
O'AHU,10,2016,International,217290.53686895294
O'AHU,10,2016,Total,435329.83712331904
O'AHU,9,2016,Domestic,216231.63109019594
O'AHU,9,2016,International,216301.3661272558
O'AHU,9,2016,Total,432532.99721745175
O'AHU,4,2017,Domestic,234842.88517399455
O'AHU,4,2017,International,204738.9248869899
O'AHU,4,2017,Total,439581.8100617185
O'AHU,8,2017,Domestic,269407.93906980543
O'AHU,8,2017,International,249583.03391427043
O'AHU,8,2017,Total,518990.9729841104
O'AHU,12,2017,Domestic,283691.66532192024
O'AHU,12,2017,International,232533.8260815825
O'AHU,12,2017,Total,516225.4914041796
O'AHU,2,2017,Domestic,213260.06017672655
O'AHU,2,2017,International,207957.6517460044
O'AHU,2,2017,Total,421217.71192244784
O'AHU,1,2017,Domestic,221452.21039764513
O'AHU,1,2017,International,228379.10993056739
O'AHU,1,2017,Total,449831.32032906456
O'AHU,7,2017,Domestic,312168.8352762465
O'AHU,7,2017,International,246914.98238562106
O'AHU,7,2017,Total,559083.8176616604
O'AHU,6,2017,Domestic,293745.198740981
O'AHU,6,2017,International,220322.66069056257
O'AHU,6,2017,Total,514067.85943223734
O'AHU,3,2017,Domestic,250735.97562548844
O'AHU,3,2017,International,215624.85400338145
O'AHU,3,2017,Total,466360.8296289215
O'AHU,5,2017,Domestic,258689.84283291604
O'AHU,5,2017,International,202421.5635016339
O'AHU,5,2017,Total,461111.4063338719
O'AHU,11,2017,Domestic,222977.84875999094
O'AHU,11,2017,International,218912.5197116346
O'AHU,11,2017,Total,441890.3684725755
O'AHU,10,2017,Domestic,229129.16220126426
O'AHU,10,2017,International,218009.47418457942
O'AHU,10,2017,Total,447138.6363846079
O'AHU,9,2017,Domestic,219364.87913292376
O'AHU,9,2017,International,228479.03356545788
O'AHU,9,2017,Total,447843.9126995064
O'AHU,4,2018,Domestic,242252.60271816805
O'AHU,4,2018,International,202805.4299709422
O'AHU,4,2018,Total,445058.03268984944
O'AHU,8,2018,Domestic,281670.73662584013
O'AHU,8,2018,International,253306.68197385353
O'AHU,8,2018,Total,534977.4186007329
O'AHU,12,2018,Domestic,304652.53216230206
O'AHU,12,2018,International,218366.40315500952
O'AHU,12,2018,Total,523018.93531763833
O'AHU,2,2018,Domestic,232377.58254212182
O'AHU,2,2018,International,221930.79095003777
O'AHU,2,2018,Total,454308.3734910945
O'AHU,1,2018,Domestic,236602.731445645
O'AHU,1,2018,International,221053.8530369098
O'AHU,1,2018,Total,457656.58448277746
O'AHU,7,2018,Domestic,323262.6551766815
O'AHU,7,2018,International,238521.39923862476
O'AHU,7,2018,Total,561784.0544156538
O'AHU,6,2018,Domestic,317276.197856163
O'AHU,6,2018,International,219138.02530809195
O'AHU,6,2018,Total,536414.2231646592
O'AHU,3,2018,Domestic,276067.4727424682
O'AHU,3,2018,International,226965.91946126043
O'AHU,3,2018,Total,503033.3922029939
O'AHU,5,2018,Domestic,276161.9038647682
O'AHU,5,2018,International,206062.4783641452
O'AHU,5,2018,Total,482224.3822281636
O'AHU,11,2018,Domestic,242172.74194561178
O'AHU,11,2018,International,207751.48310584118
O'AHU,11,2018,Total,449924.2250516185
O'AHU,10,2018,Domestic,252273.87175498804
O'AHU,10,2018,International,208294.04407021456
O'AHU,10,2018,Total,460567.9158261252
O'AHU,9,2018,Domestic,232969.25274053105
O'AHU,9,2018,International,220420.78734554775
O'AHU,9,2018,Total,453390.04008470493
O'AHU,4,2019,Domestic,274904.67979264364
O'AHU,4,2019,International,212462.4063217999
O'AHU,4,2019,Total,487367.0861140374
O'AHU,8,2019,Domestic,328733.10385682853
O'AHU,8,2019,International,246337.2721975232
O'AHU,8,2019,Total,575070.3760551952
O'AHU,12,2019,Domestic,331502.4244873926
O'AHU,12,2019,International,226843.20783333096
O'AHU,12,2019,Total,558345.6323221046
O'AHU,2,2019,Domestic,244481.70083672047
O'AHU,2,2019,International,210204.94169878223
O'AHU,2,2019,Total,454686.64253636444
O'AHU,1,2019,Domestic,251514.85213041955
O'AHU,1,2019,International,236925.85438439614
O'AHU,1,2019,Total,488440.70651613234
O'AHU,7,2019,Domestic,360119.1277152372
O'AHU,7,2019,International,238866.75280696215
O'AHU,7,2019,Total,598985.8805214472
O'AHU,6,2019,Domestic,346632.39056071435
O'AHU,6,2019,International,216116.79031986863
O'AHU,6,2019,Total,562749.1808808913
O'AHU,3,2019,Domestic,302197.83879844804
O'AHU,3,2019,International,221705.9444104934
O'AHU,3,2019,Total,523903.7832080051
O'AHU,5,2019,Domestic,310156.432901251
O'AHU,5,2019,International,197931.96741652192
O'AHU,5,2019,Total,508088.4003174709
O'AHU,11,2019,Domestic,258520.46161526733
O'AHU,11,2019,International,210163.3196668433
O'AHU,11,2019,Total,468683.7812813893
O'AHU,10,2019,Domestic,264421.04781509534
O'AHU,10,2019,International,204917.96725429723
O'AHU,10,2019,Total,469339.0150685575
O'AHU,9,2019,Domestic,239886.11039378156
O'AHU,9,2019,International,218701.49868598566
O'AHU,9,2019,Total,458587.6090791961
O'AHU,4,2020,Domestic,3183.1396196013898
O'AHU,4,2020,International,418.00000000000017
O'AHU,4,2020,Total,3601.139619601363
O'AHU,8,2020,Domestic,15907.962060960132
O'AHU,8,2020,International,1008.9999999999923
O'AHU,8,2020,Total,16916.962060960337
O'AHU,12,2020,Domestic,109653.34396275942
O'AHU,12,2020,International,3436.6593210447286
O'AHU,12,2020,Total,113090.00328380859
O'AHU,2,2020,Domestic,274553.136036581
O'AHU,2,2020,International,193406.35869337028
O'AHU,2,2020,Total,467959.4947301818
O'AHU,1,2020,Domestic,279850.42645252374
O'AHU,1,2020,International,226857.3242276538
O'AHU,1,2020,Total,506707.7506809234
O'AHU,7,2020,Domestic,15442.322208726764
O'AHU,7,2020,International,1005.9999999999973
O'AHU,7,2020,Total,16448.32220872657
O'AHU,6,2020,Domestic,12391.468636561367
O'AHU,6,2020,International,637.9999999999991
O'AHU,6,2020,Total,13029.468636561274
O'AHU,3,2020,Domestic,158187.05886386533
O'AHU,3,2020,International,78453.42304648584
O'AHU,3,2020,Total,236640.48191049419
O'AHU,5,2020,Domestic,7158.064883673426
O'AHU,5,2020,International,207.00000000000003
O'AHU,5,2020,Total,7365.0648836734445
O'AHU,11,2020,Domestic,75825.97477601486
O'AHU,11,2020,International,836.3704292527839
O'AHU,11,2020,Total,76662.34520526626
O'AHU,10,2020,Domestic,34977.47075461821
O'AHU,10,2020,International,1031.9999999999982
O'AHU,10,2020,Total,36009.47075461953
O'AHU,9,2020,Domestic,11018.155688949315
O'AHU,9,2020,International,866.9999999999998
O'AHU,9,2020,Total,11885.155688949559
O'AHU,4,2021,Domestic,220960.30051869832
O'AHU,4,2021,International,2118.556483662112
O'AHU,4,2021,Total,223078.8570023657
O'AHU,8,2021,Domestic,362836.80955437
O'AHU,8,2021,International,6834.559316480178
O'AHU,8,2021,Total,369671.3688708362
O'AHU,12,2021,Domestic,362881.18004975445
O'AHU,12,2021,International,26337.601886865803
O'AHU,12,2021,Total,389218.7819366692
O'AHU,2,2021,Domestic,103940.65757387558
O'AHU,2,2021,International,1461.0479077814678
O'AHU,2,2021,Total,105401.70548165876
O'AHU,1,2021,Domestic,76681.95836678812
O'AHU,1,2021,International,2193.282621734872
O'AHU,1,2021,Total,78875.24098851839
O'AHU,7,2021,Domestic,448687.17245799856
O'AHU,7,2021,International,4929.85837995044
O'AHU,7,2021,Total,453617.0308379723
O'AHU,6,2021,Domestic,391178.45215271873
O'AHU,6,2021,International,3596.1266443663903
O'AHU,6,2021,Total,394774.5787970836
O'AHU,3,2021,Domestic,205197.06136638825
O'AHU,3,2021,International,1738.698340874799
O'AHU,3,2021,Total,206935.75970726385
O'AHU,5,2021,Domestic,308193.51133030804
O'AHU,5,2021,International,2680.7560647784994
O'AHU,5,2021,Total,310874.26739507914
O'AHU,11,2021,Domestic,279320.04951591115
O'AHU,11,2021,International,13074.954942623035
O'AHU,11,2021,Total,292395.0044585935
O'AHU,10,2021,Domestic,250165.38759679737
O'AHU,10,2021,International,6764.383971992305
O'AHU,10,2021,Total,256929.7715687947
O'AHU,9,2021,Domestic,240553.1347816916
O'AHU,9,2021,International,4296.590700809118
O'AHU,9,2021,Total,244849.72548249995
O'AHU,4,2022,Domestic,368752.05890955444
O'AHU,4,2022,International,47244.89514165257
O'AHU,4,2022,Total,415996.95405132155
O'AHU,8,2022,Domestic,379139.31347574026
O'AHU,8,2022,International,78131.55213324296
O'AHU,8,2022,Total,457270.86560891435
O'AHU,12,2022,Domestic,377104.43362619984
O'AHU,12,2022,International,108206.27295313496
O'AHU,12,2022,Total,485310.7065793411
O'AHU,2,2022,Domestic,287633.8443516872
O'AHU,2,2022,International,20230.678666084506
O'AHU,2,2022,Total,307864.52301783237
O'AHU,1,2022,Domestic,257530.2342131389
O'AHU,1,2022,International,19290.987185390677
O'AHU,1,2022,Total,276821.2213984639
O'AHU,7,2022,Domestic,416117.8851363066
O'AHU,7,2022,International,73915.54626589958
O'AHU,7,2022,Total,490033.4314022107
O'AHU,6,2022,Domestic,385347.57219701406
O'AHU,6,2022,International,51996.22437189946
O'AHU,6,2022,Total,437343.7965689375
O'AHU,3,2022,Domestic,365234.23347526207
O'AHU,3,2022,International,38295.99271883573
O'AHU,3,2022,Total,403530.22619400173
O'AHU,5,2022,Domestic,368996.2538039633
O'AHU,5,2022,International,46223.1100401268
O'AHU,5,2022,Total,415219.36384407565
O'AHU,11,2022,Domestic,308942.8897112611
O'AHU,11,2022,International,84260.53763042169
O'AHU,11,2022,Total,393203.4273416187
O'AHU,10,2022,Domestic,312437.4843528667
O'AHU,10,2022,International,78165.99917206478
O'AHU,10,2022,Total,390603.4835250613
O'AHU,9,2022,Domestic,315069.6673827636
O'AHU,9,2022,International,69902.16082511525
O'AHU,9,2022,Total,384971.8282079471
STATEWIDE,4,1990,Domestic,355712.8324041
STATEWIDE,4,1990,International,184740.29697171552
STATEWIDE,4,1990,Total,540453.1293758155
STATEWIDE,8,1990,Domestic,418343.15936419996
STATEWIDE,8,1990,International,244772.67510283753
STATEWIDE,8,1990,Total,663115.8344670375
STATEWIDE,12,1990,Domestic,329412.5628805
STATEWIDE,12,1990,International,238429.8154686013
STATEWIDE,12,1990,Total,567842.3783491013
STATEWIDE,2,1990,Domestic,329383.587066
STATEWIDE,2,1990,International,193164.0173781944
STATEWIDE,2,1990,Total,522547.60444419435
STATEWIDE,1,1990,Domestic,346279.0623507
STATEWIDE,1,1990,International,221707.49216876773
STATEWIDE,1,1990,Total,567986.5545194678
STATEWIDE,7,1990,Domestic,412017.9505776
STATEWIDE,7,1990,International,230869.4378955716
STATEWIDE,7,1990,Total,642887.3884731716
STATEWIDE,6,1990,Domestic,400651.27724870003
STATEWIDE,6,1990,International,201855.17045766138
STATEWIDE,6,1990,Total,602506.4477063614
STATEWIDE,3,1990,Domestic,363782.28723879997
STATEWIDE,3,1990,International,200844.7252050421
STATEWIDE,3,1990,Total,564627.0124438421
STATEWIDE,5,1990,Domestic,352289.6242571
STATEWIDE,5,1990,International,168527.84740544175
STATEWIDE,5,1990,Total,520817.47166254173
STATEWIDE,11,1990,Domestic,344115.9323716
STATEWIDE,11,1990,International,177896.86736455883
STATEWIDE,11,1990,Total,522012.7997361588
STATEWIDE,10,1990,Domestic,341781.57176709996
STATEWIDE,10,1990,International,169761.14676562446
STATEWIDE,10,1990,Total,511542.7185327244
STATEWIDE,9,1990,Domestic,321391.2861895
STATEWIDE,9,1990,International,175800.1236906612
STATEWIDE,9,1990,Total,497191.40988016117
STATEWIDE,4,1991,Domestic,338326.1386133
STATEWIDE,4,1991,International,170636.93495490373
STATEWIDE,4,1991,Total,508963.0735682037
STATEWIDE,8,1991,Domestic,407025.3890956
STATEWIDE,8,1991,International,253601.53920493272
STATEWIDE,8,1991,Total,660626.9283005327
STATEWIDE,12,1991,Domestic,325305.2602951
STATEWIDE,12,1991,International,247733.38729289413
STATEWIDE,12,1991,Total,573038.6475879941
STATEWIDE,2,1991,Domestic,263595.0671809
STATEWIDE,2,1991,International,141738.57977879155
STATEWIDE,2,1991,Total,405333.64695969154
STATEWIDE,1,1991,Domestic,319298.4746054
STATEWIDE,1,1991,International,216146.22729541073
STATEWIDE,1,1991,Total,535444.7019008107
STATEWIDE,7,1991,Domestic,400000.6795554
STATEWIDE,7,1991,International,246427.46646796382
STATEWIDE,7,1991,Total,646428.1460233638
STATEWIDE,6,1991,Domestic,375487.2234957
STATEWIDE,6,1991,International,218221.33392298207
STATEWIDE,6,1991,Total,593708.557418682
STATEWIDE,3,1991,Domestic,349453.6571148
STATEWIDE,3,1991,International,156989.88811642127
STATEWIDE,3,1991,Total,506443.54523122124
STATEWIDE,5,1991,Domestic,339342.4841069
STATEWIDE,5,1991,International,181805.77602920737
STATEWIDE,5,1991,Total,521148.26013610733
STATEWIDE,11,1991,Domestic,310446.7039049
STATEWIDE,11,1991,International,205348.36836452258
STATEWIDE,11,1991,Total,515795.0722694226
STATEWIDE,10,1991,Domestic,319279.3718765
STATEWIDE,10,1991,International,191430.44757552035
STATEWIDE,10,1991,Total,510709.81945202034
STATEWIDE,9,1991,Domestic,320947.83981720003
STATEWIDE,9,1991,International,219872.24896002273
STATEWIDE,9,1991,Total,540820.0887772228
STATEWIDE,4,1992,Domestic,318005.0
STATEWIDE,4,1992,International,187063.17059454144
STATEWIDE,4,1992,Total,505068.1705945415
STATEWIDE,8,1992,Domestic,347643.0
STATEWIDE,8,1992,International,247593.3364376755
STATEWIDE,8,1992,Total,595236.3364376755
STATEWIDE,12,1992,Domestic,298276.0
STATEWIDE,12,1992,International,250486.28031213256
STATEWIDE,12,1992,Total,548762.2803121326
STATEWIDE,2,1992,Domestic,297594.0
STATEWIDE,2,1992,International,234574.136775246
STATEWIDE,2,1992,Total,532168.136775246
STATEWIDE,1,1992,Domestic,306955.0
STATEWIDE,1,1992,International,240107.5962359944
STATEWIDE,1,1992,Total,547062.5962359944
STATEWIDE,7,1992,Domestic,339275.0
STATEWIDE,7,1992,International,240947.51330444377
STATEWIDE,7,1992,Total,580222.5133044438
STATEWIDE,6,1992,Domestic,327931.0
STATEWIDE,6,1992,International,239933.568923328
STATEWIDE,6,1992,Total,567864.5689233281
STATEWIDE,3,1992,Domestic,318176.0
STATEWIDE,3,1992,International,216212.7753006232
STATEWIDE,3,1992,Total,534388.7753006232
STATEWIDE,5,1992,Domestic,302446.0
STATEWIDE,5,1992,International,213634.48898115385
STATEWIDE,5,1992,Total,516080.4889811538
STATEWIDE,11,1992,Domestic,319370.0
STATEWIDE,11,1992,International,198086.370011919
STATEWIDE,11,1992,Total,517456.370011919
STATEWIDE,10,1992,Domestic,326785.0
STATEWIDE,10,1992,International,185655.17950443408
STATEWIDE,10,1992,Total,512440.1795044341
STATEWIDE,9,1992,Domestic,289489.0
STATEWIDE,9,1992,International,227429.47190481413
STATEWIDE,9,1992,Total,516918.4719048141
STATEWIDE,4,1993,Domestic,301083.0
STATEWIDE,4,1993,International,175057.96968678062
STATEWIDE,4,1993,Total,476140.9696867806
STATEWIDE,8,1993,Domestic,324195.0
STATEWIDE,8,1993,International,240839.08764056308
STATEWIDE,8,1993,Total,565034.087640563
STATEWIDE,12,1993,Domestic,282585.0
STATEWIDE,12,1993,International,235485.4628294085
STATEWIDE,12,1993,Total,518070.46282940847
STATEWIDE,2,1993,Domestic,286289.0
STATEWIDE,2,1993,International,197187.61254598454
STATEWIDE,2,1993,Total,483476.61254598456
STATEWIDE,1,1993,Domestic,290415.0
STATEWIDE,1,1993,International,239210.37930165612
STATEWIDE,1,1993,Total,529625.3793016562
STATEWIDE,7,1993,Domestic,325500.0
STATEWIDE,7,1993,International,223248.99307099325
STATEWIDE,7,1993,Total,548748.9930709932
STATEWIDE,6,1993,Domestic,298894.0
STATEWIDE,6,1993,International,201109.50184759864
STATEWIDE,6,1993,Total,500003.50184759864
STATEWIDE,3,1993,Domestic,322881.0
STATEWIDE,3,1993,International,212403.21733703316
STATEWIDE,3,1993,Total,535284.2173370331
STATEWIDE,5,1993,Domestic,290500.0
STATEWIDE,5,1993,International,194126.7557167645
STATEWIDE,5,1993,Total,484626.7557167645
STATEWIDE,11,1993,Domestic,285396.0
STATEWIDE,11,1993,International,193496.82535165182
STATEWIDE,11,1993,Total,478892.8253516518
STATEWIDE,10,1993,Domestic,303930.0
STATEWIDE,10,1993,International,185281.38637375436
STATEWIDE,10,1993,Total,489211.38637375436
STATEWIDE,9,1993,Domestic,258391.0
STATEWIDE,9,1993,International,203488.55559693807
STATEWIDE,9,1993,Total,461879.55559693807
STATEWIDE,4,1994,Domestic,317681.0
STATEWIDE,4,1994,International,172200.31296333382
STATEWIDE,4,1994,Total,489881.3129633338
STATEWIDE,8,1994,Domestic,358947.0
STATEWIDE,8,1994,International,249966.1553731095
STATEWIDE,8,1994,Total,608913.1553731095
STATEWIDE,12,1994,Domestic,313888.0
STATEWIDE,12,1994,International,248449.37773340818
STATEWIDE,12,1994,Total,562337.3777334082
STATEWIDE,2,1994,Domestic,305339.0
STATEWIDE,2,1994,International,215526.8377094421
STATEWIDE,2,1994,Total,520865.83770944213
STATEWIDE,1,1994,Domestic,278784.0
STATEWIDE,1,1994,International,214715.68571910122
STATEWIDE,1,1994,Total,493499.6857191012
STATEWIDE,7,1994,Domestic,355501.0
STATEWIDE,7,1994,International,222216.96383488676
STATEWIDE,7,1994,Total,577717.9638348868
STATEWIDE,6,1994,Domestic,340308.0
STATEWIDE,6,1994,International,196564.0034973087
STATEWIDE,6,1994,Total,536872.0034973087
STATEWIDE,3,1994,Domestic,352733.0
STATEWIDE,3,1994,International,231916.31063009522
STATEWIDE,3,1994,Total,584649.3106300952
STATEWIDE,5,1994,Domestic,293498.0
STATEWIDE,5,1994,International,187539.64999105158
STATEWIDE,5,1994,Total,481037.6499910516
STATEWIDE,11,1994,Domestic,318179.0
STATEWIDE,11,1994,International,202227.6482396396
STATEWIDE,11,1994,Total,520406.6482396396
STATEWIDE,10,1994,Domestic,304552.0
STATEWIDE,10,1994,International,193214.30048624735
STATEWIDE,10,1994,Total,497766.30048624735
STATEWIDE,9,1994,Domestic,273869.0
STATEWIDE,9,1994,International,216857.3623710621
STATEWIDE,9,1994,Total,490726.3623710621
STATEWIDE,4,1995,Domestic,312821.0
STATEWIDE,4,1995,International,180935.83620918702
STATEWIDE,4,1995,Total,493756.83620918705
STATEWIDE,8,1995,Domestic,349363.0
STATEWIDE,8,1995,International,281312.1419771911
STATEWIDE,8,1995,Total,630675.1419771911
STATEWIDE,12,1995,Domestic,299314.0
STATEWIDE,12,1995,International,279230.765550061
STATEWIDE,12,1995,Total,578544.765550061
STATEWIDE,2,1995,Domestic,306694.0
STATEWIDE,2,1995,International,192796.48269122053
STATEWIDE,2,1995,Total,499490.48269122053
STATEWIDE,1,1995,Domestic,299201.0
STATEWIDE,1,1995,International,226349.54702029168
STATEWIDE,1,1995,Total,525550.5470202917
STATEWIDE,7,1995,Domestic,342888.0
STATEWIDE,7,1995,International,277212.6267330887
STATEWIDE,7,1995,Total,620100.6267330886
STATEWIDE,6,1995,Domestic,339785.0
STATEWIDE,6,1995,International,225286.77279894945
STATEWIDE,6,1995,Total,565071.7727989494
STATEWIDE,3,1995,Domestic,334322.0
STATEWIDE,3,1995,International,232554.69997995935
STATEWIDE,3,1995,Total,566876.6999799593
STATEWIDE,5,1995,Domestic,288949.0
STATEWIDE,5,1995,International,218443.51398955463
STATEWIDE,5,1995,Total,507392.5139895546
STATEWIDE,11,1995,Domestic,298920.0
STATEWIDE,11,1995,International,225141.16702805043
STATEWIDE,11,1995,Total,524061.1670280504
STATEWIDE,10,1995,Domestic,307507.0
STATEWIDE,10,1995,International,213422.01524160994
STATEWIDE,10,1995,Total,520929.01524160994
STATEWIDE,9,1995,Domestic,263710.0
STATEWIDE,9,1995,International,250599.60040642504
STATEWIDE,9,1995,Total,514309.6004064251
STATEWIDE,4,1996,Domestic,308925.0
STATEWIDE,4,1996,International,203179.7680090042
STATEWIDE,4,1996,Total,512104.7680090042
STATEWIDE,8,1996,Domestic,367145.0
STATEWIDE,8,1996,International,269852.0133735639
STATEWIDE,8,1996,Total,636997.0133735639
STATEWIDE,12,1996,Domestic,285909.0
STATEWIDE,12,1996,International,274284.3112141466
STATEWIDE,12,1996,Total,560193.3112141467
STATEWIDE,2,1996,Domestic,327281.0
STATEWIDE,2,1996,International,247760.7897937017
STATEWIDE,2,1996,Total,575041.7897937017
STATEWIDE,1,1996,Domestic,295713.0
STATEWIDE,1,1996,International,250135.94065505368
STATEWIDE,1,1996,Total,545848.9406550537
STATEWIDE,7,1996,Domestic,347567.0
STATEWIDE,7,1996,International,277792.74894835026
STATEWIDE,7,1996,Total,625359.7489483503
STATEWIDE,6,1996,Domestic,357784.0
STATEWIDE,6,1996,International,241714.9618570394
STATEWIDE,6,1996,Total,599498.9618570394
STATEWIDE,3,1996,Domestic,339072.0
STATEWIDE,3,1996,International,253464.2614110955
STATEWIDE,3,1996,Total,592536.2614110955
STATEWIDE,5,1996,Domestic,309568.0
STATEWIDE,5,1996,International,217192.13037656914
STATEWIDE,5,1996,Total,526760.1303765691
STATEWIDE,11,1996,Domestic,290728.0
STATEWIDE,11,1996,International,222980.6892146167
STATEWIDE,11,1996,Total,513708.68921461666
STATEWIDE,10,1996,Domestic,287196.0
STATEWIDE,10,1996,International,224955.74533463287
STATEWIDE,10,1996,Total,512151.74533463287
STATEWIDE,9,1996,Domestic,277225.0
STATEWIDE,9,1996,International,245715.00166798552
STATEWIDE,9,1996,Total,522940.0016679855
STATEWIDE,4,1997,Domestic,320120.0
STATEWIDE,4,1997,International,207193.4000808968
STATEWIDE,4,1997,Total,527313.4000808968
STATEWIDE,8,1997,Domestic,368668.0
STATEWIDE,8,1997,International,259662.14016347672
STATEWIDE,8,1997,Total,628330.1401634767
STATEWIDE,12,1997,Domestic,316179.0
STATEWIDE,12,1997,International,256549.90311348854
STATEWIDE,12,1997,Total,572728.9031134886
STATEWIDE,2,1997,Domestic,301973.0
STATEWIDE,2,1997,International,246836.6269504584
STATEWIDE,2,1997,Total,548809.6269504584
STATEWIDE,1,1997,Domestic,297671.0
STATEWIDE,1,1997,International,238808.46128767918
STATEWIDE,1,1997,Total,536479.4612876792
STATEWIDE,7,1997,Domestic,362833.0
STATEWIDE,7,1997,International,259580.10533130023
STATEWIDE,7,1997,Total,622413.1053313003
STATEWIDE,6,1997,Domestic,345985.0
STATEWIDE,6,1997,International,224577.41984337414
STATEWIDE,6,1997,Total,570562.4198433742
STATEWIDE,3,1997,Domestic,352871.0
STATEWIDE,3,1997,International,265889.69434629567
STATEWIDE,3,1997,Total,618760.6943462957
STATEWIDE,5,1997,Domestic,300233.0
STATEWIDE,5,1997,International,218430.36262883176
STATEWIDE,5,1997,Total,518663.36262883176
STATEWIDE,11,1997,Domestic,311218.0
STATEWIDE,11,1997,International,219381.56722566363
STATEWIDE,11,1997,Total,530599.5672256637
STATEWIDE,10,1997,Domestic,322958.0
STATEWIDE,10,1997,International,215470.35290758012
STATEWIDE,10,1997,Total,538428.3529075801
STATEWIDE,9,1997,Domestic,290089.0
STATEWIDE,9,1997,International,257957.4028411783
STATEWIDE,9,1997,Total,548046.4028411782
STATEWIDE,4,1998,Domestic,355166.00811313
STATEWIDE,4,1998,International,188563.0
STATEWIDE,4,1998,Total,543729.00811313
STATEWIDE,8,1998,Domestic,368949.1841214225
STATEWIDE,8,1998,International,233689.0
STATEWIDE,8,1998,Total,602638.1841214225
STATEWIDE,12,1998,Domestic,328209.7248918337
STATEWIDE,12,1998,International,229785.0
STATEWIDE,12,1998,Total,557994.7248918337
STATEWIDE,2,1998,Domestic,313775.64635143144
STATEWIDE,2,1998,International,229414.0
STATEWIDE,2,1998,Total,543189.6463514315
STATEWIDE,1,1998,Domestic,308961.7881393945
STATEWIDE,1,1998,International,238633.0
STATEWIDE,1,1998,Total,547594.7881393945
STATEWIDE,7,1998,Domestic,377853.3214293365
STATEWIDE,7,1998,International,234501.0
STATEWIDE,7,1998,Total,612354.3214293364
STATEWIDE,6,1998,Domestic,359674.7086712738
STATEWIDE,6,1998,International,197763.0
STATEWIDE,6,1998,Total,557437.7086712738
STATEWIDE,3,1998,Domestic,350483.1652211024
STATEWIDE,3,1998,International,227226.0
STATEWIDE,3,1998,Total,577709.1652211024
STATEWIDE,5,1998,Domestic,320265.69648132665
STATEWIDE,5,1998,International,195555.0
STATEWIDE,5,1998,Total,515820.69648132665
STATEWIDE,11,1998,Domestic,305986.87309816486
STATEWIDE,11,1998,International,205065.0
STATEWIDE,11,1998,Total,511051.87309816486
STATEWIDE,10,1998,Domestic,331029.11823749315
STATEWIDE,10,1998,International,185384.0
STATEWIDE,10,1998,Total,516413.11823749315
STATEWIDE,9,1998,Domestic,293784.8704553344
STATEWIDE,9,1998,International,216072.0
STATEWIDE,9,1998,Total,509856.8704553344
STATEWIDE,4,1999,Domestic,343940.9528250453
STATEWIDE,4,1999,International,183294.0
STATEWIDE,4,1999,Total,527234.9528250452
STATEWIDE,8,1999,Domestic,399433.9452136243
STATEWIDE,8,1999,International,230424.0
STATEWIDE,8,1999,Total,629857.9452136243
STATEWIDE,12,1999,Domestic,338037.9536347009
STATEWIDE,12,1999,International,201116.0
STATEWIDE,12,1999,Total,539153.953634701
STATEWIDE,2,1999,Domestic,330509.95466724155
STATEWIDE,2,1999,International,225541.0
STATEWIDE,2,1999,Total,556050.9546672415
STATEWIDE,1,1999,Domestic,319979.9561115366
STATEWIDE,1,1999,International,216014.0
STATEWIDE,1,1999,Total,535993.9561115366
STATEWIDE,7,1999,Domestic,415221.9430481419
STATEWIDE,7,1999,International,225870.0
STATEWIDE,7,1999,Total,641091.9430481419
STATEWIDE,6,1999,Domestic,379757.9479123848
STATEWIDE,6,1999,International,195241.0
STATEWIDE,6,1999,Total,574998.9479123848
STATEWIDE,3,1999,Domestic,371254.9490786565
STATEWIDE,3,1999,International,225451.0
STATEWIDE,3,1999,Total,596705.9490786565
STATEWIDE,5,1999,Domestic,334406.9541327289
STATEWIDE,5,1999,International,179201.0
STATEWIDE,5,1999,Total,513607.9541327289
STATEWIDE,11,1999,Domestic,335752.95394811156
STATEWIDE,11,1999,International,205856.0
STATEWIDE,11,1999,Total,541608.9539481115
STATEWIDE,10,1999,Domestic,369865.9492691718
STATEWIDE,10,1999,International,186097.0
STATEWIDE,10,1999,Total,555962.9492691718
STATEWIDE,9,1999,Domestic,317457.95645745413
STATEWIDE,9,1999,International,211311.0
STATEWIDE,9,1999,Total,528768.9564574541
STATEWIDE,4,2000,Domestic,376937.14366547775
STATEWIDE,4,2000,International,191036.0
STATEWIDE,4,2000,Total,567973.1436654777
STATEWIDE,8,2000,Domestic,398880.0
STATEWIDE,8,2000,International,232258.18181907167
STATEWIDE,8,2000,Total,631138.1818190716
STATEWIDE,12,2000,Domestic,355451.0
STATEWIDE,12,2000,International,225009.90909159376
STATEWIDE,12,2000,Total,580460.9090915937
STATEWIDE,2,2000,Domestic,354610.5600424567
STATEWIDE,2,2000,International,222991.6
STATEWIDE,2,2000,Total,577602.1600424567
STATEWIDE,1,2000,Domestic,312574.0
STATEWIDE,1,2000,International,205697.0
STATEWIDE,1,2000,Total,518271.0
STATEWIDE,7,2000,Domestic,434132.0
STATEWIDE,7,2000,International,219582.27272843203
STATEWIDE,7,2000,Total,653714.272728432
STATEWIDE,6,2000,Domestic,422653.3586812077
STATEWIDE,6,2000,International,197361.0
STATEWIDE,6,2000,Total,620014.3586812078
STATEWIDE,3,2000,Domestic,403062.6492438624
STATEWIDE,3,2000,International,221986.0
STATEWIDE,3,2000,Total,625048.6492438624
STATEWIDE,5,2000,Domestic,365671.00454946747
STATEWIDE,5,2000,International,185773.54545559958
STATEWIDE,5,2000,Total,551444.550005067
STATEWIDE,11,2000,Domestic,337212.0
STATEWIDE,11,2000,International,196285.0
STATEWIDE,11,2000,Total,533497.0
STATEWIDE,10,2000,Domestic,358855.0
STATEWIDE,10,2000,International,196726.27272817766
STATEWIDE,10,2000,Total,555581.2727281777
STATEWIDE,9,2000,Domestic,326897.0
STATEWIDE,9,2000,International,206952.0
STATEWIDE,9,2000,Total,533849.0
STATEWIDE,4,2001,Domestic,371122.79450986197
STATEWIDE,4,2001,International,182099.0
STATEWIDE,4,2001,Total,553221.794509862
STATEWIDE,8,2001,Domestic,415972.9719519304
STATEWIDE,8,2001,International,229727.27280960046
STATEWIDE,8,2001,Total,645700.2447615308
STATEWIDE,12,2001,Domestic,339417.5909857121
STATEWIDE,12,2001,International,148854.90909158
STATEWIDE,12,2001,Total,488272.5000772921
STATEWIDE,2,2001,Domestic,345428.8271636742
STATEWIDE,2,2001,International,205557.8
STATEWIDE,2,2001,Total,550986.6271636742
STATEWIDE,1,2001,Domestic,334509.2821750506
STATEWIDE,1,2001,International,217716.18190440055
STATEWIDE,1,2001,Total,552225.4640794512
STATEWIDE,7,2001,Domestic,432106.0006737674
STATEWIDE,7,2001,International,209126.2728366006
STATEWIDE,7,2001,Total,641232.2735103681
STATEWIDE,6,2001,Domestic,406579.820115484
STATEWIDE,6,2001,International,190224.0
STATEWIDE,6,2001,Total,596803.8201154841
STATEWIDE,3,2001,Domestic,399849.14543566486
STATEWIDE,3,2001,International,212026.72736700045
STATEWIDE,3,2001,Total,611875.8728026653
STATEWIDE,5,2001,Domestic,351875.1794643348
STATEWIDE,5,2001,International,172089.63636467958
STATEWIDE,5,2001,Total,523964.8158290144
STATEWIDE,11,2001,Domestic,294798.34975264256
STATEWIDE,11,2001,International,94951.0
STATEWIDE,11,2001,Total,389749.34975264256
STATEWIDE,10,2001,Domestic,289415.6356209406
STATEWIDE,10,2001,International,100224.27272802
STATEWIDE,10,2001,Total,389639.90834896057
STATEWIDE,9,2001,Domestic,243245.24698385855
STATEWIDE,9,2001,International,116872.3
STATEWIDE,9,2001,Total,360117.54698385857
STATEWIDE,4,2002,Domestic,335244.804742489
STATEWIDE,4,2002,International,144461.0
STATEWIDE,4,2002,Total,479705.804742489
STATEWIDE,8,2002,Domestic,427850.73852482403
STATEWIDE,8,2002,International,190048.0
STATEWIDE,8,2002,Total,617898.738524824
STATEWIDE,12,2002,Domestic,358085.6523197616
STATEWIDE,12,2002,International,209935.0000000074
STATEWIDE,12,2002,Total,568020.6523197689
STATEWIDE,2,2002,Domestic,345507.51355669356
STATEWIDE,2,2002,International,157870.99999999805
STATEWIDE,2,2002,Total,503378.5135566916
STATEWIDE,1,2002,Domestic,305316.6240288289
STATEWIDE,1,2002,International,157249.0
STATEWIDE,1,2002,Total,462565.6240288289
STATEWIDE,7,2002,Domestic,443391.09546629904
STATEWIDE,7,2002,International,167975.00000000084
STATEWIDE,7,2002,Total,611366.0954662999
STATEWIDE,6,2002,Domestic,425711.9986542578
STATEWIDE,6,2002,International,168773.9999999988
STATEWIDE,6,2002,Total,594485.9986542566
STATEWIDE,3,2002,Domestic,392019.1315207046
STATEWIDE,3,2002,International,179671.99999999936
STATEWIDE,3,2002,Total,571691.1315207039
STATEWIDE,5,2002,Domestic,354831.12076972215
STATEWIDE,5,2002,International,154005.99999999642
STATEWIDE,5,2002,Total,508837.12076971855
STATEWIDE,11,2002,Domestic,328033.35077494936
STATEWIDE,11,2002,International,165488.00000000748
STATEWIDE,11,2002,Total,493521.35077495687
STATEWIDE,10,2002,Domestic,343987.36927965545
STATEWIDE,10,2002,International,168626.00000001292
STATEWIDE,10,2002,Total,512613.3692796684
STATEWIDE,9,2002,Domestic,298870.542075274
STATEWIDE,9,2002,International,166103.00000000076
STATEWIDE,9,2002,Total,464973.54207527475
STATEWIDE,4,2003,Domestic,377750.8702602653
STATEWIDE,4,2003,International,104261.00000000343
STATEWIDE,4,2003,Total,482011.87026026874
STATEWIDE,8,2003,Domestic,450743.5170216607
STATEWIDE,8,2003,International,176528.0
STATEWIDE,8,2003,Total,627271.5170216607
STATEWIDE,12,2003,Domestic,389131.17794887675
STATEWIDE,12,2003,International,195641.99999999642
STATEWIDE,12,2003,Total,584773.1779488731
STATEWIDE,2,2003,Domestic,329467.0633574728
STATEWIDE,2,2003,International,173522.0000000019
STATEWIDE,2,2003,Total,502989.06335747475
STATEWIDE,1,2003,Domestic,333190.44983607944
STATEWIDE,1,2003,International,184080.0000000009
STATEWIDE,1,2003,Total,517270.4498360803
STATEWIDE,7,2003,Domestic,470781.6442698995
STATEWIDE,7,2003,International,146095.99999999793
STATEWIDE,7,2003,Total,616877.6442698975
STATEWIDE,6,2003,Domestic,430580.9632299797
STATEWIDE,6,2003,International,118648.0
STATEWIDE,6,2003,Total,549228.9632299796
STATEWIDE,3,2003,Domestic,386680.66781000706
STATEWIDE,3,2003,International,155938.00000000137
STATEWIDE,3,2003,Total,542618.6678100084
STATEWIDE,5,2003,Domestic,360587.5722870725
STATEWIDE,5,2003,International,109534.99999999237
STATEWIDE,5,2003,Total,470122.57228706486
STATEWIDE,11,2003,Domestic,339667.623259525
STATEWIDE,11,2003,International,161811.99999999863
STATEWIDE,11,2003,Total,501479.62325952365
STATEWIDE,10,2003,Domestic,349351.52799220337
STATEWIDE,10,2003,International,161462.9999999949
STATEWIDE,10,2003,Total,510814.52799219824
STATEWIDE,9,2003,Domestic,313355.9273980867
STATEWIDE,9,2003,International,161625.00000000471
STATEWIDE,9,2003,Total,474980.9273980914
STATEWIDE,4,2004,Domestic,406391.62239063845
STATEWIDE,4,2004,International,142765.99999999098
STATEWIDE,4,2004,Total,549157.6223906295
STATEWIDE,8,2004,Domestic,460648.466644843
STATEWIDE,8,2004,International,185983.00000000556
STATEWIDE,8,2004,Total,646631.4666448486
STATEWIDE,12,2004,Domestic,430263.69515441096
STATEWIDE,12,2004,International,186346.00000000576
STATEWIDE,12,2004,Total,616609.6951544167
STATEWIDE,2,2004,Domestic,375175.78245983133
STATEWIDE,2,2004,International,165229.99999999083
STATEWIDE,2,2004,Total,540405.7824598221
STATEWIDE,1,2004,Domestic,348332.3457791825
STATEWIDE,1,2004,International,169772.99999999022
STATEWIDE,1,2004,Total,518105.3457791727
STATEWIDE,7,2004,Domestic,505911.6648803323
STATEWIDE,7,2004,International,178315.9999999892
STATEWIDE,7,2004,Total,684227.6648803215
STATEWIDE,6,2004,Domestic,452871.9479645164
STATEWIDE,6,2004,International,164655.00000000262
STATEWIDE,6,2004,Total,617526.947964519
STATEWIDE,3,2004,Domestic,415098.9645309025
STATEWIDE,3,2004,International,165603.00000000143
STATEWIDE,3,2004,Total,580701.964530904
STATEWIDE,5,2004,Domestic,393443.25329478504
STATEWIDE,5,2004,International,152460.000000005
STATEWIDE,5,2004,Total,545903.25329479
STATEWIDE,11,2004,Domestic,366814.68023039424
STATEWIDE,11,2004,International,161167.0000000088
STATEWIDE,11,2004,Total,527981.6802304031
STATEWIDE,10,2004,Domestic,386205.0812336527
STATEWIDE,10,2004,International,176557.99999999136
STATEWIDE,10,2004,Total,562763.081233644
STATEWIDE,9,2004,Domestic,351802.9140442562
STATEWIDE,9,2004,International,170276.9999999858
STATEWIDE,9,2004,Total,522079.914044242
STATEWIDE,4,2005,Domestic,396891.8051206846
STATEWIDE,4,2005,International,151542.0
STATEWIDE,4,2005,Total,548433.8051206847
STATEWIDE,8,2005,Domestic,509180.8733773776
STATEWIDE,8,2005,International,187743.0
STATEWIDE,8,2005,Total,696923.8733773776
STATEWIDE,12,2005,Domestic,460265.9318597236
STATEWIDE,12,2005,International,195556.0
STATEWIDE,12,2005,Total,655821.9318597235
STATEWIDE,2,2005,Domestic,404814.55297964625
STATEWIDE,2,2005,International,169658.0
STATEWIDE,2,2005,Total,574472.5529796463
STATEWIDE,1,2005,Domestic,387920.9499625158
STATEWIDE,1,2005,International,188373.0
STATEWIDE,1,2005,Total,576293.9499625158
STATEWIDE,7,2005,Domestic,559258.4747657123
STATEWIDE,7,2005,International,180547.0
STATEWIDE,7,2005,Total,739805.4747657123
STATEWIDE,6,2005,Domestic,494511.0389402781
STATEWIDE,6,2005,International,168210.0
STATEWIDE,6,2005,Total,662721.0389402781
STATEWIDE,3,2005,Domestic,486968.45987716946
STATEWIDE,3,2005,International,183416.0
STATEWIDE,3,2005,Total,670384.4598771695
STATEWIDE,5,2005,Domestic,413146.4763875266
STATEWIDE,5,2005,International,162744.90909090848
STATEWIDE,5,2005,Total,575891.3854784351
STATEWIDE,11,2005,Domestic,401302.92561614636
STATEWIDE,11,2005,International,161181.0
STATEWIDE,11,2005,Total,562483.9256161463
STATEWIDE,10,2005,Domestic,415033.71065462474
STATEWIDE,10,2005,International,179136.0
STATEWIDE,10,2005,Total,594169.7106546247
STATEWIDE,9,2005,Domestic,383985.83327253314
STATEWIDE,9,2005,International,175186.0
STATEWIDE,9,2005,Total,559171.8332725331
STATEWIDE,4,2006,Domestic,453006.0
STATEWIDE,4,2006,International,151624.0
STATEWIDE,4,2006,Total,604630.0
STATEWIDE,8,2006,Domestic,520906.0
STATEWIDE,8,2006,International,176464.0
STATEWIDE,8,2006,Total,697370.0
STATEWIDE,12,2006,Domestic,497356.0
STATEWIDE,12,2006,International,179367.0
STATEWIDE,12,2006,Total,676723.0
STATEWIDE,2,2006,Domestic,424037.0
STATEWIDE,2,2006,International,161627.0
STATEWIDE,2,2006,Total,585664.0
STATEWIDE,1,2006,Domestic,414546.0
STATEWIDE,1,2006,International,189966.0
STATEWIDE,1,2006,Total,604512.0
STATEWIDE,7,2006,Domestic,569236.0
STATEWIDE,7,2006,International,162705.0
STATEWIDE,7,2006,Total,731941.0
STATEWIDE,6,2006,Domestic,526204.0
STATEWIDE,6,2006,International,151811.0
STATEWIDE,6,2006,Total,678015.0
STATEWIDE,3,2006,Domestic,462257.0
STATEWIDE,3,2006,International,184434.0
STATEWIDE,3,2006,Total,646691.0
STATEWIDE,5,2006,Domestic,431193.0
STATEWIDE,5,2006,International,151706.0
STATEWIDE,5,2006,Total,582899.0
STATEWIDE,11,2006,Domestic,422806.0
STATEWIDE,11,2006,International,157395.0
STATEWIDE,11,2006,Total,580201.0
STATEWIDE,10,2006,Domestic,422246.0
STATEWIDE,10,2006,International,154436.0
STATEWIDE,10,2006,Total,576682.0
STATEWIDE,9,2006,Domestic,406331.0
STATEWIDE,9,2006,International,156446.0
STATEWIDE,9,2006,Total,562777.0
STATEWIDE,4,2007,Domestic,454006.5602169902
STATEWIDE,4,2007,International,143471.0
STATEWIDE,4,2007,Total,597477.5602169902
STATEWIDE,8,2007,Domestic,544100.2814404691
STATEWIDE,8,2007,International,188925.0
STATEWIDE,8,2007,Total,733025.2814404691
STATEWIDE,12,2007,Domestic,483557.13581471244
STATEWIDE,12,2007,International,180391.0
STATEWIDE,12,2007,Total,663948.1358147124
STATEWIDE,2,2007,Domestic,417987.7082664439
STATEWIDE,2,2007,International,156775.0
STATEWIDE,2,2007,Total,574762.7082664439
STATEWIDE,1,2007,Domestic,408563.79249953694
STATEWIDE,1,2007,International,168668.0
STATEWIDE,1,2007,Total,577231.7924995369
STATEWIDE,7,2007,Domestic,547065.3247149003
STATEWIDE,7,2007,International,164198.0
STATEWIDE,7,2007,Total,711263.3247149003
STATEWIDE,6,2007,Domestic,525745.524030304
STATEWIDE,6,2007,International,146840.0
STATEWIDE,6,2007,Total,672585.524030304
STATEWIDE,3,2007,Domestic,496703.00812313706
STATEWIDE,3,2007,International,177829.0
STATEWIDE,3,2007,Total,674532.008123137
STATEWIDE,5,2007,Domestic,454692.5520612767
STATEWIDE,5,2007,International,131853.0
STATEWIDE,5,2007,Total,586545.5520612767
STATEWIDE,11,2007,Domestic,421895.9749863565
STATEWIDE,11,2007,International,154475.0
STATEWIDE,11,2007,Total,576370.9749863565
STATEWIDE,10,2007,Domestic,427631.62115577876
STATEWIDE,10,2007,International,143015.0
STATEWIDE,10,2007,Total,570646.6211557788
STATEWIDE,9,2007,Domestic,400580.7613680264
STATEWIDE,9,2007,International,157850.0
STATEWIDE,9,2007,Total,558430.7613680264
STATEWIDE,4,2008,Domestic,405155.0
STATEWIDE,4,2008,International,133265.0
STATEWIDE,4,2008,Total,538420.0
STATEWIDE,8,2008,Domestic,433162.0
STATEWIDE,8,2008,International,173174.0
STATEWIDE,8,2008,Total,606336.0
STATEWIDE,12,2008,Domestic,391490.0
STATEWIDE,12,2008,International,159615.0
STATEWIDE,12,2008,Total,551105.0
STATEWIDE,2,2008,Domestic,436594.0
STATEWIDE,2,2008,International,158173.0
STATEWIDE,2,2008,Total,594767.0
STATEWIDE,1,2008,Domestic,419342.0
STATEWIDE,1,2008,International,168204.0
STATEWIDE,1,2008,Total,587546.0
STATEWIDE,7,2008,Domestic,457186.0
STATEWIDE,7,2008,International,156406.0
STATEWIDE,7,2008,Total,613592.0
STATEWIDE,6,2008,Domestic,439895.0
STATEWIDE,6,2008,International,140730.0
STATEWIDE,6,2008,Total,580625.0
STATEWIDE,3,2008,Domestic,491900.0
STATEWIDE,3,2008,International,167303.0
STATEWIDE,3,2008,Total,659203.0
STATEWIDE,5,2008,Domestic,406891.0
STATEWIDE,5,2008,International,142443.0
STATEWIDE,5,2008,Total,549334.0
STATEWIDE,11,2008,Domestic,353032.0
STATEWIDE,11,2008,International,132590.0
STATEWIDE,11,2008,Total,485622.0
STATEWIDE,10,2008,Domestic,355211.0
STATEWIDE,10,2008,International,141175.0
STATEWIDE,10,2008,Total,496386.0
STATEWIDE,9,2008,Domestic,312035.0
STATEWIDE,9,2008,International,138465.0
STATEWIDE,9,2008,Total,450500.0
STATEWIDE,4,2009,Domestic,390668.26035665773
STATEWIDE,4,2009,International,139749.0000000069
STATEWIDE,4,2009,Total,530417.2603566647
STATEWIDE,8,2009,Domestic,444265.02703937097
STATEWIDE,8,2009,International,164257.0000000013
STATEWIDE,8,2009,Total,608522.0270393722
STATEWIDE,12,2009,Domestic,396707.1661450821
STATEWIDE,12,2009,International,172717.99999999438
STATEWIDE,12,2009,Total,569425.1661450765
STATEWIDE,2,2009,Domestic,368378.938653765
STATEWIDE,2,2009,International,145233.99999998725
STATEWIDE,2,2009,Total,513612.93865375227
STATEWIDE,1,2009,Domestic,356893.28766565275
STATEWIDE,1,2009,International,156498.99999999205
STATEWIDE,1,2009,Total,513392.2876656448
STATEWIDE,7,2009,Domestic,475570.41571152734
STATEWIDE,7,2009,International,146181.0000000034
STATEWIDE,7,2009,Total,621751.4157115307
STATEWIDE,6,2009,Domestic,444304.6509907361
STATEWIDE,6,2009,International,106258.00000000045
STATEWIDE,6,2009,Total,550562.6509907366
STATEWIDE,3,2009,Domestic,381257.47713222954
STATEWIDE,3,2009,International,160594.00000000588
STATEWIDE,3,2009,Total,541851.4771322354
STATEWIDE,5,2009,Domestic,397112.53082279273
STATEWIDE,5,2009,International,116989.00000000557
STATEWIDE,5,2009,Total,514101.5308227983
STATEWIDE,11,2009,Domestic,332825.61460499483
STATEWIDE,11,2009,International,143974.99999998842
STATEWIDE,11,2009,Total,476800.61460498325
STATEWIDE,10,2009,Domestic,350645.4106885651
STATEWIDE,10,2009,International,144280.99999999334
STATEWIDE,10,2009,Total,494926.4106885585
STATEWIDE,9,2009,Domestic,333372.16668939136
STATEWIDE,9,2009,International,151712.00000000274
STATEWIDE,9,2009,Total,485084.1666893941
STATEWIDE,4,2010,Domestic,395011.08673062816
STATEWIDE,4,2010,International,146718.00000001205
STATEWIDE,4,2010,Total,541729.0867306282
STATEWIDE,8,2010,Domestic,472167.15618390526
STATEWIDE,8,2010,International,175383.99999999625
STATEWIDE,8,2010,Total,647551.1561839052
STATEWIDE,12,2010,Domestic,438565.79670867784
STATEWIDE,12,2010,International,185342.0000000048
STATEWIDE,12,2010,Total,623907.7967086779
STATEWIDE,2,2010,Domestic,352401.5688817734
STATEWIDE,2,2010,International,165242.99999999724
STATEWIDE,2,2010,Total,517644.5688817734
STATEWIDE,1,2010,Domestic,354199.7097204646
STATEWIDE,1,2010,International,169435.00000000958
STATEWIDE,1,2010,Total,523634.7097204646
STATEWIDE,7,2010,Domestic,515580.87967776874
STATEWIDE,7,2010,International,165346.99999999726
STATEWIDE,7,2010,Total,680927.8796777688
STATEWIDE,6,2010,Domestic,465782.4665063035
STATEWIDE,6,2010,International,142037.99999999543
STATEWIDE,6,2010,Total,607820.4665063035
STATEWIDE,3,2010,Domestic,412250.2648566648
STATEWIDE,3,2010,International,184877.00000001217
STATEWIDE,3,2010,Total,597127.2648566648
STATEWIDE,5,2010,Domestic,400599.5163758053
STATEWIDE,5,2010,International,146743.00000000861
STATEWIDE,5,2010,Total,547342.5163758053
STATEWIDE,11,2010,Domestic,380416.4024947716
STATEWIDE,11,2010,International,155869.99999999136
STATEWIDE,11,2010,Total,536286.4024947716
STATEWIDE,10,2010,Domestic,406809.9496391571
STATEWIDE,10,2010,International,157642.99999999691
STATEWIDE,10,2010,Total,564452.9496391572
STATEWIDE,9,2010,Domestic,363567.41519331624
STATEWIDE,9,2010,International,164901.99999999485
STATEWIDE,9,2010,Total,528469.4151933163
STATEWIDE,4,2011,Domestic,425043.91990293254
STATEWIDE,4,2011,International,142649.0000000073
STATEWIDE,4,2011,Total,567692.9199029398
STATEWIDE,8,2011,Domestic,458571.64723011636
STATEWIDE,8,2011,International,193184.00000000326
STATEWIDE,8,2011,Total,651755.6472301197
STATEWIDE,12,2011,Domestic,463228.829701254
STATEWIDE,12,2011,International,206886.99999998847
STATEWIDE,12,2011,Total,670115.8297012425
STATEWIDE,2,2011,Domestic,397383.7488469984
STATEWIDE,2,2011,International,181645.99999998824
STATEWIDE,2,2011,Total,579029.7488469866
STATEWIDE,1,2011,Domestic,400656.82701430627
STATEWIDE,1,2011,International,186013.9999999911
STATEWIDE,1,2011,Total,586670.8270142974
STATEWIDE,7,2011,Domestic,500312.9052328346
STATEWIDE,7,2011,International,167577.00000000518
STATEWIDE,7,2011,Total,667889.9052328398
STATEWIDE,6,2011,Domestic,460883.00832639803
STATEWIDE,6,2011,International,146624.00000000588
STATEWIDE,6,2011,Total,607507.0083264039
STATEWIDE,3,2011,Domestic,443297.6914056895
STATEWIDE,3,2011,International,172447.00000001804
STATEWIDE,3,2011,Total,615744.6914057075
STATEWIDE,5,2011,Domestic,411758.30721098505
STATEWIDE,5,2011,International,137246.99999999133
STATEWIDE,5,2011,Total,549005.3072109764
STATEWIDE,11,2011,Domestic,389667.3795665925
STATEWIDE,11,2011,International,167920.00000000093
STATEWIDE,11,2011,Total,557587.3795665934
STATEWIDE,10,2011,Domestic,399660.20931132254
STATEWIDE,10,2011,International,168551.00000002442
STATEWIDE,10,2011,Total,568211.209311347
STATEWIDE,9,2011,Domestic,376826.9654392023
STATEWIDE,9,2011,International,176359.99999998944
STATEWIDE,9,2011,Total,553186.9654391918
STATEWIDE,4,2012,Domestic,435753.77793597896
STATEWIDE,4,2012,International,180702.00000000518
STATEWIDE,4,2012,Total,616455.7779359841
STATEWIDE,8,2012,Domestic,496529.0024270623
STATEWIDE,8,2012,International,232312.9999999899
STATEWIDE,8,2012,Total,728842.0024270522
STATEWIDE,12,2012,Domestic,494626.77895474073
STATEWIDE,12,2012,International,231914.00000002008
STATEWIDE,12,2012,Total,726540.7789547609
STATEWIDE,2,2012,Domestic,409099.1374697274
STATEWIDE,2,2012,International,200897.99999997887
STATEWIDE,2,2012,Total,609997.1374697062
STATEWIDE,1,2012,Domestic,418306.97191896243
STATEWIDE,1,2012,International,214389.99999997066
STATEWIDE,1,2012,Total,632696.9719189331
STATEWIDE,7,2012,Domestic,511904.5782087302
STATEWIDE,7,2012,International,212888.00000000783
STATEWIDE,7,2012,Total,724792.578208738
STATEWIDE,6,2012,Domestic,488150.7449370086
STATEWIDE,6,2012,International,191107.00000000856
STATEWIDE,6,2012,Total,679257.7449370171
STATEWIDE,3,2012,Domestic,474324.0014940534
STATEWIDE,3,2012,International,216972.99999999802
STATEWIDE,3,2012,Total,691297.0014940514
STATEWIDE,5,2012,Domestic,444670.15817322163
STATEWIDE,5,2012,International,170486.00000001647
STATEWIDE,5,2012,Total,615156.1581732382
STATEWIDE,11,2012,Domestic,429609.6731457058
STATEWIDE,11,2012,International,204879.99999997034
STATEWIDE,11,2012,Total,634489.6731456761
STATEWIDE,10,2012,Domestic,419205.0627899853
STATEWIDE,10,2012,International,199512.0000000032
STATEWIDE,10,2012,Total,618717.0627899885
STATEWIDE,9,2012,Domestic,380844.79189471714
STATEWIDE,9,2012,International,208055.0000000031
STATEWIDE,9,2012,Total,588899.7918947203
STATEWIDE,4,2013,Domestic,439467.96156862524
STATEWIDE,4,2013,International,190669.9999999913
STATEWIDE,4,2013,Total,630137.9615686166
STATEWIDE,8,2013,Domestic,492011.6595254515
STATEWIDE,8,2013,International,246685.0000000008
STATEWIDE,8,2013,Total,738696.6595254523
STATEWIDE,12,2013,Domestic,461715.63027935335
STATEWIDE,12,2013,International,241880.00000003644
STATEWIDE,12,2013,Total,703595.6302793898
STATEWIDE,2,2013,Domestic,423156.48586197407
STATEWIDE,2,2013,International,215752.00000000128
STATEWIDE,2,2013,Total,638908.4858619754
STATEWIDE,1,2013,Domestic,432635.9734883061
STATEWIDE,1,2013,International,216972.00000002497
STATEWIDE,1,2013,Total,649607.9734883311
STATEWIDE,7,2013,Domestic,533155.6815014811
STATEWIDE,7,2013,International,219709.00000001406
STATEWIDE,7,2013,Total,752864.6815014952
STATEWIDE,6,2013,Domestic,511578.6587306507
STATEWIDE,6,2013,International,199750.00000000367
STATEWIDE,6,2013,Total,711328.6587306544
STATEWIDE,3,2013,Domestic,500356.12756206765
STATEWIDE,3,2013,International,233997.99999998513
STATEWIDE,3,2013,Total,734354.1275620528
STATEWIDE,5,2013,Domestic,448866.74577280245
STATEWIDE,5,2013,International,184559.00000000146
STATEWIDE,5,2013,Total,633425.7457728039
STATEWIDE,11,2013,Domestic,400511.4739481583
STATEWIDE,11,2013,International,208537.99999999185
STATEWIDE,11,2013,Total,609049.4739481502
STATEWIDE,10,2013,Domestic,394453.6744668792
STATEWIDE,10,2013,International,221159.00000002104
STATEWIDE,10,2013,Total,615612.6744669003
STATEWIDE,9,2013,Domestic,367389.476261765
STATEWIDE,9,2013,International,218502.00000000928
STATEWIDE,9,2013,Total,585891.4762617743
STATEWIDE,4,2014,Domestic,438484.09771480836
STATEWIDE,4,2014,International,205476.00000001086
STATEWIDE,4,2014,Total,643960.0977148192
STATEWIDE,8,2014,Domestic,491862.803491935
STATEWIDE,8,2014,International,243895.00000000183
STATEWIDE,8,2014,Total,735757.8034919369
STATEWIDE,12,2014,Domestic,499700.6226777006
STATEWIDE,12,2014,International,254581.00000003105
STATEWIDE,12,2014,Total,754281.6226777317
STATEWIDE,2,2014,Domestic,411123.76219943416
STATEWIDE,2,2014,International,224434.0000000106
STATEWIDE,2,2014,Total,635557.7621994447
STATEWIDE,1,2014,Domestic,427562.76628164604
STATEWIDE,1,2014,International,243596.999999991
STATEWIDE,1,2014,Total,671159.766281637
STATEWIDE,7,2014,Domestic,545268.8569257198
STATEWIDE,7,2014,International,228357.00000001575
STATEWIDE,7,2014,Total,773625.8569257355
STATEWIDE,6,2014,Domestic,513151.2336433949
STATEWIDE,6,2014,International,210860.99999999028
STATEWIDE,6,2014,Total,724012.2336433851
STATEWIDE,3,2014,Domestic,480195.0995037849
STATEWIDE,3,2014,International,241719.99999996854
STATEWIDE,3,2014,Total,721915.0995037535
STATEWIDE,5,2014,Domestic,450390.3188234588
STATEWIDE,5,2014,International,193395.99999999884
STATEWIDE,5,2014,Total,643786.3188234577
STATEWIDE,11,2014,Domestic,412580.2840395007
STATEWIDE,11,2014,International,217810.9999999748
STATEWIDE,11,2014,Total,630391.2840394755
STATEWIDE,10,2014,Domestic,428510.3311290264
STATEWIDE,10,2014,International,222128.00000000052
STATEWIDE,10,2014,Total,650638.331129027
STATEWIDE,9,2014,Domestic,387228.75782512437
STATEWIDE,9,2014,International,224026.99999999278
STATEWIDE,9,2014,Total,611255.7578251171
STATEWIDE,4,2015,Domestic,460032.4836588178
STATEWIDE,4,2015,International,207755.000000014
STATEWIDE,4,2015,Total,667787.4836588318
STATEWIDE,8,2015,Domestic,506339.031268151
STATEWIDE,8,2015,International,251200.00000000108
STATEWIDE,8,2015,Total,757539.0312681521
STATEWIDE,12,2015,Domestic,530957.1966223745
STATEWIDE,12,2015,International,261785.00000001624
STATEWIDE,12,2015,Total,792742.1966223908
STATEWIDE,2,2015,Domestic,420485.01267909625
STATEWIDE,2,2015,International,233166.9999999746
STATEWIDE,2,2015,Total,653652.0126790708
STATEWIDE,1,2015,Domestic,433291.09534064407
STATEWIDE,1,2015,International,242930.00000002427
STATEWIDE,1,2015,Total,676221.0953406683
STATEWIDE,7,2015,Domestic,576262.5999466738
STATEWIDE,7,2015,International,239337.00000000413
STATEWIDE,7,2015,Total,815599.5999466779
STATEWIDE,6,2015,Domestic,563332.3457000409
STATEWIDE,6,2015,International,213639.99999998583
STATEWIDE,6,2015,Total,776972.3457000267
STATEWIDE,3,2015,Domestic,518203.821717153
STATEWIDE,3,2015,International,249784.99999998877
STATEWIDE,3,2015,Total,767988.8217171418
STATEWIDE,5,2015,Domestic,490034.6504143649
STATEWIDE,5,2015,International,211011.9999999984
STATEWIDE,5,2015,Total,701046.6504143632
STATEWIDE,11,2015,Domestic,434376.5760925182
STATEWIDE,11,2015,International,225154.00000000186
STATEWIDE,11,2015,Total,659530.57609252
STATEWIDE,10,2015,Domestic,447790.18171232543
STATEWIDE,10,2015,International,222249.00000000154
STATEWIDE,10,2015,Total,670039.181712327
STATEWIDE,9,2015,Domestic,401034.781236003
STATEWIDE,9,2015,International,222863.999999989
STATEWIDE,9,2015,Total,623898.781235992
STATEWIDE,4,2016,Domestic,459230.9411730246
STATEWIDE,4,2016,International,218147.00000000183
STATEWIDE,4,2016,Total,677377.9411730265
STATEWIDE,8,2016,Domestic,521453.00802319084
STATEWIDE,8,2016,International,254167.99999999758
STATEWIDE,8,2016,Total,775621.0080231884
STATEWIDE,12,2016,Domestic,559751.607640351
STATEWIDE,12,2016,International,259522.000000012
STATEWIDE,12,2016,Total,819273.607640363
STATEWIDE,2,2016,Domestic,446494.4553555777
STATEWIDE,2,2016,International,239062.99999999913
STATEWIDE,2,2016,Total,685557.4553555768
STATEWIDE,1,2016,Domestic,454619.8001069133
STATEWIDE,1,2016,International,257248.00000002104
STATEWIDE,1,2016,Total,711867.8001069344
STATEWIDE,7,2016,Domestic,592691.6023583674
STATEWIDE,7,2016,International,239794.00000000064
STATEWIDE,7,2016,Total,832485.602358368
STATEWIDE,6,2016,Domestic,573952.8806226946
STATEWIDE,6,2016,International,224141.99999999968
STATEWIDE,6,2016,Total,798094.8806226943
STATEWIDE,3,2016,Domestic,526555.6660954605
STATEWIDE,3,2016,International,249424.99999999354
STATEWIDE,3,2016,Total,775980.666095454
STATEWIDE,5,2016,Domestic,499704.9784168648
STATEWIDE,5,2016,International,207688.99999999488
STATEWIDE,5,2016,Total,707393.9784168596
STATEWIDE,11,2016,Domestic,445308.9575361569
STATEWIDE,11,2016,International,241894.99999999328
STATEWIDE,11,2016,Total,687203.9575361501
STATEWIDE,10,2016,Domestic,461141.13500530954
STATEWIDE,10,2016,International,232100.99999999313
STATEWIDE,10,2016,Total,693242.1350053027
STATEWIDE,9,2016,Domestic,427874.38642282673
STATEWIDE,9,2016,International,229828.9999999981
STATEWIDE,9,2016,Total,657703.3864228248
STATEWIDE,4,2017,Domestic,499238.3410590113
STATEWIDE,4,2017,International,243235.99999999494
STATEWIDE,4,2017,Total,742474.3410604482
STATEWIDE,8,2017,Domestic,543972.4543064422
STATEWIDE,8,2017,International,272569.00000000774
STATEWIDE,8,2017,Total,816541.4543052454
STATEWIDE,12,2017,Domestic,589614.9838996618
STATEWIDE,12,2017,International,278484.99999999127
STATEWIDE,12,2017,Total,868099.9839009782
STATEWIDE,2,2017,Domestic,447282.32182489394
STATEWIDE,2,2017,International,247427.99999999633
STATEWIDE,2,2017,Total,694710.3218233215
STATEWIDE,1,2017,Domestic,466674.5421245066
STATEWIDE,1,2017,International,274608.00000000617
STATEWIDE,1,2017,Total,741282.5421255988
STATEWIDE,7,2017,Domestic,630313.157221123
STATEWIDE,7,2017,International,261863.00000000978
STATEWIDE,7,2017,Total,892176.1572217313
STATEWIDE,6,2017,Domestic,597545.7150734734
STATEWIDE,6,2017,International,237818.99999999092
STATEWIDE,6,2017,Total,835364.7150725961
STATEWIDE,3,2017,Domestic,537414.0409860644
STATEWIDE,3,2017,International,259980.000000015
STATEWIDE,3,2017,Total,797394.0409856942
STATEWIDE,5,2017,Domestic,521135.8096063213
STATEWIDE,5,2017,International,219037.00000000314
STATEWIDE,5,2017,Total,740172.8096047279
STATEWIDE,11,2017,Domestic,478099.86039057997
STATEWIDE,11,2017,International,261572.00000000233
STATEWIDE,11,2017,Total,739671.8603905677
STATEWIDE,10,2017,Domestic,481099.3962554516
STATEWIDE,10,2017,International,237861.99999999916
STATEWIDE,10,2017,Total,718961.396254178
STATEWIDE,9,2017,Domestic,447356.96670207684
STATEWIDE,9,2017,International,243405.99999999488
STATEWIDE,9,2017,Total,690762.966705048
STATEWIDE,4,2018,Domestic,533128.0728167845
STATEWIDE,4,2018,International,245833.00000001147
STATEWIDE,4,2018,Total,778961.0728171351
STATEWIDE,8,2018,Domestic,571580.626655803
STATEWIDE,8,2018,International,272003.9999999871
STATEWIDE,8,2018,Total,843584.6266561006
STATEWIDE,12,2018,Domestic,618724.8636033841
STATEWIDE,12,2018,International,264728.00000001315
STATEWIDE,12,2018,Total,883452.8636031561
STATEWIDE,2,2018,Domestic,497620.629021112
STATEWIDE,2,2018,International,264358.0000000174
STATEWIDE,2,2018,Total,761978.6290183297
STATEWIDE,1,2018,Domestic,509493.0833628007
STATEWIDE,1,2018,International,273205.99999999313
STATEWIDE,1,2018,Total,782699.0833656249
STATEWIDE,7,2018,Domestic,676433.8755150869
STATEWIDE,7,2018,International,257831.00000000576
STATEWIDE,7,2018,Total,934264.8755148788
STATEWIDE,6,2018,Domestic,650145.8548150917
STATEWIDE,6,2018,International,239718.00000001938
STATEWIDE,6,2018,Total,889863.8548150037
STATEWIDE,3,2018,Domestic,607474.178125671
STATEWIDE,3,2018,International,275949.9999999989
STATEWIDE,3,2018,Total,883424.1781248538
STATEWIDE,5,2018,Domestic,569137.7544743639
STATEWIDE,5,2018,International,219753.00000001417
STATEWIDE,5,2018,Total,788890.7544737274
STATEWIDE,11,2018,Domestic,517156.2291638588
STATEWIDE,11,2018,International,249474.9999999973
STATEWIDE,11,2018,Total,766631.2291628594
STATEWIDE,10,2018,Domestic,514006.22295417404
STATEWIDE,10,2018,International,227268.00000001502
STATEWIDE,10,2018,Total,741274.2229535693
STATEWIDE,9,2018,Domestic,471834.6654813398
STATEWIDE,9,2018,International,234588.00000001714
STATEWIDE,9,2018,Total,706422.6654804075
STATEWIDE,4,2019,Domestic,578158.984208346
STATEWIDE,4,2019,International,246451.00000001118
STATEWIDE,4,2019,Total,824609.9842086363
STATEWIDE,8,2019,Domestic,662487.8878573031
STATEWIDE,8,2019,International,263929.00000001554
STATEWIDE,8,2019,Total,926416.8878581753
STATEWIDE,12,2019,Domestic,674410.251242374
STATEWIDE,12,2019,International,266717.99999999144
STATEWIDE,12,2019,Total,941128.2512434513
STATEWIDE,2,2019,Domestic,510144.5822293815
STATEWIDE,2,2019,International,254368.0000000126
STATEWIDE,2,2019,Total,764512.5822317015
STATEWIDE,1,2019,Domestic,524706.0140327634
STATEWIDE,1,2019,International,280860.9999999849
STATEWIDE,1,2019,Total,805567.0140353412
STATEWIDE,7,2019,Domestic,740482.3618918012
STATEWIDE,7,2019,International,254727.99999999683
STATEWIDE,7,2019,Total,995210.3618897174
STATEWIDE,6,2019,Domestic,715089.4008632208
STATEWIDE,6,2019,International,231283.99999999793
STATEWIDE,6,2019,Total,946373.4008640491
STATEWIDE,3,2019,Domestic,647169.7535397749
STATEWIDE,3,2019,International,269856.000000005
STATEWIDE,3,2019,Total,917025.753538293
STATEWIDE,5,2019,Domestic,622724.5060223878
STATEWIDE,5,2019,International,213332.99999999756
STATEWIDE,5,2019,Total,836057.5060219272
STATEWIDE,11,2019,Domestic,545666.6035225709
STATEWIDE,11,2019,International,246880.00000001548
STATEWIDE,11,2019,Total,792546.6035212232
STATEWIDE,10,2019,Domestic,548178.1765755211
STATEWIDE,10,2019,International,227497.00000000274
STATEWIDE,10,2019,Total,775675.1765763977
STATEWIDE,9,2019,Domestic,484587.5019831065
STATEWIDE,9,2019,International,233453.99999998437
STATEWIDE,9,2019,Total,718041.5019818651
STATEWIDE,4,2020,Domestic,4566.573778723574
STATEWIDE,4,2020,International,418.00000000000017
STATEWIDE,4,2020,Total,4984.573778723548
STATEWIDE,8,2020,Domestic,22347.188443394458
STATEWIDE,8,2020,International,1008.9999999999923
STATEWIDE,8,2020,Total,23356.18844339482
STATEWIDE,12,2020,Domestic,230782.0607450906
STATEWIDE,12,2020,International,5792.999999999998
STATEWIDE,12,2020,Total,236575.0607451086
STATEWIDE,2,2020,Domestic,574272.2620551209
STATEWIDE,2,2020,International,234552.0000000047
STATEWIDE,2,2020,Total,808824.2620543762
STATEWIDE,1,2020,Domestic,575463.6192928044
STATEWIDE,1,2020,International,270673.00000000367
STATEWIDE,1,2020,Total,846136.6192948758
STATEWIDE,7,2020,Domestic,21567.691018108406
STATEWIDE,7,2020,International,1005.9999999999973
STATEWIDE,7,2020,Total,22573.691018108944
STATEWIDE,6,2020,Domestic,17095.233595982427
STATEWIDE,6,2020,International,637.9999999999991
STATEWIDE,6,2020,Total,17733.23359598237
STATEWIDE,3,2020,Domestic,333722.27381034434
STATEWIDE,3,2020,International,95275.00000000435
STATEWIDE,3,2020,Total,428997.27381021116
STATEWIDE,5,2020,Domestic,9805.89769501524
STATEWIDE,5,2020,International,207.00000000000003
STATEWIDE,5,2020,Total,10012.897695015272
STATEWIDE,11,2020,Domestic,182865.88221075246
STATEWIDE,11,2020,International,913.0000000000022
STATEWIDE,11,2020,Total,183778.88221075357
STATEWIDE,10,2020,Domestic,75658.73260387864
STATEWIDE,10,2020,International,1031.9999999999982
STATEWIDE,10,2020,Total,76690.73260387861
STATEWIDE,9,2020,Domestic,17541.446225399086
STATEWIDE,9,2020,International,867.9999999999998
STATEWIDE,9,2020,Total,18409.446225399413
STATEWIDE,4,2021,Domestic,482270.2812521826
STATEWIDE,4,2021,International,2276.9999999999945
STATEWIDE,4,2021,Total,484547.28125220526
STATEWIDE,8,2021,Domestic,714147.6908779864
STATEWIDE,8,2021,International,8869.000000000686
STATEWIDE,8,2021,Total,723016.6908779991
STATEWIDE,12,2021,Domestic,705876.2335628066
STATEWIDE,12,2021,International,46963.999999999556
STATEWIDE,12,2021,Total,752840.2335625879
STATEWIDE,2,2021,Domestic,233611.1860006779
STATEWIDE,2,2021,International,1660.000000000007
STATEWIDE,2,2021,Total,235271.18600068073
STATEWIDE,1,2021,Domestic,167886.52012848476
STATEWIDE,1,2021,International,4092.9999999998
STATEWIDE,1,2021,Total,171979.52012846753
STATEWIDE,7,2021,Domestic,874291.8622288164
STATEWIDE,7,2021,International,5261.999999999865
STATEWIDE,7,2021,Total,879553.8622288166
STATEWIDE,6,2021,Domestic,787872.395776625
STATEWIDE,6,2021,International,3647.9999999999573
STATEWIDE,6,2021,Total,791520.3957765981
STATEWIDE,3,2021,Domestic,437960.11428442143
STATEWIDE,3,2021,International,1835.9999999999836
STATEWIDE,3,2021,Total,439796.11428442795
STATEWIDE,5,2021,Domestic,627113.6958534066
STATEWIDE,5,2021,International,2732.9999999999472
STATEWIDE,5,2021,Total,629846.6958534014
STATEWIDE,11,2021,Domestic,587288.5488285528
STATEWIDE,11,2021,International,26729.00000000049
STATEWIDE,11,2021,Total,614017.548828735
STATEWIDE,10,2021,Domestic,539544.9968652226
STATEWIDE,10,2021,International,11239.999999999534
STATEWIDE,10,2021,Total,550784.9968652069
STATEWIDE,9,2021,Domestic,498915.73757816426
STATEWIDE,9,2021,International,5670.000000000132
STATEWIDE,9,2021,Total,504585.7375782139
STATEWIDE,4,2022,Domestic,740243.3150596584
STATEWIDE,4,2022,International,69255.00000000132
STATEWIDE,4,2022,Total,809498.3150597567
STATEWIDE,8,2022,Domestic,741184.946128161
STATEWIDE,8,2022,International,88587.00000000278
STATEWIDE,8,2022,Total,829771.946128093
STATEWIDE,12,2022,Domestic,719974.3425095229
STATEWIDE,12,2022,International,138294.9999999954
STATEWIDE,12,2022,Total,858269.3425105625
STATEWIDE,2,2022,Domestic,578346.2365138647
STATEWIDE,2,2022,International,34738.99999999951
STATEWIDE,2,2022,Total,613085.2365141731
STATEWIDE,1,2022,Domestic,533656.1440252049
STATEWIDE,1,2022,International,33445.00000000057
STATEWIDE,1,2022,Total,567101.1440252537
STATEWIDE,7,2022,Domestic,833020.1657172837
STATEWIDE,7,2022,International,85595.99999999955
STATEWIDE,7,2022,Total,918616.1657172788
STATEWIDE,6,2022,Domestic,783418.4062295412
STATEWIDE,6,2022,International,57690.00000000042
STATEWIDE,6,2022,Total,841108.4062295519
STATEWIDE,3,2022,Domestic,720957.4917307094
STATEWIDE,3,2022,International,67952.9999999988
STATEWIDE,3,2022,Total,788910.4917299548
STATEWIDE,5,2022,Domestic,719555.2830390738
STATEWIDE,5,2022,International,54130.000000000095
STATEWIDE,5,2022,Total,773685.2830385136
STATEWIDE,11,2022,Domestic,612793.2152141061
STATEWIDE,11,2022,International,106228.99999999584
STATEWIDE,11,2022,Total,719022.2152144301
STATEWIDE,10,2022,Domestic,635881.9316085945
STATEWIDE,10,2022,International,91517.99999999633
STATEWIDE,10,2022,Total,727399.931608869
STATEWIDE,9,2022,Domestic,614154.2357182328
STATEWIDE,9,2022,International,78050.99999999958
STATEWIDE,9,2022,Total,692205.2357181171
